Fitter report for SOC
Tue Nov 25 02:41:10 2025
Quartus Prime Version 18.0.0 Build 614 04/24/2018 SJ Lite Edition


---------------------
; Table of Contents ;
---------------------
  1. Legal Notice
  2. Fitter Summary
  3. Fitter Settings
  4. Parallel Compilation
  5. Fitter Netlist Optimizations
  6. Incremental Compilation Preservation Summary
  7. Incremental Compilation Partition Settings
  8. Incremental Compilation Placement Preservation
  9. Pin-Out File
 10. Fitter Resource Usage Summary
 11. Fitter Partition Statistics
 12. Input Pins
 13. Output Pins
 14. Bidir Pins
 15. I/O Bank Usage
 16. All Package Pins
 17. I/O Assignment Warnings
 18. Fitter Resource Utilization by Entity
 19. Delay Chain Summary
 20. Pad To Core Delay Chain Fanout
 21. Control Signals
 22. Global & Other Fast Signals
 23. Non-Global High Fan-Out Signals
 24. Fitter RAM Summary
 25. Fitter DSP Block Usage Summary
 26. DSP Block Details
 27. Routing Usage Summary
 28. I/O Rules Summary
 29. I/O Rules Details
 30. I/O Rules Matrix
 31. Fitter Device Options
 32. Operating Settings and Conditions
 33. Estimated Delay Added for Hold Timing Summary
 34. Estimated Delay Added for Hold Timing Details
 35. Fitter Messages
 36. Fitter Suppressed Messages



----------------
; Legal Notice ;
----------------
Copyright (C) 2018  Intel Corporation. All rights reserved.
Your use of Intel Corporation's design tools, logic functions 
and other software and tools, and its AMPP partner logic 
functions, and any output files from any of the foregoing 
(including device programming or simulation files), and any 
associated documentation or information are expressly subject 
to the terms and conditions of the Intel Program License 
Subscription Agreement, the Intel Quartus Prime License Agreement,
the Intel FPGA IP License Agreement, or other applicable license
agreement, including, without limitation, that your use is for
the sole purpose of programming logic devices manufactured by
Intel and sold by Intel or its authorized distributors.  Please
refer to the applicable agreement for further details.



+-------------------------------------------------------------------------------+
; Fitter Summary                                                                ;
+---------------------------------+---------------------------------------------+
; Fitter Status                   ; Successful - Tue Nov 25 02:41:10 2025       ;
; Quartus Prime Version           ; 18.0.0 Build 614 04/24/2018 SJ Lite Edition ;
; Revision Name                   ; SOC                                         ;
; Top-level Entity Name           ; top                                         ;
; Family                          ; Cyclone V                                   ;
; Device                          ; 5CGXFC7C7F23C8                              ;
; Timing Models                   ; Final                                       ;
; Logic utilization (in ALMs)     ; 1,545 / 56,480 ( 3 % )                      ;
; Total registers                 ; 2327                                        ;
; Total pins                      ; 12 / 268 ( 4 % )                            ;
; Total virtual pins              ; 0                                           ;
; Total block memory bits         ; 233,984 / 7,024,640 ( 3 % )                 ;
; Total RAM Blocks                ; 37 / 686 ( 5 % )                            ;
; Total DSP Blocks                ; 3 / 156 ( 2 % )                             ;
; Total HSSI RX PCSs              ; 0 / 6 ( 0 % )                               ;
; Total HSSI PMA RX Deserializers ; 0 / 6 ( 0 % )                               ;
; Total HSSI TX PCSs              ; 0 / 6 ( 0 % )                               ;
; Total HSSI PMA TX Serializers   ; 0 / 6 ( 0 % )                               ;
; Total PLLs                      ; 0 / 13 ( 0 % )                              ;
; Total DLLs                      ; 0 / 4 ( 0 % )                               ;
+---------------------------------+---------------------------------------------+


+----------------------------------------------------------------------------------------------------------------------------------------------------+
; Fitter Settings                                                                                                                                    ;
+--------------------------------------------------------------------+---------------------------------------+---------------------------------------+
; Option                                                             ; Setting                               ; Default Value                         ;
+--------------------------------------------------------------------+---------------------------------------+---------------------------------------+
; Device                                                             ; 5CGXFC7C7F23C8                        ;                                       ;
; Minimum Core Junction Temperature                                  ; 0                                     ;                                       ;
; Maximum Core Junction Temperature                                  ; 85                                    ;                                       ;
; Use smart compilation                                              ; Off                                   ; Off                                   ;
; Enable parallel Assembler and Timing Analyzer during compilation   ; On                                    ; On                                    ;
; Enable compact report table                                        ; Off                                   ; Off                                   ;
; Router Timing Optimization Level                                   ; Normal                                ; Normal                                ;
; Perform Clocking Topology Analysis During Routing                  ; Off                                   ; Off                                   ;
; Placement Effort Multiplier                                        ; 1.0                                   ; 1.0                                   ;
; Device initialization clock source                                 ; INIT_INTOSC                           ; INIT_INTOSC                           ;
; Optimize Hold Timing                                               ; All Paths                             ; All Paths                             ;
; Optimize Multi-Corner Timing                                       ; On                                    ; On                                    ;
; Auto RAM to MLAB Conversion                                        ; On                                    ; On                                    ;
; Equivalent RAM and MLAB Power Up                                   ; Auto                                  ; Auto                                  ;
; Equivalent RAM and MLAB Paused Read Capabilities                   ; Care                                  ; Care                                  ;
; Power Optimization During Fitting                                  ; Normal compilation                    ; Normal compilation                    ;
; SSN Optimization                                                   ; Off                                   ; Off                                   ;
; Optimize Timing                                                    ; Normal compilation                    ; Normal compilation                    ;
; Optimize Timing for ECOs                                           ; Off                                   ; Off                                   ;
; Regenerate Full Fit Report During ECO Compiles                     ; Off                                   ; Off                                   ;
; Optimize IOC Register Placement for Timing                         ; Normal                                ; Normal                                ;
; Final Placement Optimizations                                      ; Automatically                         ; Automatically                         ;
; Fitter Aggressive Routability Optimizations                        ; Automatically                         ; Automatically                         ;
; Fitter Initial Placement Seed                                      ; 1                                     ; 1                                     ;
; Periphery to Core Placement and Routing Optimization               ; Off                                   ; Off                                   ;
; Weak Pull-Up Resistor                                              ; Off                                   ; Off                                   ;
; Enable Bus-Hold Circuitry                                          ; Off                                   ; Off                                   ;
; Auto Packed Registers                                              ; Auto                                  ; Auto                                  ;
; Auto Delay Chains                                                  ; On                                    ; On                                    ;
; Auto Delay Chains for High Fanout Input Pins                       ; Off                                   ; Off                                   ;
; Treat Bidirectional Pin as Output Pin                              ; Off                                   ; Off                                   ;
; Perform Physical Synthesis for Combinational Logic for Fitting     ; Off                                   ; Off                                   ;
; Perform Physical Synthesis for Combinational Logic for Performance ; Off                                   ; Off                                   ;
; Perform Register Duplication for Performance                       ; Off                                   ; Off                                   ;
; Perform Register Retiming for Performance                          ; Off                                   ; Off                                   ;
; Perform Asynchronous Signal Pipelining                             ; Off                                   ; Off                                   ;
; Fitter Effort                                                      ; Auto Fit                              ; Auto Fit                              ;
; Physical Synthesis Effort Level                                    ; Normal                                ; Normal                                ;
; Logic Cell Insertion - Logic Duplication                           ; Auto                                  ; Auto                                  ;
; Auto Register Duplication                                          ; Auto                                  ; Auto                                  ;
; Auto Global Clock                                                  ; On                                    ; On                                    ;
; Auto Global Register Control Signals                               ; On                                    ; On                                    ;
; Reserve all unused pins                                            ; As input tri-stated with weak pull-up ; As input tri-stated with weak pull-up ;
; Synchronizer Identification                                        ; Auto                                  ; Auto                                  ;
; Enable Beneficial Skew Optimization                                ; On                                    ; On                                    ;
; Optimize Design for Metastability                                  ; On                                    ; On                                    ;
; Active Serial clock source                                         ; FREQ_100MHz                           ; FREQ_100MHz                           ;
; Force Fitter to Avoid Periphery Placement Warnings                 ; Off                                   ; Off                                   ;
; Clamping Diode                                                     ; Off                                   ; Off                                   ;
; Enable input tri-state on active configuration pins in user mode   ; Off                                   ; Off                                   ;
; Advanced Physical Optimization                                     ; On                                    ; On                                    ;
+--------------------------------------------------------------------+---------------------------------------+---------------------------------------+


+------------------------------------------+
; Parallel Compilation                     ;
+----------------------------+-------------+
; Processors                 ; Number      ;
+----------------------------+-------------+
; Number detected on machine ; 16          ;
; Maximum allowed            ; 16          ;
;                            ;             ;
; Average used               ; 1.10        ;
; Maximum used               ; 16          ;
;                            ;             ;
; Usage by Processor         ; % Time Used ;
;     Processor 1            ; 100.0%      ;
;     Processor 2            ;   0.8%      ;
;     Processor 3            ;   0.8%      ;
;     Processor 4            ;   0.8%      ;
;     Processor 5            ;   0.7%      ;
;     Processor 6            ;   0.7%      ;
;     Processor 7            ;   0.7%      ;
;     Processor 8            ;   0.7%      ;
;     Processor 9            ;   0.7%      ;
;     Processor 10           ;   0.7%      ;
;     Processor 11           ;   0.7%      ;
;     Processor 12           ;   0.7%      ;
;     Processor 13           ;   0.7%      ;
;     Processor 14           ;   0.7%      ;
;     Processor 15           ;   0.7%      ;
;     Processor 16           ;   0.6%      ;
+----------------------------+-------------+


+----------------------------------------------------------------------------------------------------------------------------------------------------------------------------------------------------------------------------------------------------------------------------------------------------------------------------------------------------------------------------------------------------------------------------------------------------------------------------------------------------------------------------------------------------------------------------------------------------------------------------------------------------------------------------------------------------------------------------------------------------------------------------------------------------------------------------------------------------------------------------------------------------------+
; Fitter Netlist Optimizations                                                                                                                                                                                                                                                                                                                                                                                                                                                                                                                                                                                                                                                                                                                                                                                                                                                                             ;
+----------------------------------------------------------------------------------------------------------------------------------------------------------------------------------------------------------------------------------------------------------------------------------------------------------------------------------------------------------+-----------------+---------------------------------------------------+----------------------------+-----------+----------------+--------------------------------------------------------------------------------------------------------------------------------------------------------------------------------------------------------------------------------------------------------------------------------------------------------------------------------------------------------------------+------------------+-----------------------+
; Node                                                                                                                                                                                                                                                                                                                                                     ; Action          ; Operation                                         ; Reason                     ; Node Port ; Node Port Name ; Destination Node                                                                                                                                                                                                                                                                                                                                                   ; Destination Port ; Destination Port Name ;
+----------------------------------------------------------------------------------------------------------------------------------------------------------------------------------------------------------------------------------------------------------------------------------------------------------------------------------------------------------+-----------------+---------------------------------------------------+----------------------------+-----------+----------------+--------------------------------------------------------------------------------------------------------------------------------------------------------------------------------------------------------------------------------------------------------------------------------------------------------------------------------------------------------------------+------------------+-----------------------+
; CLOCK_50~inputCLKENA0                                                                                                                                                                                                                                                                                                                                    ; Created         ; Placement                                         ; Fitter Periphery Placement ;           ;                ;                                                                                                                                                                                                                                                                                                                                                                    ;                  ;                       ;
; SOC:u0|SOC_NIOS:nios|SOC_NIOS_cpu:cpu|D_bht_data[0]                                                                                                                                                                                                                                                                                                      ; Packed Register ; Register Packing                                  ; Timing optimization        ; Q         ;                ; SOC:u0|SOC_NIOS:nios|SOC_NIOS_cpu:cpu|SOC_NIOS_cpu_bht_module:SOC_NIOS_cpu_bht|altsyncram:the_altsyncram|altsyncram_pdj1:auto_generated|q_b[0]                                                                                                                                                                                                                     ; PORTBDATAOUT     ;                       ;
; SOC:u0|SOC_NIOS:nios|SOC_NIOS_cpu:cpu|D_bht_data[1]                                                                                                                                                                                                                                                                                                      ; Packed Register ; Register Packing                                  ; Timing optimization        ; Q         ;                ; SOC:u0|SOC_NIOS:nios|SOC_NIOS_cpu:cpu|SOC_NIOS_cpu_bht_module:SOC_NIOS_cpu_bht|altsyncram:the_altsyncram|altsyncram_pdj1:auto_generated|q_b[1]                                                                                                                                                                                                                     ; PORTBDATAOUT     ;                       ;
; SOC:u0|SOC_NIOS:nios|SOC_NIOS_cpu:cpu|E_src2[16]                                                                                                                                                                                                                                                                                                         ; Packed Register ; Register Packing                                  ; Timing optimization        ; Q         ;                ; SOC:u0|SOC_NIOS:nios|SOC_NIOS_cpu:cpu|SOC_NIOS_cpu_mult_cell:the_SOC_NIOS_cpu_mult_cell|altera_mult_add:the_altmult_add_p2|altera_mult_add_37p2:auto_generated|altera_mult_add_rtl:altera_mult_add_rtl1|ama_multiplier_function:multiplier_block|ama_register_function:multiplier_register_block_0|data_out_wire[0]                                                ; AX               ;                       ;
; SOC:u0|SOC_NIOS:nios|SOC_NIOS_cpu:cpu|E_src2[16]                                                                                                                                                                                                                                                                                                         ; Duplicated      ; Register Packing                                  ; Timing optimization        ; Q         ;                ; SOC:u0|SOC_NIOS:nios|SOC_NIOS_cpu:cpu|E_src2[16]~_Duplicate_1                                                                                                                                                                                                                                                                                                      ; Q                ;                       ;
; SOC:u0|SOC_NIOS:nios|SOC_NIOS_cpu:cpu|E_src2[16]~SCLR_LUT                                                                                                                                                                                                                                                                                                ; Created         ; Register Packing                                  ; Timing optimization        ;           ;                ;                                                                                                                                                                                                                                                                                                                                                                    ;                  ;                       ;
; SOC:u0|SOC_NIOS:nios|SOC_NIOS_cpu:cpu|E_src2[17]                                                                                                                                                                                                                                                                                                         ; Packed Register ; Register Packing                                  ; Timing optimization        ; Q         ;                ; SOC:u0|SOC_NIOS:nios|SOC_NIOS_cpu:cpu|SOC_NIOS_cpu_mult_cell:the_SOC_NIOS_cpu_mult_cell|altera_mult_add:the_altmult_add_p2|altera_mult_add_37p2:auto_generated|altera_mult_add_rtl:altera_mult_add_rtl1|ama_multiplier_function:multiplier_block|ama_register_function:multiplier_register_block_0|data_out_wire[0]                                                ; AX               ;                       ;
; SOC:u0|SOC_NIOS:nios|SOC_NIOS_cpu:cpu|E_src2[17]                                                                                                                                                                                                                                                                                                         ; Duplicated      ; Register Packing                                  ; Timing optimization        ; Q         ;                ; SOC:u0|SOC_NIOS:nios|SOC_NIOS_cpu:cpu|E_src2[17]~_Duplicate_1                                                                                                                                                                                                                                                                                                      ; Q                ;                       ;
; SOC:u0|SOC_NIOS:nios|SOC_NIOS_cpu:cpu|E_src2[17]~SCLR_LUT                                                                                                                                                                                                                                                                                                ; Created         ; Register Packing                                  ; Timing optimization        ;           ;                ;                                                                                                                                                                                                                                                                                                                                                                    ;                  ;                       ;
; SOC:u0|SOC_NIOS:nios|SOC_NIOS_cpu:cpu|E_src2[18]                                                                                                                                                                                                                                                                                                         ; Packed Register ; Register Packing                                  ; Timing optimization        ; Q         ;                ; SOC:u0|SOC_NIOS:nios|SOC_NIOS_cpu:cpu|SOC_NIOS_cpu_mult_cell:the_SOC_NIOS_cpu_mult_cell|altera_mult_add:the_altmult_add_p2|altera_mult_add_37p2:auto_generated|altera_mult_add_rtl:altera_mult_add_rtl1|ama_multiplier_function:multiplier_block|ama_register_function:multiplier_register_block_0|data_out_wire[0]                                                ; AX               ;                       ;
; SOC:u0|SOC_NIOS:nios|SOC_NIOS_cpu:cpu|E_src2[18]                                                                                                                                                                                                                                                                                                         ; Duplicated      ; Register Packing                                  ; Timing optimization        ; Q         ;                ; SOC:u0|SOC_NIOS:nios|SOC_NIOS_cpu:cpu|E_src2[18]~_Duplicate_1                                                                                                                                                                                                                                                                                                      ; Q                ;                       ;
; SOC:u0|SOC_NIOS:nios|SOC_NIOS_cpu:cpu|E_src2[18]~SCLR_LUT                                                                                                                                                                                                                                                                                                ; Created         ; Register Packing                                  ; Timing optimization        ;           ;                ;                                                                                                                                                                                                                                                                                                                                                                    ;                  ;                       ;
; SOC:u0|SOC_NIOS:nios|SOC_NIOS_cpu:cpu|E_src2[19]                                                                                                                                                                                                                                                                                                         ; Packed Register ; Register Packing                                  ; Timing optimization        ; Q         ;                ; SOC:u0|SOC_NIOS:nios|SOC_NIOS_cpu:cpu|SOC_NIOS_cpu_mult_cell:the_SOC_NIOS_cpu_mult_cell|altera_mult_add:the_altmult_add_p2|altera_mult_add_37p2:auto_generated|altera_mult_add_rtl:altera_mult_add_rtl1|ama_multiplier_function:multiplier_block|ama_register_function:multiplier_register_block_0|data_out_wire[0]                                                ; AX               ;                       ;
; SOC:u0|SOC_NIOS:nios|SOC_NIOS_cpu:cpu|E_src2[19]                                                                                                                                                                                                                                                                                                         ; Duplicated      ; Register Packing                                  ; Timing optimization        ; Q         ;                ; SOC:u0|SOC_NIOS:nios|SOC_NIOS_cpu:cpu|E_src2[19]~_Duplicate_1                                                                                                                                                                                                                                                                                                      ; Q                ;                       ;
; SOC:u0|SOC_NIOS:nios|SOC_NIOS_cpu:cpu|E_src2[19]~SCLR_LUT                                                                                                                                                                                                                                                                                                ; Created         ; Register Packing                                  ; Timing optimization        ;           ;                ;                                                                                                                                                                                                                                                                                                                                                                    ;                  ;                       ;
; SOC:u0|SOC_NIOS:nios|SOC_NIOS_cpu:cpu|E_src2[20]                                                                                                                                                                                                                                                                                                         ; Packed Register ; Register Packing                                  ; Timing optimization        ; Q         ;                ; SOC:u0|SOC_NIOS:nios|SOC_NIOS_cpu:cpu|SOC_NIOS_cpu_mult_cell:the_SOC_NIOS_cpu_mult_cell|altera_mult_add:the_altmult_add_p2|altera_mult_add_37p2:auto_generated|altera_mult_add_rtl:altera_mult_add_rtl1|ama_multiplier_function:multiplier_block|ama_register_function:multiplier_register_block_0|data_out_wire[0]                                                ; AX               ;                       ;
; SOC:u0|SOC_NIOS:nios|SOC_NIOS_cpu:cpu|E_src2[20]                                                                                                                                                                                                                                                                                                         ; Duplicated      ; Register Packing                                  ; Timing optimization        ; Q         ;                ; SOC:u0|SOC_NIOS:nios|SOC_NIOS_cpu:cpu|E_src2[20]~_Duplicate_1                                                                                                                                                                                                                                                                                                      ; Q                ;                       ;
; SOC:u0|SOC_NIOS:nios|SOC_NIOS_cpu:cpu|E_src2[20]~SCLR_LUT                                                                                                                                                                                                                                                                                                ; Created         ; Register Packing                                  ; Timing optimization        ;           ;                ;                                                                                                                                                                                                                                                                                                                                                                    ;                  ;                       ;
; SOC:u0|SOC_NIOS:nios|SOC_NIOS_cpu:cpu|E_src2[21]                                                                                                                                                                                                                                                                                                         ; Packed Register ; Register Packing                                  ; Timing optimization        ; Q         ;                ; SOC:u0|SOC_NIOS:nios|SOC_NIOS_cpu:cpu|SOC_NIOS_cpu_mult_cell:the_SOC_NIOS_cpu_mult_cell|altera_mult_add:the_altmult_add_p2|altera_mult_add_37p2:auto_generated|altera_mult_add_rtl:altera_mult_add_rtl1|ama_multiplier_function:multiplier_block|ama_register_function:multiplier_register_block_0|data_out_wire[0]                                                ; AX               ;                       ;
; SOC:u0|SOC_NIOS:nios|SOC_NIOS_cpu:cpu|E_src2[21]                                                                                                                                                                                                                                                                                                         ; Duplicated      ; Register Packing                                  ; Timing optimization        ; Q         ;                ; SOC:u0|SOC_NIOS:nios|SOC_NIOS_cpu:cpu|E_src2[21]~_Duplicate_1                                                                                                                                                                                                                                                                                                      ; Q                ;                       ;
; SOC:u0|SOC_NIOS:nios|SOC_NIOS_cpu:cpu|E_src2[21]~SCLR_LUT                                                                                                                                                                                                                                                                                                ; Created         ; Register Packing                                  ; Timing optimization        ;           ;                ;                                                                                                                                                                                                                                                                                                                                                                    ;                  ;                       ;
; SOC:u0|SOC_NIOS:nios|SOC_NIOS_cpu:cpu|E_src2[22]                                                                                                                                                                                                                                                                                                         ; Packed Register ; Register Packing                                  ; Timing optimization        ; Q         ;                ; SOC:u0|SOC_NIOS:nios|SOC_NIOS_cpu:cpu|SOC_NIOS_cpu_mult_cell:the_SOC_NIOS_cpu_mult_cell|altera_mult_add:the_altmult_add_p2|altera_mult_add_37p2:auto_generated|altera_mult_add_rtl:altera_mult_add_rtl1|ama_multiplier_function:multiplier_block|ama_register_function:multiplier_register_block_0|data_out_wire[0]                                                ; AX               ;                       ;
; SOC:u0|SOC_NIOS:nios|SOC_NIOS_cpu:cpu|E_src2[22]                                                                                                                                                                                                                                                                                                         ; Duplicated      ; Register Packing                                  ; Timing optimization        ; Q         ;                ; SOC:u0|SOC_NIOS:nios|SOC_NIOS_cpu:cpu|E_src2[22]~_Duplicate_1                                                                                                                                                                                                                                                                                                      ; Q                ;                       ;
; SOC:u0|SOC_NIOS:nios|SOC_NIOS_cpu:cpu|E_src2[22]~SCLR_LUT                                                                                                                                                                                                                                                                                                ; Created         ; Register Packing                                  ; Timing optimization        ;           ;                ;                                                                                                                                                                                                                                                                                                                                                                    ;                  ;                       ;
; SOC:u0|SOC_NIOS:nios|SOC_NIOS_cpu:cpu|E_src2[23]                                                                                                                                                                                                                                                                                                         ; Packed Register ; Register Packing                                  ; Timing optimization        ; Q         ;                ; SOC:u0|SOC_NIOS:nios|SOC_NIOS_cpu:cpu|SOC_NIOS_cpu_mult_cell:the_SOC_NIOS_cpu_mult_cell|altera_mult_add:the_altmult_add_p2|altera_mult_add_37p2:auto_generated|altera_mult_add_rtl:altera_mult_add_rtl1|ama_multiplier_function:multiplier_block|ama_register_function:multiplier_register_block_0|data_out_wire[0]                                                ; AX               ;                       ;
; SOC:u0|SOC_NIOS:nios|SOC_NIOS_cpu:cpu|E_src2[23]                                                                                                                                                                                                                                                                                                         ; Duplicated      ; Register Packing                                  ; Timing optimization        ; Q         ;                ; SOC:u0|SOC_NIOS:nios|SOC_NIOS_cpu:cpu|E_src2[23]~_Duplicate_1                                                                                                                                                                                                                                                                                                      ; Q                ;                       ;
; SOC:u0|SOC_NIOS:nios|SOC_NIOS_cpu:cpu|E_src2[23]~SCLR_LUT                                                                                                                                                                                                                                                                                                ; Created         ; Register Packing                                  ; Timing optimization        ;           ;                ;                                                                                                                                                                                                                                                                                                                                                                    ;                  ;                       ;
; SOC:u0|SOC_NIOS:nios|SOC_NIOS_cpu:cpu|E_src2[24]                                                                                                                                                                                                                                                                                                         ; Packed Register ; Register Packing                                  ; Timing optimization        ; Q         ;                ; SOC:u0|SOC_NIOS:nios|SOC_NIOS_cpu:cpu|SOC_NIOS_cpu_mult_cell:the_SOC_NIOS_cpu_mult_cell|altera_mult_add:the_altmult_add_p2|altera_mult_add_37p2:auto_generated|altera_mult_add_rtl:altera_mult_add_rtl1|ama_multiplier_function:multiplier_block|ama_register_function:multiplier_register_block_0|data_out_wire[0]                                                ; AX               ;                       ;
; SOC:u0|SOC_NIOS:nios|SOC_NIOS_cpu:cpu|E_src2[24]                                                                                                                                                                                                                                                                                                         ; Duplicated      ; Register Packing                                  ; Timing optimization        ; Q         ;                ; SOC:u0|SOC_NIOS:nios|SOC_NIOS_cpu:cpu|E_src2[24]~_Duplicate_1                                                                                                                                                                                                                                                                                                      ; Q                ;                       ;
; SOC:u0|SOC_NIOS:nios|SOC_NIOS_cpu:cpu|E_src2[24]~SCLR_LUT                                                                                                                                                                                                                                                                                                ; Created         ; Register Packing                                  ; Timing optimization        ;           ;                ;                                                                                                                                                                                                                                                                                                                                                                    ;                  ;                       ;
; SOC:u0|SOC_NIOS:nios|SOC_NIOS_cpu:cpu|E_src2[25]                                                                                                                                                                                                                                                                                                         ; Packed Register ; Register Packing                                  ; Timing optimization        ; Q         ;                ; SOC:u0|SOC_NIOS:nios|SOC_NIOS_cpu:cpu|SOC_NIOS_cpu_mult_cell:the_SOC_NIOS_cpu_mult_cell|altera_mult_add:the_altmult_add_p2|altera_mult_add_37p2:auto_generated|altera_mult_add_rtl:altera_mult_add_rtl1|ama_multiplier_function:multiplier_block|ama_register_function:multiplier_register_block_0|data_out_wire[0]                                                ; AX               ;                       ;
; SOC:u0|SOC_NIOS:nios|SOC_NIOS_cpu:cpu|E_src2[25]                                                                                                                                                                                                                                                                                                         ; Duplicated      ; Register Packing                                  ; Timing optimization        ; Q         ;                ; SOC:u0|SOC_NIOS:nios|SOC_NIOS_cpu:cpu|E_src2[25]~_Duplicate_1                                                                                                                                                                                                                                                                                                      ; Q                ;                       ;
; SOC:u0|SOC_NIOS:nios|SOC_NIOS_cpu:cpu|E_src2[25]~SCLR_LUT                                                                                                                                                                                                                                                                                                ; Created         ; Register Packing                                  ; Timing optimization        ;           ;                ;                                                                                                                                                                                                                                                                                                                                                                    ;                  ;                       ;
; SOC:u0|SOC_NIOS:nios|SOC_NIOS_cpu:cpu|E_src2[26]                                                                                                                                                                                                                                                                                                         ; Packed Register ; Register Packing                                  ; Timing optimization        ; Q         ;                ; SOC:u0|SOC_NIOS:nios|SOC_NIOS_cpu:cpu|SOC_NIOS_cpu_mult_cell:the_SOC_NIOS_cpu_mult_cell|altera_mult_add:the_altmult_add_p2|altera_mult_add_37p2:auto_generated|altera_mult_add_rtl:altera_mult_add_rtl1|ama_multiplier_function:multiplier_block|ama_register_function:multiplier_register_block_0|data_out_wire[0]                                                ; AX               ;                       ;
; SOC:u0|SOC_NIOS:nios|SOC_NIOS_cpu:cpu|E_src2[26]                                                                                                                                                                                                                                                                                                         ; Duplicated      ; Register Packing                                  ; Timing optimization        ; Q         ;                ; SOC:u0|SOC_NIOS:nios|SOC_NIOS_cpu:cpu|E_src2[26]~_Duplicate_1                                                                                                                                                                                                                                                                                                      ; Q                ;                       ;
; SOC:u0|SOC_NIOS:nios|SOC_NIOS_cpu:cpu|E_src2[26]~SCLR_LUT                                                                                                                                                                                                                                                                                                ; Created         ; Register Packing                                  ; Timing optimization        ;           ;                ;                                                                                                                                                                                                                                                                                                                                                                    ;                  ;                       ;
; SOC:u0|SOC_NIOS:nios|SOC_NIOS_cpu:cpu|E_src2[27]                                                                                                                                                                                                                                                                                                         ; Packed Register ; Register Packing                                  ; Timing optimization        ; Q         ;                ; SOC:u0|SOC_NIOS:nios|SOC_NIOS_cpu:cpu|SOC_NIOS_cpu_mult_cell:the_SOC_NIOS_cpu_mult_cell|altera_mult_add:the_altmult_add_p2|altera_mult_add_37p2:auto_generated|altera_mult_add_rtl:altera_mult_add_rtl1|ama_multiplier_function:multiplier_block|ama_register_function:multiplier_register_block_0|data_out_wire[0]                                                ; AX               ;                       ;
; SOC:u0|SOC_NIOS:nios|SOC_NIOS_cpu:cpu|E_src2[27]                                                                                                                                                                                                                                                                                                         ; Duplicated      ; Register Packing                                  ; Timing optimization        ; Q         ;                ; SOC:u0|SOC_NIOS:nios|SOC_NIOS_cpu:cpu|E_src2[27]~_Duplicate_1                                                                                                                                                                                                                                                                                                      ; Q                ;                       ;
; SOC:u0|SOC_NIOS:nios|SOC_NIOS_cpu:cpu|E_src2[27]~SCLR_LUT                                                                                                                                                                                                                                                                                                ; Created         ; Register Packing                                  ; Timing optimization        ;           ;                ;                                                                                                                                                                                                                                                                                                                                                                    ;                  ;                       ;
; SOC:u0|SOC_NIOS:nios|SOC_NIOS_cpu:cpu|E_src2[28]                                                                                                                                                                                                                                                                                                         ; Packed Register ; Register Packing                                  ; Timing optimization        ; Q         ;                ; SOC:u0|SOC_NIOS:nios|SOC_NIOS_cpu:cpu|SOC_NIOS_cpu_mult_cell:the_SOC_NIOS_cpu_mult_cell|altera_mult_add:the_altmult_add_p2|altera_mult_add_37p2:auto_generated|altera_mult_add_rtl:altera_mult_add_rtl1|ama_multiplier_function:multiplier_block|ama_register_function:multiplier_register_block_0|data_out_wire[0]                                                ; AX               ;                       ;
; SOC:u0|SOC_NIOS:nios|SOC_NIOS_cpu:cpu|E_src2[28]                                                                                                                                                                                                                                                                                                         ; Duplicated      ; Register Packing                                  ; Timing optimization        ; Q         ;                ; SOC:u0|SOC_NIOS:nios|SOC_NIOS_cpu:cpu|E_src2[28]~_Duplicate_1                                                                                                                                                                                                                                                                                                      ; Q                ;                       ;
; SOC:u0|SOC_NIOS:nios|SOC_NIOS_cpu:cpu|E_src2[28]~SCLR_LUT                                                                                                                                                                                                                                                                                                ; Created         ; Register Packing                                  ; Timing optimization        ;           ;                ;                                                                                                                                                                                                                                                                                                                                                                    ;                  ;                       ;
; SOC:u0|SOC_NIOS:nios|SOC_NIOS_cpu:cpu|E_src2[29]                                                                                                                                                                                                                                                                                                         ; Packed Register ; Register Packing                                  ; Timing optimization        ; Q         ;                ; SOC:u0|SOC_NIOS:nios|SOC_NIOS_cpu:cpu|SOC_NIOS_cpu_mult_cell:the_SOC_NIOS_cpu_mult_cell|altera_mult_add:the_altmult_add_p2|altera_mult_add_37p2:auto_generated|altera_mult_add_rtl:altera_mult_add_rtl1|ama_multiplier_function:multiplier_block|ama_register_function:multiplier_register_block_0|data_out_wire[0]                                                ; AX               ;                       ;
; SOC:u0|SOC_NIOS:nios|SOC_NIOS_cpu:cpu|E_src2[29]                                                                                                                                                                                                                                                                                                         ; Duplicated      ; Register Packing                                  ; Timing optimization        ; Q         ;                ; SOC:u0|SOC_NIOS:nios|SOC_NIOS_cpu:cpu|E_src2[29]~_Duplicate_1                                                                                                                                                                                                                                                                                                      ; Q                ;                       ;
; SOC:u0|SOC_NIOS:nios|SOC_NIOS_cpu:cpu|E_src2[29]~SCLR_LUT                                                                                                                                                                                                                                                                                                ; Created         ; Register Packing                                  ; Timing optimization        ;           ;                ;                                                                                                                                                                                                                                                                                                                                                                    ;                  ;                       ;
; SOC:u0|SOC_NIOS:nios|SOC_NIOS_cpu:cpu|E_src2[30]                                                                                                                                                                                                                                                                                                         ; Packed Register ; Register Packing                                  ; Timing optimization        ; Q         ;                ; SOC:u0|SOC_NIOS:nios|SOC_NIOS_cpu:cpu|SOC_NIOS_cpu_mult_cell:the_SOC_NIOS_cpu_mult_cell|altera_mult_add:the_altmult_add_p2|altera_mult_add_37p2:auto_generated|altera_mult_add_rtl:altera_mult_add_rtl1|ama_multiplier_function:multiplier_block|ama_register_function:multiplier_register_block_0|data_out_wire[0]                                                ; AX               ;                       ;
; SOC:u0|SOC_NIOS:nios|SOC_NIOS_cpu:cpu|E_src2[30]                                                                                                                                                                                                                                                                                                         ; Duplicated      ; Register Packing                                  ; Timing optimization        ; Q         ;                ; SOC:u0|SOC_NIOS:nios|SOC_NIOS_cpu:cpu|E_src2[30]~_Duplicate_1                                                                                                                                                                                                                                                                                                      ; Q                ;                       ;
; SOC:u0|SOC_NIOS:nios|SOC_NIOS_cpu:cpu|E_src2[30]~SCLR_LUT                                                                                                                                                                                                                                                                                                ; Created         ; Register Packing                                  ; Timing optimization        ;           ;                ;                                                                                                                                                                                                                                                                                                                                                                    ;                  ;                       ;
; SOC:u0|SOC_NIOS:nios|SOC_NIOS_cpu:cpu|E_src2[31]                                                                                                                                                                                                                                                                                                         ; Packed Register ; Register Packing                                  ; Timing optimization        ; Q         ;                ; SOC:u0|SOC_NIOS:nios|SOC_NIOS_cpu:cpu|SOC_NIOS_cpu_mult_cell:the_SOC_NIOS_cpu_mult_cell|altera_mult_add:the_altmult_add_p2|altera_mult_add_37p2:auto_generated|altera_mult_add_rtl:altera_mult_add_rtl1|ama_multiplier_function:multiplier_block|ama_register_function:multiplier_register_block_0|data_out_wire[0]                                                ; AX               ;                       ;
; SOC:u0|SOC_NIOS:nios|SOC_NIOS_cpu:cpu|E_src2[31]                                                                                                                                                                                                                                                                                                         ; Duplicated      ; Register Packing                                  ; Timing optimization        ; Q         ;                ; SOC:u0|SOC_NIOS:nios|SOC_NIOS_cpu:cpu|E_src2[31]~_Duplicate_1                                                                                                                                                                                                                                                                                                      ; Q                ;                       ;
; SOC:u0|SOC_NIOS:nios|SOC_NIOS_cpu:cpu|SOC_NIOS_cpu_mult_cell:the_SOC_NIOS_cpu_mult_cell|altera_mult_add:the_altmult_add_p1|altera_mult_add_37p2:auto_generated|altera_mult_add_rtl:altera_mult_add_rtl1|ama_multiplier_function:multiplier_block|ama_register_function:multiplier_register_block_0|data_out_wire[0]                                      ; Packed Register ; Register Packing                                  ; Timing optimization        ; Q         ;                ; SOC:u0|SOC_NIOS:nios|SOC_NIOS_cpu:cpu|SOC_NIOS_cpu_mult_cell:the_SOC_NIOS_cpu_mult_cell|altera_mult_add:the_altmult_add_p1|altera_mult_add_37p2:auto_generated|altera_mult_add_rtl:altera_mult_add_rtl1|ama_multiplier_function:multiplier_block|data_out_wire_0[0]                                                                                                ; RESULTA          ;                       ;
; SOC:u0|SOC_NIOS:nios|SOC_NIOS_cpu:cpu|SOC_NIOS_cpu_mult_cell:the_SOC_NIOS_cpu_mult_cell|altera_mult_add:the_altmult_add_p1|altera_mult_add_37p2:auto_generated|altera_mult_add_rtl:altera_mult_add_rtl1|ama_multiplier_function:multiplier_block|ama_register_function:multiplier_register_block_0|data_out_wire[1]                                      ; Packed Register ; Register Packing                                  ; Timing optimization        ; Q         ;                ; SOC:u0|SOC_NIOS:nios|SOC_NIOS_cpu:cpu|SOC_NIOS_cpu_mult_cell:the_SOC_NIOS_cpu_mult_cell|altera_mult_add:the_altmult_add_p1|altera_mult_add_37p2:auto_generated|altera_mult_add_rtl:altera_mult_add_rtl1|ama_multiplier_function:multiplier_block|ama_register_function:multiplier_register_block_0|data_out_wire[0]                                                ; RESULTA          ;                       ;
; SOC:u0|SOC_NIOS:nios|SOC_NIOS_cpu:cpu|SOC_NIOS_cpu_mult_cell:the_SOC_NIOS_cpu_mult_cell|altera_mult_add:the_altmult_add_p1|altera_mult_add_37p2:auto_generated|altera_mult_add_rtl:altera_mult_add_rtl1|ama_multiplier_function:multiplier_block|ama_register_function:multiplier_register_block_0|data_out_wire[2]                                      ; Packed Register ; Register Packing                                  ; Timing optimization        ; Q         ;                ; SOC:u0|SOC_NIOS:nios|SOC_NIOS_cpu:cpu|SOC_NIOS_cpu_mult_cell:the_SOC_NIOS_cpu_mult_cell|altera_mult_add:the_altmult_add_p1|altera_mult_add_37p2:auto_generated|altera_mult_add_rtl:altera_mult_add_rtl1|ama_multiplier_function:multiplier_block|ama_register_function:multiplier_register_block_0|data_out_wire[0]                                                ; RESULTA          ;                       ;
; SOC:u0|SOC_NIOS:nios|SOC_NIOS_cpu:cpu|SOC_NIOS_cpu_mult_cell:the_SOC_NIOS_cpu_mult_cell|altera_mult_add:the_altmult_add_p1|altera_mult_add_37p2:auto_generated|altera_mult_add_rtl:altera_mult_add_rtl1|ama_multiplier_function:multiplier_block|ama_register_function:multiplier_register_block_0|data_out_wire[3]                                      ; Packed Register ; Register Packing                                  ; Timing optimization        ; Q         ;                ; SOC:u0|SOC_NIOS:nios|SOC_NIOS_cpu:cpu|SOC_NIOS_cpu_mult_cell:the_SOC_NIOS_cpu_mult_cell|altera_mult_add:the_altmult_add_p1|altera_mult_add_37p2:auto_generated|altera_mult_add_rtl:altera_mult_add_rtl1|ama_multiplier_function:multiplier_block|ama_register_function:multiplier_register_block_0|data_out_wire[0]                                                ; RESULTA          ;                       ;
; SOC:u0|SOC_NIOS:nios|SOC_NIOS_cpu:cpu|SOC_NIOS_cpu_mult_cell:the_SOC_NIOS_cpu_mult_cell|altera_mult_add:the_altmult_add_p1|altera_mult_add_37p2:auto_generated|altera_mult_add_rtl:altera_mult_add_rtl1|ama_multiplier_function:multiplier_block|ama_register_function:multiplier_register_block_0|data_out_wire[4]                                      ; Packed Register ; Register Packing                                  ; Timing optimization        ; Q         ;                ; SOC:u0|SOC_NIOS:nios|SOC_NIOS_cpu:cpu|SOC_NIOS_cpu_mult_cell:the_SOC_NIOS_cpu_mult_cell|altera_mult_add:the_altmult_add_p1|altera_mult_add_37p2:auto_generated|altera_mult_add_rtl:altera_mult_add_rtl1|ama_multiplier_function:multiplier_block|ama_register_function:multiplier_register_block_0|data_out_wire[0]                                                ; RESULTA          ;                       ;
; SOC:u0|SOC_NIOS:nios|SOC_NIOS_cpu:cpu|SOC_NIOS_cpu_mult_cell:the_SOC_NIOS_cpu_mult_cell|altera_mult_add:the_altmult_add_p1|altera_mult_add_37p2:auto_generated|altera_mult_add_rtl:altera_mult_add_rtl1|ama_multiplier_function:multiplier_block|ama_register_function:multiplier_register_block_0|data_out_wire[5]                                      ; Packed Register ; Register Packing                                  ; Timing optimization        ; Q         ;                ; SOC:u0|SOC_NIOS:nios|SOC_NIOS_cpu:cpu|SOC_NIOS_cpu_mult_cell:the_SOC_NIOS_cpu_mult_cell|altera_mult_add:the_altmult_add_p1|altera_mult_add_37p2:auto_generated|altera_mult_add_rtl:altera_mult_add_rtl1|ama_multiplier_function:multiplier_block|ama_register_function:multiplier_register_block_0|data_out_wire[0]                                                ; RESULTA          ;                       ;
; SOC:u0|SOC_NIOS:nios|SOC_NIOS_cpu:cpu|SOC_NIOS_cpu_mult_cell:the_SOC_NIOS_cpu_mult_cell|altera_mult_add:the_altmult_add_p1|altera_mult_add_37p2:auto_generated|altera_mult_add_rtl:altera_mult_add_rtl1|ama_multiplier_function:multiplier_block|ama_register_function:multiplier_register_block_0|data_out_wire[6]                                      ; Packed Register ; Register Packing                                  ; Timing optimization        ; Q         ;                ; SOC:u0|SOC_NIOS:nios|SOC_NIOS_cpu:cpu|SOC_NIOS_cpu_mult_cell:the_SOC_NIOS_cpu_mult_cell|altera_mult_add:the_altmult_add_p1|altera_mult_add_37p2:auto_generated|altera_mult_add_rtl:altera_mult_add_rtl1|ama_multiplier_function:multiplier_block|ama_register_function:multiplier_register_block_0|data_out_wire[0]                                                ; RESULTA          ;                       ;
; SOC:u0|SOC_NIOS:nios|SOC_NIOS_cpu:cpu|SOC_NIOS_cpu_mult_cell:the_SOC_NIOS_cpu_mult_cell|altera_mult_add:the_altmult_add_p1|altera_mult_add_37p2:auto_generated|altera_mult_add_rtl:altera_mult_add_rtl1|ama_multiplier_function:multiplier_block|ama_register_function:multiplier_register_block_0|data_out_wire[7]                                      ; Packed Register ; Register Packing                                  ; Timing optimization        ; Q         ;                ; SOC:u0|SOC_NIOS:nios|SOC_NIOS_cpu:cpu|SOC_NIOS_cpu_mult_cell:the_SOC_NIOS_cpu_mult_cell|altera_mult_add:the_altmult_add_p1|altera_mult_add_37p2:auto_generated|altera_mult_add_rtl:altera_mult_add_rtl1|ama_multiplier_function:multiplier_block|ama_register_function:multiplier_register_block_0|data_out_wire[0]                                                ; RESULTA          ;                       ;
; SOC:u0|SOC_NIOS:nios|SOC_NIOS_cpu:cpu|SOC_NIOS_cpu_mult_cell:the_SOC_NIOS_cpu_mult_cell|altera_mult_add:the_altmult_add_p1|altera_mult_add_37p2:auto_generated|altera_mult_add_rtl:altera_mult_add_rtl1|ama_multiplier_function:multiplier_block|ama_register_function:multiplier_register_block_0|data_out_wire[8]                                      ; Packed Register ; Register Packing                                  ; Timing optimization        ; Q         ;                ; SOC:u0|SOC_NIOS:nios|SOC_NIOS_cpu:cpu|SOC_NIOS_cpu_mult_cell:the_SOC_NIOS_cpu_mult_cell|altera_mult_add:the_altmult_add_p1|altera_mult_add_37p2:auto_generated|altera_mult_add_rtl:altera_mult_add_rtl1|ama_multiplier_function:multiplier_block|ama_register_function:multiplier_register_block_0|data_out_wire[0]                                                ; RESULTA          ;                       ;
; SOC:u0|SOC_NIOS:nios|SOC_NIOS_cpu:cpu|SOC_NIOS_cpu_mult_cell:the_SOC_NIOS_cpu_mult_cell|altera_mult_add:the_altmult_add_p1|altera_mult_add_37p2:auto_generated|altera_mult_add_rtl:altera_mult_add_rtl1|ama_multiplier_function:multiplier_block|ama_register_function:multiplier_register_block_0|data_out_wire[9]                                      ; Packed Register ; Register Packing                                  ; Timing optimization        ; Q         ;                ; SOC:u0|SOC_NIOS:nios|SOC_NIOS_cpu:cpu|SOC_NIOS_cpu_mult_cell:the_SOC_NIOS_cpu_mult_cell|altera_mult_add:the_altmult_add_p1|altera_mult_add_37p2:auto_generated|altera_mult_add_rtl:altera_mult_add_rtl1|ama_multiplier_function:multiplier_block|ama_register_function:multiplier_register_block_0|data_out_wire[0]                                                ; RESULTA          ;                       ;
; SOC:u0|SOC_NIOS:nios|SOC_NIOS_cpu:cpu|SOC_NIOS_cpu_mult_cell:the_SOC_NIOS_cpu_mult_cell|altera_mult_add:the_altmult_add_p1|altera_mult_add_37p2:auto_generated|altera_mult_add_rtl:altera_mult_add_rtl1|ama_multiplier_function:multiplier_block|ama_register_function:multiplier_register_block_0|data_out_wire[10]                                     ; Packed Register ; Register Packing                                  ; Timing optimization        ; Q         ;                ; SOC:u0|SOC_NIOS:nios|SOC_NIOS_cpu:cpu|SOC_NIOS_cpu_mult_cell:the_SOC_NIOS_cpu_mult_cell|altera_mult_add:the_altmult_add_p1|altera_mult_add_37p2:auto_generated|altera_mult_add_rtl:altera_mult_add_rtl1|ama_multiplier_function:multiplier_block|ama_register_function:multiplier_register_block_0|data_out_wire[0]                                                ; RESULTA          ;                       ;
; SOC:u0|SOC_NIOS:nios|SOC_NIOS_cpu:cpu|SOC_NIOS_cpu_mult_cell:the_SOC_NIOS_cpu_mult_cell|altera_mult_add:the_altmult_add_p1|altera_mult_add_37p2:auto_generated|altera_mult_add_rtl:altera_mult_add_rtl1|ama_multiplier_function:multiplier_block|ama_register_function:multiplier_register_block_0|data_out_wire[11]                                     ; Packed Register ; Register Packing                                  ; Timing optimization        ; Q         ;                ; SOC:u0|SOC_NIOS:nios|SOC_NIOS_cpu:cpu|SOC_NIOS_cpu_mult_cell:the_SOC_NIOS_cpu_mult_cell|altera_mult_add:the_altmult_add_p1|altera_mult_add_37p2:auto_generated|altera_mult_add_rtl:altera_mult_add_rtl1|ama_multiplier_function:multiplier_block|ama_register_function:multiplier_register_block_0|data_out_wire[0]                                                ; RESULTA          ;                       ;
; SOC:u0|SOC_NIOS:nios|SOC_NIOS_cpu:cpu|SOC_NIOS_cpu_mult_cell:the_SOC_NIOS_cpu_mult_cell|altera_mult_add:the_altmult_add_p1|altera_mult_add_37p2:auto_generated|altera_mult_add_rtl:altera_mult_add_rtl1|ama_multiplier_function:multiplier_block|ama_register_function:multiplier_register_block_0|data_out_wire[12]                                     ; Packed Register ; Register Packing                                  ; Timing optimization        ; Q         ;                ; SOC:u0|SOC_NIOS:nios|SOC_NIOS_cpu:cpu|SOC_NIOS_cpu_mult_cell:the_SOC_NIOS_cpu_mult_cell|altera_mult_add:the_altmult_add_p1|altera_mult_add_37p2:auto_generated|altera_mult_add_rtl:altera_mult_add_rtl1|ama_multiplier_function:multiplier_block|ama_register_function:multiplier_register_block_0|data_out_wire[0]                                                ; RESULTA          ;                       ;
; SOC:u0|SOC_NIOS:nios|SOC_NIOS_cpu:cpu|SOC_NIOS_cpu_mult_cell:the_SOC_NIOS_cpu_mult_cell|altera_mult_add:the_altmult_add_p1|altera_mult_add_37p2:auto_generated|altera_mult_add_rtl:altera_mult_add_rtl1|ama_multiplier_function:multiplier_block|ama_register_function:multiplier_register_block_0|data_out_wire[13]                                     ; Packed Register ; Register Packing                                  ; Timing optimization        ; Q         ;                ; SOC:u0|SOC_NIOS:nios|SOC_NIOS_cpu:cpu|SOC_NIOS_cpu_mult_cell:the_SOC_NIOS_cpu_mult_cell|altera_mult_add:the_altmult_add_p1|altera_mult_add_37p2:auto_generated|altera_mult_add_rtl:altera_mult_add_rtl1|ama_multiplier_function:multiplier_block|ama_register_function:multiplier_register_block_0|data_out_wire[0]                                                ; RESULTA          ;                       ;
; SOC:u0|SOC_NIOS:nios|SOC_NIOS_cpu:cpu|SOC_NIOS_cpu_mult_cell:the_SOC_NIOS_cpu_mult_cell|altera_mult_add:the_altmult_add_p1|altera_mult_add_37p2:auto_generated|altera_mult_add_rtl:altera_mult_add_rtl1|ama_multiplier_function:multiplier_block|ama_register_function:multiplier_register_block_0|data_out_wire[14]                                     ; Packed Register ; Register Packing                                  ; Timing optimization        ; Q         ;                ; SOC:u0|SOC_NIOS:nios|SOC_NIOS_cpu:cpu|SOC_NIOS_cpu_mult_cell:the_SOC_NIOS_cpu_mult_cell|altera_mult_add:the_altmult_add_p1|altera_mult_add_37p2:auto_generated|altera_mult_add_rtl:altera_mult_add_rtl1|ama_multiplier_function:multiplier_block|ama_register_function:multiplier_register_block_0|data_out_wire[0]                                                ; RESULTA          ;                       ;
; SOC:u0|SOC_NIOS:nios|SOC_NIOS_cpu:cpu|SOC_NIOS_cpu_mult_cell:the_SOC_NIOS_cpu_mult_cell|altera_mult_add:the_altmult_add_p1|altera_mult_add_37p2:auto_generated|altera_mult_add_rtl:altera_mult_add_rtl1|ama_multiplier_function:multiplier_block|ama_register_function:multiplier_register_block_0|data_out_wire[15]                                     ; Packed Register ; Register Packing                                  ; Timing optimization        ; Q         ;                ; SOC:u0|SOC_NIOS:nios|SOC_NIOS_cpu:cpu|SOC_NIOS_cpu_mult_cell:the_SOC_NIOS_cpu_mult_cell|altera_mult_add:the_altmult_add_p1|altera_mult_add_37p2:auto_generated|altera_mult_add_rtl:altera_mult_add_rtl1|ama_multiplier_function:multiplier_block|ama_register_function:multiplier_register_block_0|data_out_wire[0]                                                ; RESULTA          ;                       ;
; SOC:u0|SOC_NIOS:nios|SOC_NIOS_cpu:cpu|SOC_NIOS_cpu_mult_cell:the_SOC_NIOS_cpu_mult_cell|altera_mult_add:the_altmult_add_p1|altera_mult_add_37p2:auto_generated|altera_mult_add_rtl:altera_mult_add_rtl1|ama_multiplier_function:multiplier_block|ama_register_function:multiplier_register_block_0|data_out_wire[16]                                     ; Packed Register ; Register Packing                                  ; Timing optimization        ; Q         ;                ; SOC:u0|SOC_NIOS:nios|SOC_NIOS_cpu:cpu|SOC_NIOS_cpu_mult_cell:the_SOC_NIOS_cpu_mult_cell|altera_mult_add:the_altmult_add_p1|altera_mult_add_37p2:auto_generated|altera_mult_add_rtl:altera_mult_add_rtl1|ama_multiplier_function:multiplier_block|ama_register_function:multiplier_register_block_0|data_out_wire[0]                                                ; RESULTA          ;                       ;
; SOC:u0|SOC_NIOS:nios|SOC_NIOS_cpu:cpu|SOC_NIOS_cpu_mult_cell:the_SOC_NIOS_cpu_mult_cell|altera_mult_add:the_altmult_add_p1|altera_mult_add_37p2:auto_generated|altera_mult_add_rtl:altera_mult_add_rtl1|ama_multiplier_function:multiplier_block|ama_register_function:multiplier_register_block_0|data_out_wire[17]                                     ; Packed Register ; Register Packing                                  ; Timing optimization        ; Q         ;                ; SOC:u0|SOC_NIOS:nios|SOC_NIOS_cpu:cpu|SOC_NIOS_cpu_mult_cell:the_SOC_NIOS_cpu_mult_cell|altera_mult_add:the_altmult_add_p1|altera_mult_add_37p2:auto_generated|altera_mult_add_rtl:altera_mult_add_rtl1|ama_multiplier_function:multiplier_block|ama_register_function:multiplier_register_block_0|data_out_wire[0]                                                ; RESULTA          ;                       ;
; SOC:u0|SOC_NIOS:nios|SOC_NIOS_cpu:cpu|SOC_NIOS_cpu_mult_cell:the_SOC_NIOS_cpu_mult_cell|altera_mult_add:the_altmult_add_p1|altera_mult_add_37p2:auto_generated|altera_mult_add_rtl:altera_mult_add_rtl1|ama_multiplier_function:multiplier_block|ama_register_function:multiplier_register_block_0|data_out_wire[18]                                     ; Packed Register ; Register Packing                                  ; Timing optimization        ; Q         ;                ; SOC:u0|SOC_NIOS:nios|SOC_NIOS_cpu:cpu|SOC_NIOS_cpu_mult_cell:the_SOC_NIOS_cpu_mult_cell|altera_mult_add:the_altmult_add_p1|altera_mult_add_37p2:auto_generated|altera_mult_add_rtl:altera_mult_add_rtl1|ama_multiplier_function:multiplier_block|ama_register_function:multiplier_register_block_0|data_out_wire[0]                                                ; RESULTA          ;                       ;
; SOC:u0|SOC_NIOS:nios|SOC_NIOS_cpu:cpu|SOC_NIOS_cpu_mult_cell:the_SOC_NIOS_cpu_mult_cell|altera_mult_add:the_altmult_add_p1|altera_mult_add_37p2:auto_generated|altera_mult_add_rtl:altera_mult_add_rtl1|ama_multiplier_function:multiplier_block|ama_register_function:multiplier_register_block_0|data_out_wire[19]                                     ; Packed Register ; Register Packing                                  ; Timing optimization        ; Q         ;                ; SOC:u0|SOC_NIOS:nios|SOC_NIOS_cpu:cpu|SOC_NIOS_cpu_mult_cell:the_SOC_NIOS_cpu_mult_cell|altera_mult_add:the_altmult_add_p1|altera_mult_add_37p2:auto_generated|altera_mult_add_rtl:altera_mult_add_rtl1|ama_multiplier_function:multiplier_block|ama_register_function:multiplier_register_block_0|data_out_wire[0]                                                ; RESULTA          ;                       ;
; SOC:u0|SOC_NIOS:nios|SOC_NIOS_cpu:cpu|SOC_NIOS_cpu_mult_cell:the_SOC_NIOS_cpu_mult_cell|altera_mult_add:the_altmult_add_p1|altera_mult_add_37p2:auto_generated|altera_mult_add_rtl:altera_mult_add_rtl1|ama_multiplier_function:multiplier_block|ama_register_function:multiplier_register_block_0|data_out_wire[20]                                     ; Packed Register ; Register Packing                                  ; Timing optimization        ; Q         ;                ; SOC:u0|SOC_NIOS:nios|SOC_NIOS_cpu:cpu|SOC_NIOS_cpu_mult_cell:the_SOC_NIOS_cpu_mult_cell|altera_mult_add:the_altmult_add_p1|altera_mult_add_37p2:auto_generated|altera_mult_add_rtl:altera_mult_add_rtl1|ama_multiplier_function:multiplier_block|ama_register_function:multiplier_register_block_0|data_out_wire[0]                                                ; RESULTA          ;                       ;
; SOC:u0|SOC_NIOS:nios|SOC_NIOS_cpu:cpu|SOC_NIOS_cpu_mult_cell:the_SOC_NIOS_cpu_mult_cell|altera_mult_add:the_altmult_add_p1|altera_mult_add_37p2:auto_generated|altera_mult_add_rtl:altera_mult_add_rtl1|ama_multiplier_function:multiplier_block|ama_register_function:multiplier_register_block_0|data_out_wire[21]                                     ; Packed Register ; Register Packing                                  ; Timing optimization        ; Q         ;                ; SOC:u0|SOC_NIOS:nios|SOC_NIOS_cpu:cpu|SOC_NIOS_cpu_mult_cell:the_SOC_NIOS_cpu_mult_cell|altera_mult_add:the_altmult_add_p1|altera_mult_add_37p2:auto_generated|altera_mult_add_rtl:altera_mult_add_rtl1|ama_multiplier_function:multiplier_block|ama_register_function:multiplier_register_block_0|data_out_wire[0]                                                ; RESULTA          ;                       ;
; SOC:u0|SOC_NIOS:nios|SOC_NIOS_cpu:cpu|SOC_NIOS_cpu_mult_cell:the_SOC_NIOS_cpu_mult_cell|altera_mult_add:the_altmult_add_p1|altera_mult_add_37p2:auto_generated|altera_mult_add_rtl:altera_mult_add_rtl1|ama_multiplier_function:multiplier_block|ama_register_function:multiplier_register_block_0|data_out_wire[22]                                     ; Packed Register ; Register Packing                                  ; Timing optimization        ; Q         ;                ; SOC:u0|SOC_NIOS:nios|SOC_NIOS_cpu:cpu|SOC_NIOS_cpu_mult_cell:the_SOC_NIOS_cpu_mult_cell|altera_mult_add:the_altmult_add_p1|altera_mult_add_37p2:auto_generated|altera_mult_add_rtl:altera_mult_add_rtl1|ama_multiplier_function:multiplier_block|ama_register_function:multiplier_register_block_0|data_out_wire[0]                                                ; RESULTA          ;                       ;
; SOC:u0|SOC_NIOS:nios|SOC_NIOS_cpu:cpu|SOC_NIOS_cpu_mult_cell:the_SOC_NIOS_cpu_mult_cell|altera_mult_add:the_altmult_add_p1|altera_mult_add_37p2:auto_generated|altera_mult_add_rtl:altera_mult_add_rtl1|ama_multiplier_function:multiplier_block|ama_register_function:multiplier_register_block_0|data_out_wire[23]                                     ; Packed Register ; Register Packing                                  ; Timing optimization        ; Q         ;                ; SOC:u0|SOC_NIOS:nios|SOC_NIOS_cpu:cpu|SOC_NIOS_cpu_mult_cell:the_SOC_NIOS_cpu_mult_cell|altera_mult_add:the_altmult_add_p1|altera_mult_add_37p2:auto_generated|altera_mult_add_rtl:altera_mult_add_rtl1|ama_multiplier_function:multiplier_block|ama_register_function:multiplier_register_block_0|data_out_wire[0]                                                ; RESULTA          ;                       ;
; SOC:u0|SOC_NIOS:nios|SOC_NIOS_cpu:cpu|SOC_NIOS_cpu_mult_cell:the_SOC_NIOS_cpu_mult_cell|altera_mult_add:the_altmult_add_p1|altera_mult_add_37p2:auto_generated|altera_mult_add_rtl:altera_mult_add_rtl1|ama_multiplier_function:multiplier_block|ama_register_function:multiplier_register_block_0|data_out_wire[24]                                     ; Packed Register ; Register Packing                                  ; Timing optimization        ; Q         ;                ; SOC:u0|SOC_NIOS:nios|SOC_NIOS_cpu:cpu|SOC_NIOS_cpu_mult_cell:the_SOC_NIOS_cpu_mult_cell|altera_mult_add:the_altmult_add_p1|altera_mult_add_37p2:auto_generated|altera_mult_add_rtl:altera_mult_add_rtl1|ama_multiplier_function:multiplier_block|ama_register_function:multiplier_register_block_0|data_out_wire[0]                                                ; RESULTA          ;                       ;
; SOC:u0|SOC_NIOS:nios|SOC_NIOS_cpu:cpu|SOC_NIOS_cpu_mult_cell:the_SOC_NIOS_cpu_mult_cell|altera_mult_add:the_altmult_add_p1|altera_mult_add_37p2:auto_generated|altera_mult_add_rtl:altera_mult_add_rtl1|ama_multiplier_function:multiplier_block|ama_register_function:multiplier_register_block_0|data_out_wire[25]                                     ; Packed Register ; Register Packing                                  ; Timing optimization        ; Q         ;                ; SOC:u0|SOC_NIOS:nios|SOC_NIOS_cpu:cpu|SOC_NIOS_cpu_mult_cell:the_SOC_NIOS_cpu_mult_cell|altera_mult_add:the_altmult_add_p1|altera_mult_add_37p2:auto_generated|altera_mult_add_rtl:altera_mult_add_rtl1|ama_multiplier_function:multiplier_block|ama_register_function:multiplier_register_block_0|data_out_wire[0]                                                ; RESULTA          ;                       ;
; SOC:u0|SOC_NIOS:nios|SOC_NIOS_cpu:cpu|SOC_NIOS_cpu_mult_cell:the_SOC_NIOS_cpu_mult_cell|altera_mult_add:the_altmult_add_p1|altera_mult_add_37p2:auto_generated|altera_mult_add_rtl:altera_mult_add_rtl1|ama_multiplier_function:multiplier_block|ama_register_function:multiplier_register_block_0|data_out_wire[26]                                     ; Packed Register ; Register Packing                                  ; Timing optimization        ; Q         ;                ; SOC:u0|SOC_NIOS:nios|SOC_NIOS_cpu:cpu|SOC_NIOS_cpu_mult_cell:the_SOC_NIOS_cpu_mult_cell|altera_mult_add:the_altmult_add_p1|altera_mult_add_37p2:auto_generated|altera_mult_add_rtl:altera_mult_add_rtl1|ama_multiplier_function:multiplier_block|ama_register_function:multiplier_register_block_0|data_out_wire[0]                                                ; RESULTA          ;                       ;
; SOC:u0|SOC_NIOS:nios|SOC_NIOS_cpu:cpu|SOC_NIOS_cpu_mult_cell:the_SOC_NIOS_cpu_mult_cell|altera_mult_add:the_altmult_add_p1|altera_mult_add_37p2:auto_generated|altera_mult_add_rtl:altera_mult_add_rtl1|ama_multiplier_function:multiplier_block|ama_register_function:multiplier_register_block_0|data_out_wire[27]                                     ; Packed Register ; Register Packing                                  ; Timing optimization        ; Q         ;                ; SOC:u0|SOC_NIOS:nios|SOC_NIOS_cpu:cpu|SOC_NIOS_cpu_mult_cell:the_SOC_NIOS_cpu_mult_cell|altera_mult_add:the_altmult_add_p1|altera_mult_add_37p2:auto_generated|altera_mult_add_rtl:altera_mult_add_rtl1|ama_multiplier_function:multiplier_block|ama_register_function:multiplier_register_block_0|data_out_wire[0]                                                ; RESULTA          ;                       ;
; SOC:u0|SOC_NIOS:nios|SOC_NIOS_cpu:cpu|SOC_NIOS_cpu_mult_cell:the_SOC_NIOS_cpu_mult_cell|altera_mult_add:the_altmult_add_p1|altera_mult_add_37p2:auto_generated|altera_mult_add_rtl:altera_mult_add_rtl1|ama_multiplier_function:multiplier_block|ama_register_function:multiplier_register_block_0|data_out_wire[28]                                     ; Packed Register ; Register Packing                                  ; Timing optimization        ; Q         ;                ; SOC:u0|SOC_NIOS:nios|SOC_NIOS_cpu:cpu|SOC_NIOS_cpu_mult_cell:the_SOC_NIOS_cpu_mult_cell|altera_mult_add:the_altmult_add_p1|altera_mult_add_37p2:auto_generated|altera_mult_add_rtl:altera_mult_add_rtl1|ama_multiplier_function:multiplier_block|ama_register_function:multiplier_register_block_0|data_out_wire[0]                                                ; RESULTA          ;                       ;
; SOC:u0|SOC_NIOS:nios|SOC_NIOS_cpu:cpu|SOC_NIOS_cpu_mult_cell:the_SOC_NIOS_cpu_mult_cell|altera_mult_add:the_altmult_add_p1|altera_mult_add_37p2:auto_generated|altera_mult_add_rtl:altera_mult_add_rtl1|ama_multiplier_function:multiplier_block|ama_register_function:multiplier_register_block_0|data_out_wire[29]                                     ; Packed Register ; Register Packing                                  ; Timing optimization        ; Q         ;                ; SOC:u0|SOC_NIOS:nios|SOC_NIOS_cpu:cpu|SOC_NIOS_cpu_mult_cell:the_SOC_NIOS_cpu_mult_cell|altera_mult_add:the_altmult_add_p1|altera_mult_add_37p2:auto_generated|altera_mult_add_rtl:altera_mult_add_rtl1|ama_multiplier_function:multiplier_block|ama_register_function:multiplier_register_block_0|data_out_wire[0]                                                ; RESULTA          ;                       ;
; SOC:u0|SOC_NIOS:nios|SOC_NIOS_cpu:cpu|SOC_NIOS_cpu_mult_cell:the_SOC_NIOS_cpu_mult_cell|altera_mult_add:the_altmult_add_p1|altera_mult_add_37p2:auto_generated|altera_mult_add_rtl:altera_mult_add_rtl1|ama_multiplier_function:multiplier_block|ama_register_function:multiplier_register_block_0|data_out_wire[30]                                     ; Packed Register ; Register Packing                                  ; Timing optimization        ; Q         ;                ; SOC:u0|SOC_NIOS:nios|SOC_NIOS_cpu:cpu|SOC_NIOS_cpu_mult_cell:the_SOC_NIOS_cpu_mult_cell|altera_mult_add:the_altmult_add_p1|altera_mult_add_37p2:auto_generated|altera_mult_add_rtl:altera_mult_add_rtl1|ama_multiplier_function:multiplier_block|ama_register_function:multiplier_register_block_0|data_out_wire[0]                                                ; RESULTA          ;                       ;
; SOC:u0|SOC_NIOS:nios|SOC_NIOS_cpu:cpu|SOC_NIOS_cpu_mult_cell:the_SOC_NIOS_cpu_mult_cell|altera_mult_add:the_altmult_add_p1|altera_mult_add_37p2:auto_generated|altera_mult_add_rtl:altera_mult_add_rtl1|ama_multiplier_function:multiplier_block|ama_register_function:multiplier_register_block_0|data_out_wire[31]                                     ; Packed Register ; Register Packing                                  ; Timing optimization        ; Q         ;                ; SOC:u0|SOC_NIOS:nios|SOC_NIOS_cpu:cpu|SOC_NIOS_cpu_mult_cell:the_SOC_NIOS_cpu_mult_cell|altera_mult_add:the_altmult_add_p1|altera_mult_add_37p2:auto_generated|altera_mult_add_rtl:altera_mult_add_rtl1|ama_multiplier_function:multiplier_block|ama_register_function:multiplier_register_block_0|data_out_wire[0]                                                ; RESULTA          ;                       ;
; SOC:u0|SOC_NIOS:nios|SOC_NIOS_cpu:cpu|SOC_NIOS_cpu_mult_cell:the_SOC_NIOS_cpu_mult_cell|altera_mult_add:the_altmult_add_p2|altera_mult_add_37p2:auto_generated|altera_mult_add_rtl:altera_mult_add_rtl1|ama_multiplier_function:multiplier_block|ama_register_function:multiplier_register_block_0|data_out_wire[0]                                      ; Packed Register ; Register Packing                                  ; Timing optimization        ; Q         ;                ; SOC:u0|SOC_NIOS:nios|SOC_NIOS_cpu:cpu|SOC_NIOS_cpu_mult_cell:the_SOC_NIOS_cpu_mult_cell|altera_mult_add:the_altmult_add_p2|altera_mult_add_37p2:auto_generated|altera_mult_add_rtl:altera_mult_add_rtl1|ama_multiplier_function:multiplier_block|data_out_wire_0[0]                                                                                                ; RESULTA          ;                       ;
; SOC:u0|SOC_NIOS:nios|SOC_NIOS_cpu:cpu|SOC_NIOS_cpu_mult_cell:the_SOC_NIOS_cpu_mult_cell|altera_mult_add:the_altmult_add_p2|altera_mult_add_37p2:auto_generated|altera_mult_add_rtl:altera_mult_add_rtl1|ama_multiplier_function:multiplier_block|ama_register_function:multiplier_register_block_0|data_out_wire[1]                                      ; Packed Register ; Register Packing                                  ; Timing optimization        ; Q         ;                ; SOC:u0|SOC_NIOS:nios|SOC_NIOS_cpu:cpu|SOC_NIOS_cpu_mult_cell:the_SOC_NIOS_cpu_mult_cell|altera_mult_add:the_altmult_add_p2|altera_mult_add_37p2:auto_generated|altera_mult_add_rtl:altera_mult_add_rtl1|ama_multiplier_function:multiplier_block|ama_register_function:multiplier_register_block_0|data_out_wire[0]                                                ; RESULTA          ;                       ;
; SOC:u0|SOC_NIOS:nios|SOC_NIOS_cpu:cpu|SOC_NIOS_cpu_mult_cell:the_SOC_NIOS_cpu_mult_cell|altera_mult_add:the_altmult_add_p2|altera_mult_add_37p2:auto_generated|altera_mult_add_rtl:altera_mult_add_rtl1|ama_multiplier_function:multiplier_block|ama_register_function:multiplier_register_block_0|data_out_wire[2]                                      ; Packed Register ; Register Packing                                  ; Timing optimization        ; Q         ;                ; SOC:u0|SOC_NIOS:nios|SOC_NIOS_cpu:cpu|SOC_NIOS_cpu_mult_cell:the_SOC_NIOS_cpu_mult_cell|altera_mult_add:the_altmult_add_p2|altera_mult_add_37p2:auto_generated|altera_mult_add_rtl:altera_mult_add_rtl1|ama_multiplier_function:multiplier_block|ama_register_function:multiplier_register_block_0|data_out_wire[0]                                                ; RESULTA          ;                       ;
; SOC:u0|SOC_NIOS:nios|SOC_NIOS_cpu:cpu|SOC_NIOS_cpu_mult_cell:the_SOC_NIOS_cpu_mult_cell|altera_mult_add:the_altmult_add_p2|altera_mult_add_37p2:auto_generated|altera_mult_add_rtl:altera_mult_add_rtl1|ama_multiplier_function:multiplier_block|ama_register_function:multiplier_register_block_0|data_out_wire[3]                                      ; Packed Register ; Register Packing                                  ; Timing optimization        ; Q         ;                ; SOC:u0|SOC_NIOS:nios|SOC_NIOS_cpu:cpu|SOC_NIOS_cpu_mult_cell:the_SOC_NIOS_cpu_mult_cell|altera_mult_add:the_altmult_add_p2|altera_mult_add_37p2:auto_generated|altera_mult_add_rtl:altera_mult_add_rtl1|ama_multiplier_function:multiplier_block|ama_register_function:multiplier_register_block_0|data_out_wire[0]                                                ; RESULTA          ;                       ;
; SOC:u0|SOC_NIOS:nios|SOC_NIOS_cpu:cpu|SOC_NIOS_cpu_mult_cell:the_SOC_NIOS_cpu_mult_cell|altera_mult_add:the_altmult_add_p2|altera_mult_add_37p2:auto_generated|altera_mult_add_rtl:altera_mult_add_rtl1|ama_multiplier_function:multiplier_block|ama_register_function:multiplier_register_block_0|data_out_wire[4]                                      ; Packed Register ; Register Packing                                  ; Timing optimization        ; Q         ;                ; SOC:u0|SOC_NIOS:nios|SOC_NIOS_cpu:cpu|SOC_NIOS_cpu_mult_cell:the_SOC_NIOS_cpu_mult_cell|altera_mult_add:the_altmult_add_p2|altera_mult_add_37p2:auto_generated|altera_mult_add_rtl:altera_mult_add_rtl1|ama_multiplier_function:multiplier_block|ama_register_function:multiplier_register_block_0|data_out_wire[0]                                                ; RESULTA          ;                       ;
; SOC:u0|SOC_NIOS:nios|SOC_NIOS_cpu:cpu|SOC_NIOS_cpu_mult_cell:the_SOC_NIOS_cpu_mult_cell|altera_mult_add:the_altmult_add_p2|altera_mult_add_37p2:auto_generated|altera_mult_add_rtl:altera_mult_add_rtl1|ama_multiplier_function:multiplier_block|ama_register_function:multiplier_register_block_0|data_out_wire[5]                                      ; Packed Register ; Register Packing                                  ; Timing optimization        ; Q         ;                ; SOC:u0|SOC_NIOS:nios|SOC_NIOS_cpu:cpu|SOC_NIOS_cpu_mult_cell:the_SOC_NIOS_cpu_mult_cell|altera_mult_add:the_altmult_add_p2|altera_mult_add_37p2:auto_generated|altera_mult_add_rtl:altera_mult_add_rtl1|ama_multiplier_function:multiplier_block|ama_register_function:multiplier_register_block_0|data_out_wire[0]                                                ; RESULTA          ;                       ;
; SOC:u0|SOC_NIOS:nios|SOC_NIOS_cpu:cpu|SOC_NIOS_cpu_mult_cell:the_SOC_NIOS_cpu_mult_cell|altera_mult_add:the_altmult_add_p2|altera_mult_add_37p2:auto_generated|altera_mult_add_rtl:altera_mult_add_rtl1|ama_multiplier_function:multiplier_block|ama_register_function:multiplier_register_block_0|data_out_wire[6]                                      ; Packed Register ; Register Packing                                  ; Timing optimization        ; Q         ;                ; SOC:u0|SOC_NIOS:nios|SOC_NIOS_cpu:cpu|SOC_NIOS_cpu_mult_cell:the_SOC_NIOS_cpu_mult_cell|altera_mult_add:the_altmult_add_p2|altera_mult_add_37p2:auto_generated|altera_mult_add_rtl:altera_mult_add_rtl1|ama_multiplier_function:multiplier_block|ama_register_function:multiplier_register_block_0|data_out_wire[0]                                                ; RESULTA          ;                       ;
; SOC:u0|SOC_NIOS:nios|SOC_NIOS_cpu:cpu|SOC_NIOS_cpu_mult_cell:the_SOC_NIOS_cpu_mult_cell|altera_mult_add:the_altmult_add_p2|altera_mult_add_37p2:auto_generated|altera_mult_add_rtl:altera_mult_add_rtl1|ama_multiplier_function:multiplier_block|ama_register_function:multiplier_register_block_0|data_out_wire[7]                                      ; Packed Register ; Register Packing                                  ; Timing optimization        ; Q         ;                ; SOC:u0|SOC_NIOS:nios|SOC_NIOS_cpu:cpu|SOC_NIOS_cpu_mult_cell:the_SOC_NIOS_cpu_mult_cell|altera_mult_add:the_altmult_add_p2|altera_mult_add_37p2:auto_generated|altera_mult_add_rtl:altera_mult_add_rtl1|ama_multiplier_function:multiplier_block|ama_register_function:multiplier_register_block_0|data_out_wire[0]                                                ; RESULTA          ;                       ;
; SOC:u0|SOC_NIOS:nios|SOC_NIOS_cpu:cpu|SOC_NIOS_cpu_mult_cell:the_SOC_NIOS_cpu_mult_cell|altera_mult_add:the_altmult_add_p2|altera_mult_add_37p2:auto_generated|altera_mult_add_rtl:altera_mult_add_rtl1|ama_multiplier_function:multiplier_block|ama_register_function:multiplier_register_block_0|data_out_wire[8]                                      ; Packed Register ; Register Packing                                  ; Timing optimization        ; Q         ;                ; SOC:u0|SOC_NIOS:nios|SOC_NIOS_cpu:cpu|SOC_NIOS_cpu_mult_cell:the_SOC_NIOS_cpu_mult_cell|altera_mult_add:the_altmult_add_p2|altera_mult_add_37p2:auto_generated|altera_mult_add_rtl:altera_mult_add_rtl1|ama_multiplier_function:multiplier_block|ama_register_function:multiplier_register_block_0|data_out_wire[0]                                                ; RESULTA          ;                       ;
; SOC:u0|SOC_NIOS:nios|SOC_NIOS_cpu:cpu|SOC_NIOS_cpu_mult_cell:the_SOC_NIOS_cpu_mult_cell|altera_mult_add:the_altmult_add_p2|altera_mult_add_37p2:auto_generated|altera_mult_add_rtl:altera_mult_add_rtl1|ama_multiplier_function:multiplier_block|ama_register_function:multiplier_register_block_0|data_out_wire[9]                                      ; Packed Register ; Register Packing                                  ; Timing optimization        ; Q         ;                ; SOC:u0|SOC_NIOS:nios|SOC_NIOS_cpu:cpu|SOC_NIOS_cpu_mult_cell:the_SOC_NIOS_cpu_mult_cell|altera_mult_add:the_altmult_add_p2|altera_mult_add_37p2:auto_generated|altera_mult_add_rtl:altera_mult_add_rtl1|ama_multiplier_function:multiplier_block|ama_register_function:multiplier_register_block_0|data_out_wire[0]                                                ; RESULTA          ;                       ;
; SOC:u0|SOC_NIOS:nios|SOC_NIOS_cpu:cpu|SOC_NIOS_cpu_mult_cell:the_SOC_NIOS_cpu_mult_cell|altera_mult_add:the_altmult_add_p2|altera_mult_add_37p2:auto_generated|altera_mult_add_rtl:altera_mult_add_rtl1|ama_multiplier_function:multiplier_block|ama_register_function:multiplier_register_block_0|data_out_wire[10]                                     ; Packed Register ; Register Packing                                  ; Timing optimization        ; Q         ;                ; SOC:u0|SOC_NIOS:nios|SOC_NIOS_cpu:cpu|SOC_NIOS_cpu_mult_cell:the_SOC_NIOS_cpu_mult_cell|altera_mult_add:the_altmult_add_p2|altera_mult_add_37p2:auto_generated|altera_mult_add_rtl:altera_mult_add_rtl1|ama_multiplier_function:multiplier_block|ama_register_function:multiplier_register_block_0|data_out_wire[0]                                                ; RESULTA          ;                       ;
; SOC:u0|SOC_NIOS:nios|SOC_NIOS_cpu:cpu|SOC_NIOS_cpu_mult_cell:the_SOC_NIOS_cpu_mult_cell|altera_mult_add:the_altmult_add_p2|altera_mult_add_37p2:auto_generated|altera_mult_add_rtl:altera_mult_add_rtl1|ama_multiplier_function:multiplier_block|ama_register_function:multiplier_register_block_0|data_out_wire[11]                                     ; Packed Register ; Register Packing                                  ; Timing optimization        ; Q         ;                ; SOC:u0|SOC_NIOS:nios|SOC_NIOS_cpu:cpu|SOC_NIOS_cpu_mult_cell:the_SOC_NIOS_cpu_mult_cell|altera_mult_add:the_altmult_add_p2|altera_mult_add_37p2:auto_generated|altera_mult_add_rtl:altera_mult_add_rtl1|ama_multiplier_function:multiplier_block|ama_register_function:multiplier_register_block_0|data_out_wire[0]                                                ; RESULTA          ;                       ;
; SOC:u0|SOC_NIOS:nios|SOC_NIOS_cpu:cpu|SOC_NIOS_cpu_mult_cell:the_SOC_NIOS_cpu_mult_cell|altera_mult_add:the_altmult_add_p2|altera_mult_add_37p2:auto_generated|altera_mult_add_rtl:altera_mult_add_rtl1|ama_multiplier_function:multiplier_block|ama_register_function:multiplier_register_block_0|data_out_wire[12]                                     ; Packed Register ; Register Packing                                  ; Timing optimization        ; Q         ;                ; SOC:u0|SOC_NIOS:nios|SOC_NIOS_cpu:cpu|SOC_NIOS_cpu_mult_cell:the_SOC_NIOS_cpu_mult_cell|altera_mult_add:the_altmult_add_p2|altera_mult_add_37p2:auto_generated|altera_mult_add_rtl:altera_mult_add_rtl1|ama_multiplier_function:multiplier_block|ama_register_function:multiplier_register_block_0|data_out_wire[0]                                                ; RESULTA          ;                       ;
; SOC:u0|SOC_NIOS:nios|SOC_NIOS_cpu:cpu|SOC_NIOS_cpu_mult_cell:the_SOC_NIOS_cpu_mult_cell|altera_mult_add:the_altmult_add_p2|altera_mult_add_37p2:auto_generated|altera_mult_add_rtl:altera_mult_add_rtl1|ama_multiplier_function:multiplier_block|ama_register_function:multiplier_register_block_0|data_out_wire[13]                                     ; Packed Register ; Register Packing                                  ; Timing optimization        ; Q         ;                ; SOC:u0|SOC_NIOS:nios|SOC_NIOS_cpu:cpu|SOC_NIOS_cpu_mult_cell:the_SOC_NIOS_cpu_mult_cell|altera_mult_add:the_altmult_add_p2|altera_mult_add_37p2:auto_generated|altera_mult_add_rtl:altera_mult_add_rtl1|ama_multiplier_function:multiplier_block|ama_register_function:multiplier_register_block_0|data_out_wire[0]                                                ; RESULTA          ;                       ;
; SOC:u0|SOC_NIOS:nios|SOC_NIOS_cpu:cpu|SOC_NIOS_cpu_mult_cell:the_SOC_NIOS_cpu_mult_cell|altera_mult_add:the_altmult_add_p2|altera_mult_add_37p2:auto_generated|altera_mult_add_rtl:altera_mult_add_rtl1|ama_multiplier_function:multiplier_block|ama_register_function:multiplier_register_block_0|data_out_wire[14]                                     ; Packed Register ; Register Packing                                  ; Timing optimization        ; Q         ;                ; SOC:u0|SOC_NIOS:nios|SOC_NIOS_cpu:cpu|SOC_NIOS_cpu_mult_cell:the_SOC_NIOS_cpu_mult_cell|altera_mult_add:the_altmult_add_p2|altera_mult_add_37p2:auto_generated|altera_mult_add_rtl:altera_mult_add_rtl1|ama_multiplier_function:multiplier_block|ama_register_function:multiplier_register_block_0|data_out_wire[0]                                                ; RESULTA          ;                       ;
; SOC:u0|SOC_NIOS:nios|SOC_NIOS_cpu:cpu|SOC_NIOS_cpu_mult_cell:the_SOC_NIOS_cpu_mult_cell|altera_mult_add:the_altmult_add_p2|altera_mult_add_37p2:auto_generated|altera_mult_add_rtl:altera_mult_add_rtl1|ama_multiplier_function:multiplier_block|ama_register_function:multiplier_register_block_0|data_out_wire[15]                                     ; Packed Register ; Register Packing                                  ; Timing optimization        ; Q         ;                ; SOC:u0|SOC_NIOS:nios|SOC_NIOS_cpu:cpu|SOC_NIOS_cpu_mult_cell:the_SOC_NIOS_cpu_mult_cell|altera_mult_add:the_altmult_add_p2|altera_mult_add_37p2:auto_generated|altera_mult_add_rtl:altera_mult_add_rtl1|ama_multiplier_function:multiplier_block|ama_register_function:multiplier_register_block_0|data_out_wire[0]                                                ; RESULTA          ;                       ;
; SOC:u0|SOC_NIOS:nios|SOC_NIOS_cpu:cpu|SOC_NIOS_cpu_mult_cell:the_SOC_NIOS_cpu_mult_cell|altera_mult_add:the_altmult_add_p3|altera_mult_add_37p2:auto_generated|altera_mult_add_rtl:altera_mult_add_rtl1|ama_multiplier_function:multiplier_block|ama_register_function:multiplier_register_block_0|data_out_wire[0]                                      ; Packed Register ; Register Packing                                  ; Timing optimization        ; Q         ;                ; SOC:u0|SOC_NIOS:nios|SOC_NIOS_cpu:cpu|SOC_NIOS_cpu_mult_cell:the_SOC_NIOS_cpu_mult_cell|altera_mult_add:the_altmult_add_p3|altera_mult_add_37p2:auto_generated|altera_mult_add_rtl:altera_mult_add_rtl1|ama_multiplier_function:multiplier_block|data_out_wire_0[0]                                                                                                ; RESULTA          ;                       ;
; SOC:u0|SOC_NIOS:nios|SOC_NIOS_cpu:cpu|SOC_NIOS_cpu_mult_cell:the_SOC_NIOS_cpu_mult_cell|altera_mult_add:the_altmult_add_p3|altera_mult_add_37p2:auto_generated|altera_mult_add_rtl:altera_mult_add_rtl1|ama_multiplier_function:multiplier_block|ama_register_function:multiplier_register_block_0|data_out_wire[1]                                      ; Packed Register ; Register Packing                                  ; Timing optimization        ; Q         ;                ; SOC:u0|SOC_NIOS:nios|SOC_NIOS_cpu:cpu|SOC_NIOS_cpu_mult_cell:the_SOC_NIOS_cpu_mult_cell|altera_mult_add:the_altmult_add_p3|altera_mult_add_37p2:auto_generated|altera_mult_add_rtl:altera_mult_add_rtl1|ama_multiplier_function:multiplier_block|ama_register_function:multiplier_register_block_0|data_out_wire[0]                                                ; RESULTA          ;                       ;
; SOC:u0|SOC_NIOS:nios|SOC_NIOS_cpu:cpu|SOC_NIOS_cpu_mult_cell:the_SOC_NIOS_cpu_mult_cell|altera_mult_add:the_altmult_add_p3|altera_mult_add_37p2:auto_generated|altera_mult_add_rtl:altera_mult_add_rtl1|ama_multiplier_function:multiplier_block|ama_register_function:multiplier_register_block_0|data_out_wire[2]                                      ; Packed Register ; Register Packing                                  ; Timing optimization        ; Q         ;                ; SOC:u0|SOC_NIOS:nios|SOC_NIOS_cpu:cpu|SOC_NIOS_cpu_mult_cell:the_SOC_NIOS_cpu_mult_cell|altera_mult_add:the_altmult_add_p3|altera_mult_add_37p2:auto_generated|altera_mult_add_rtl:altera_mult_add_rtl1|ama_multiplier_function:multiplier_block|ama_register_function:multiplier_register_block_0|data_out_wire[0]                                                ; RESULTA          ;                       ;
; SOC:u0|SOC_NIOS:nios|SOC_NIOS_cpu:cpu|SOC_NIOS_cpu_mult_cell:the_SOC_NIOS_cpu_mult_cell|altera_mult_add:the_altmult_add_p3|altera_mult_add_37p2:auto_generated|altera_mult_add_rtl:altera_mult_add_rtl1|ama_multiplier_function:multiplier_block|ama_register_function:multiplier_register_block_0|data_out_wire[3]                                      ; Packed Register ; Register Packing                                  ; Timing optimization        ; Q         ;                ; SOC:u0|SOC_NIOS:nios|SOC_NIOS_cpu:cpu|SOC_NIOS_cpu_mult_cell:the_SOC_NIOS_cpu_mult_cell|altera_mult_add:the_altmult_add_p3|altera_mult_add_37p2:auto_generated|altera_mult_add_rtl:altera_mult_add_rtl1|ama_multiplier_function:multiplier_block|ama_register_function:multiplier_register_block_0|data_out_wire[0]                                                ; RESULTA          ;                       ;
; SOC:u0|SOC_NIOS:nios|SOC_NIOS_cpu:cpu|SOC_NIOS_cpu_mult_cell:the_SOC_NIOS_cpu_mult_cell|altera_mult_add:the_altmult_add_p3|altera_mult_add_37p2:auto_generated|altera_mult_add_rtl:altera_mult_add_rtl1|ama_multiplier_function:multiplier_block|ama_register_function:multiplier_register_block_0|data_out_wire[4]                                      ; Packed Register ; Register Packing                                  ; Timing optimization        ; Q         ;                ; SOC:u0|SOC_NIOS:nios|SOC_NIOS_cpu:cpu|SOC_NIOS_cpu_mult_cell:the_SOC_NIOS_cpu_mult_cell|altera_mult_add:the_altmult_add_p3|altera_mult_add_37p2:auto_generated|altera_mult_add_rtl:altera_mult_add_rtl1|ama_multiplier_function:multiplier_block|ama_register_function:multiplier_register_block_0|data_out_wire[0]                                                ; RESULTA          ;                       ;
; SOC:u0|SOC_NIOS:nios|SOC_NIOS_cpu:cpu|SOC_NIOS_cpu_mult_cell:the_SOC_NIOS_cpu_mult_cell|altera_mult_add:the_altmult_add_p3|altera_mult_add_37p2:auto_generated|altera_mult_add_rtl:altera_mult_add_rtl1|ama_multiplier_function:multiplier_block|ama_register_function:multiplier_register_block_0|data_out_wire[5]                                      ; Packed Register ; Register Packing                                  ; Timing optimization        ; Q         ;                ; SOC:u0|SOC_NIOS:nios|SOC_NIOS_cpu:cpu|SOC_NIOS_cpu_mult_cell:the_SOC_NIOS_cpu_mult_cell|altera_mult_add:the_altmult_add_p3|altera_mult_add_37p2:auto_generated|altera_mult_add_rtl:altera_mult_add_rtl1|ama_multiplier_function:multiplier_block|ama_register_function:multiplier_register_block_0|data_out_wire[0]                                                ; RESULTA          ;                       ;
; SOC:u0|SOC_NIOS:nios|SOC_NIOS_cpu:cpu|SOC_NIOS_cpu_mult_cell:the_SOC_NIOS_cpu_mult_cell|altera_mult_add:the_altmult_add_p3|altera_mult_add_37p2:auto_generated|altera_mult_add_rtl:altera_mult_add_rtl1|ama_multiplier_function:multiplier_block|ama_register_function:multiplier_register_block_0|data_out_wire[6]                                      ; Packed Register ; Register Packing                                  ; Timing optimization        ; Q         ;                ; SOC:u0|SOC_NIOS:nios|SOC_NIOS_cpu:cpu|SOC_NIOS_cpu_mult_cell:the_SOC_NIOS_cpu_mult_cell|altera_mult_add:the_altmult_add_p3|altera_mult_add_37p2:auto_generated|altera_mult_add_rtl:altera_mult_add_rtl1|ama_multiplier_function:multiplier_block|ama_register_function:multiplier_register_block_0|data_out_wire[0]                                                ; RESULTA          ;                       ;
; SOC:u0|SOC_NIOS:nios|SOC_NIOS_cpu:cpu|SOC_NIOS_cpu_mult_cell:the_SOC_NIOS_cpu_mult_cell|altera_mult_add:the_altmult_add_p3|altera_mult_add_37p2:auto_generated|altera_mult_add_rtl:altera_mult_add_rtl1|ama_multiplier_function:multiplier_block|ama_register_function:multiplier_register_block_0|data_out_wire[7]                                      ; Packed Register ; Register Packing                                  ; Timing optimization        ; Q         ;                ; SOC:u0|SOC_NIOS:nios|SOC_NIOS_cpu:cpu|SOC_NIOS_cpu_mult_cell:the_SOC_NIOS_cpu_mult_cell|altera_mult_add:the_altmult_add_p3|altera_mult_add_37p2:auto_generated|altera_mult_add_rtl:altera_mult_add_rtl1|ama_multiplier_function:multiplier_block|ama_register_function:multiplier_register_block_0|data_out_wire[0]                                                ; RESULTA          ;                       ;
; SOC:u0|SOC_NIOS:nios|SOC_NIOS_cpu:cpu|SOC_NIOS_cpu_mult_cell:the_SOC_NIOS_cpu_mult_cell|altera_mult_add:the_altmult_add_p3|altera_mult_add_37p2:auto_generated|altera_mult_add_rtl:altera_mult_add_rtl1|ama_multiplier_function:multiplier_block|ama_register_function:multiplier_register_block_0|data_out_wire[8]                                      ; Packed Register ; Register Packing                                  ; Timing optimization        ; Q         ;                ; SOC:u0|SOC_NIOS:nios|SOC_NIOS_cpu:cpu|SOC_NIOS_cpu_mult_cell:the_SOC_NIOS_cpu_mult_cell|altera_mult_add:the_altmult_add_p3|altera_mult_add_37p2:auto_generated|altera_mult_add_rtl:altera_mult_add_rtl1|ama_multiplier_function:multiplier_block|ama_register_function:multiplier_register_block_0|data_out_wire[0]                                                ; RESULTA          ;                       ;
; SOC:u0|SOC_NIOS:nios|SOC_NIOS_cpu:cpu|SOC_NIOS_cpu_mult_cell:the_SOC_NIOS_cpu_mult_cell|altera_mult_add:the_altmult_add_p3|altera_mult_add_37p2:auto_generated|altera_mult_add_rtl:altera_mult_add_rtl1|ama_multiplier_function:multiplier_block|ama_register_function:multiplier_register_block_0|data_out_wire[9]                                      ; Packed Register ; Register Packing                                  ; Timing optimization        ; Q         ;                ; SOC:u0|SOC_NIOS:nios|SOC_NIOS_cpu:cpu|SOC_NIOS_cpu_mult_cell:the_SOC_NIOS_cpu_mult_cell|altera_mult_add:the_altmult_add_p3|altera_mult_add_37p2:auto_generated|altera_mult_add_rtl:altera_mult_add_rtl1|ama_multiplier_function:multiplier_block|ama_register_function:multiplier_register_block_0|data_out_wire[0]                                                ; RESULTA          ;                       ;
; SOC:u0|SOC_NIOS:nios|SOC_NIOS_cpu:cpu|SOC_NIOS_cpu_mult_cell:the_SOC_NIOS_cpu_mult_cell|altera_mult_add:the_altmult_add_p3|altera_mult_add_37p2:auto_generated|altera_mult_add_rtl:altera_mult_add_rtl1|ama_multiplier_function:multiplier_block|ama_register_function:multiplier_register_block_0|data_out_wire[10]                                     ; Packed Register ; Register Packing                                  ; Timing optimization        ; Q         ;                ; SOC:u0|SOC_NIOS:nios|SOC_NIOS_cpu:cpu|SOC_NIOS_cpu_mult_cell:the_SOC_NIOS_cpu_mult_cell|altera_mult_add:the_altmult_add_p3|altera_mult_add_37p2:auto_generated|altera_mult_add_rtl:altera_mult_add_rtl1|ama_multiplier_function:multiplier_block|ama_register_function:multiplier_register_block_0|data_out_wire[0]                                                ; RESULTA          ;                       ;
; SOC:u0|SOC_NIOS:nios|SOC_NIOS_cpu:cpu|SOC_NIOS_cpu_mult_cell:the_SOC_NIOS_cpu_mult_cell|altera_mult_add:the_altmult_add_p3|altera_mult_add_37p2:auto_generated|altera_mult_add_rtl:altera_mult_add_rtl1|ama_multiplier_function:multiplier_block|ama_register_function:multiplier_register_block_0|data_out_wire[11]                                     ; Packed Register ; Register Packing                                  ; Timing optimization        ; Q         ;                ; SOC:u0|SOC_NIOS:nios|SOC_NIOS_cpu:cpu|SOC_NIOS_cpu_mult_cell:the_SOC_NIOS_cpu_mult_cell|altera_mult_add:the_altmult_add_p3|altera_mult_add_37p2:auto_generated|altera_mult_add_rtl:altera_mult_add_rtl1|ama_multiplier_function:multiplier_block|ama_register_function:multiplier_register_block_0|data_out_wire[0]                                                ; RESULTA          ;                       ;
; SOC:u0|SOC_NIOS:nios|SOC_NIOS_cpu:cpu|SOC_NIOS_cpu_mult_cell:the_SOC_NIOS_cpu_mult_cell|altera_mult_add:the_altmult_add_p3|altera_mult_add_37p2:auto_generated|altera_mult_add_rtl:altera_mult_add_rtl1|ama_multiplier_function:multiplier_block|ama_register_function:multiplier_register_block_0|data_out_wire[12]                                     ; Packed Register ; Register Packing                                  ; Timing optimization        ; Q         ;                ; SOC:u0|SOC_NIOS:nios|SOC_NIOS_cpu:cpu|SOC_NIOS_cpu_mult_cell:the_SOC_NIOS_cpu_mult_cell|altera_mult_add:the_altmult_add_p3|altera_mult_add_37p2:auto_generated|altera_mult_add_rtl:altera_mult_add_rtl1|ama_multiplier_function:multiplier_block|ama_register_function:multiplier_register_block_0|data_out_wire[0]                                                ; RESULTA          ;                       ;
; SOC:u0|SOC_NIOS:nios|SOC_NIOS_cpu:cpu|SOC_NIOS_cpu_mult_cell:the_SOC_NIOS_cpu_mult_cell|altera_mult_add:the_altmult_add_p3|altera_mult_add_37p2:auto_generated|altera_mult_add_rtl:altera_mult_add_rtl1|ama_multiplier_function:multiplier_block|ama_register_function:multiplier_register_block_0|data_out_wire[13]                                     ; Packed Register ; Register Packing                                  ; Timing optimization        ; Q         ;                ; SOC:u0|SOC_NIOS:nios|SOC_NIOS_cpu:cpu|SOC_NIOS_cpu_mult_cell:the_SOC_NIOS_cpu_mult_cell|altera_mult_add:the_altmult_add_p3|altera_mult_add_37p2:auto_generated|altera_mult_add_rtl:altera_mult_add_rtl1|ama_multiplier_function:multiplier_block|ama_register_function:multiplier_register_block_0|data_out_wire[0]                                                ; RESULTA          ;                       ;
; SOC:u0|SOC_NIOS:nios|SOC_NIOS_cpu:cpu|SOC_NIOS_cpu_mult_cell:the_SOC_NIOS_cpu_mult_cell|altera_mult_add:the_altmult_add_p3|altera_mult_add_37p2:auto_generated|altera_mult_add_rtl:altera_mult_add_rtl1|ama_multiplier_function:multiplier_block|ama_register_function:multiplier_register_block_0|data_out_wire[14]                                     ; Packed Register ; Register Packing                                  ; Timing optimization        ; Q         ;                ; SOC:u0|SOC_NIOS:nios|SOC_NIOS_cpu:cpu|SOC_NIOS_cpu_mult_cell:the_SOC_NIOS_cpu_mult_cell|altera_mult_add:the_altmult_add_p3|altera_mult_add_37p2:auto_generated|altera_mult_add_rtl:altera_mult_add_rtl1|ama_multiplier_function:multiplier_block|ama_register_function:multiplier_register_block_0|data_out_wire[0]                                                ; RESULTA          ;                       ;
; SOC:u0|SOC_NIOS:nios|SOC_NIOS_cpu:cpu|SOC_NIOS_cpu_mult_cell:the_SOC_NIOS_cpu_mult_cell|altera_mult_add:the_altmult_add_p3|altera_mult_add_37p2:auto_generated|altera_mult_add_rtl:altera_mult_add_rtl1|ama_multiplier_function:multiplier_block|ama_register_function:multiplier_register_block_0|data_out_wire[15]                                     ; Packed Register ; Register Packing                                  ; Timing optimization        ; Q         ;                ; SOC:u0|SOC_NIOS:nios|SOC_NIOS_cpu:cpu|SOC_NIOS_cpu_mult_cell:the_SOC_NIOS_cpu_mult_cell|altera_mult_add:the_altmult_add_p3|altera_mult_add_37p2:auto_generated|altera_mult_add_rtl:altera_mult_add_rtl1|ama_multiplier_function:multiplier_block|ama_register_function:multiplier_register_block_0|data_out_wire[0]                                                ; RESULTA          ;                       ;
; SOC:u0|SOC_FIFO:fifo|SOC_FIFO_scfifo_with_controls:the_scfifo_with_controls|SOC_FIFO_single_clock_fifo:the_scfifo|scfifo:single_clock_fifo|scfifo_h6a1:auto_generated|a_dpfifo_oca1:dpfifo|a_fefifo_jaf:fifo_state|b_full                                                                                                                                ; Duplicated      ; Router Logic Cell Insertion and Logic Duplication ; Routability optimization   ;           ;                ; SOC:u0|SOC_FIFO:fifo|SOC_FIFO_scfifo_with_controls:the_scfifo_with_controls|SOC_FIFO_single_clock_fifo:the_scfifo|scfifo:single_clock_fifo|scfifo_h6a1:auto_generated|a_dpfifo_oca1:dpfifo|a_fefifo_jaf:fifo_state|b_full~DUPLICATE                                                                                                                                ;                  ;                       ;
; SOC:u0|SOC_FIFO:fifo|SOC_FIFO_scfifo_with_controls:the_scfifo_with_controls|SOC_FIFO_single_clock_fifo:the_scfifo|scfifo:single_clock_fifo|scfifo_h6a1:auto_generated|a_dpfifo_oca1:dpfifo|a_fefifo_jaf:fifo_state|b_non_empty                                                                                                                           ; Duplicated      ; Router Logic Cell Insertion and Logic Duplication ; Routability optimization   ;           ;                ; SOC:u0|SOC_FIFO:fifo|SOC_FIFO_scfifo_with_controls:the_scfifo_with_controls|SOC_FIFO_single_clock_fifo:the_scfifo|scfifo:single_clock_fifo|scfifo_h6a1:auto_generated|a_dpfifo_oca1:dpfifo|a_fefifo_jaf:fifo_state|b_non_empty~DUPLICATE                                                                                                                           ;                  ;                       ;
; SOC:u0|SOC_FIFO:fifo|SOC_FIFO_scfifo_with_controls:the_scfifo_with_controls|wrclk_control_slave_almostfull_threshold_register[3]                                                                                                                                                                                                                         ; Duplicated      ; Router Logic Cell Insertion and Logic Duplication ; Routability optimization   ;           ;                ; SOC:u0|SOC_FIFO:fifo|SOC_FIFO_scfifo_with_controls:the_scfifo_with_controls|wrclk_control_slave_almostfull_threshold_register[3]~DUPLICATE                                                                                                                                                                                                                         ;                  ;                       ;
; SOC:u0|SOC_FIFO:fifo|SOC_FIFO_scfifo_with_controls:the_scfifo_with_controls|wrclk_control_slave_event_almostfull_q                                                                                                                                                                                                                                       ; Duplicated      ; Router Logic Cell Insertion and Logic Duplication ; Routability optimization   ;           ;                ; SOC:u0|SOC_FIFO:fifo|SOC_FIFO_scfifo_with_controls:the_scfifo_with_controls|wrclk_control_slave_event_almostfull_q~DUPLICATE                                                                                                                                                                                                                                       ;                  ;                       ;
; SOC:u0|SOC_FIFO:fifo|SOC_FIFO_scfifo_with_controls:the_scfifo_with_controls|wrclk_control_slave_event_underflow_q                                                                                                                                                                                                                                        ; Duplicated      ; Router Logic Cell Insertion and Logic Duplication ; Routability optimization   ;           ;                ; SOC:u0|SOC_FIFO:fifo|SOC_FIFO_scfifo_with_controls:the_scfifo_with_controls|wrclk_control_slave_event_underflow_q~DUPLICATE                                                                                                                                                                                                                                        ;                  ;                       ;
; SOC:u0|SOC_FIFO:fifo|SOC_FIFO_scfifo_with_controls:the_scfifo_with_controls|wrclk_control_slave_ienable_register[5]                                                                                                                                                                                                                                      ; Duplicated      ; Router Logic Cell Insertion and Logic Duplication ; Routability optimization   ;           ;                ; SOC:u0|SOC_FIFO:fifo|SOC_FIFO_scfifo_with_controls:the_scfifo_with_controls|wrclk_control_slave_ienable_register[5]~DUPLICATE                                                                                                                                                                                                                                      ;                  ;                       ;
; SOC:u0|SOC_NIOS:nios|SOC_NIOS_cpu:cpu|A_ctrl_shift_rot                                                                                                                                                                                                                                                                                                   ; Duplicated      ; Router Logic Cell Insertion and Logic Duplication ; Routability optimization   ;           ;                ; SOC:u0|SOC_NIOS:nios|SOC_NIOS_cpu:cpu|A_ctrl_shift_rot~DUPLICATE                                                                                                                                                                                                                                                                                                   ;                  ;                       ;
; SOC:u0|SOC_NIOS:nios|SOC_NIOS_cpu:cpu|A_dc_fill_dp_offset[0]                                                                                                                                                                                                                                                                                             ; Duplicated      ; Router Logic Cell Insertion and Logic Duplication ; Routability optimization   ;           ;                ; SOC:u0|SOC_NIOS:nios|SOC_NIOS_cpu:cpu|A_dc_fill_dp_offset[0]~DUPLICATE                                                                                                                                                                                                                                                                                             ;                  ;                       ;
; SOC:u0|SOC_NIOS:nios|SOC_NIOS_cpu:cpu|A_dc_fill_dp_offset[1]                                                                                                                                                                                                                                                                                             ; Duplicated      ; Router Logic Cell Insertion and Logic Duplication ; Routability optimization   ;           ;                ; SOC:u0|SOC_NIOS:nios|SOC_NIOS_cpu:cpu|A_dc_fill_dp_offset[1]~DUPLICATE                                                                                                                                                                                                                                                                                             ;                  ;                       ;
; SOC:u0|SOC_NIOS:nios|SOC_NIOS_cpu:cpu|A_dc_wb_active                                                                                                                                                                                                                                                                                                     ; Duplicated      ; Router Logic Cell Insertion and Logic Duplication ; Routability optimization   ;           ;                ; SOC:u0|SOC_NIOS:nios|SOC_NIOS_cpu:cpu|A_dc_wb_active~DUPLICATE                                                                                                                                                                                                                                                                                                     ;                  ;                       ;
; SOC:u0|SOC_NIOS:nios|SOC_NIOS_cpu:cpu|A_dc_wb_rd_addr_starting                                                                                                                                                                                                                                                                                           ; Duplicated      ; Router Logic Cell Insertion and Logic Duplication ; Routability optimization   ;           ;                ; SOC:u0|SOC_NIOS:nios|SOC_NIOS_cpu:cpu|A_dc_wb_rd_addr_starting~DUPLICATE                                                                                                                                                                                                                                                                                           ;                  ;                       ;
; SOC:u0|SOC_NIOS:nios|SOC_NIOS_cpu:cpu|A_dc_wb_wr_active                                                                                                                                                                                                                                                                                                  ; Duplicated      ; Router Logic Cell Insertion and Logic Duplication ; Routability optimization   ;           ;                ; SOC:u0|SOC_NIOS:nios|SOC_NIOS_cpu:cpu|A_dc_wb_wr_active~DUPLICATE                                                                                                                                                                                                                                                                                                  ;                  ;                       ;
; SOC:u0|SOC_NIOS:nios|SOC_NIOS_cpu:cpu|A_dc_xfer_rd_addr_active                                                                                                                                                                                                                                                                                           ; Duplicated      ; Router Logic Cell Insertion and Logic Duplication ; Routability optimization   ;           ;                ; SOC:u0|SOC_NIOS:nios|SOC_NIOS_cpu:cpu|A_dc_xfer_rd_addr_active~DUPLICATE                                                                                                                                                                                                                                                                                           ;                  ;                       ;
; SOC:u0|SOC_NIOS:nios|SOC_NIOS_cpu:cpu|A_exc_break                                                                                                                                                                                                                                                                                                        ; Duplicated      ; Router Logic Cell Insertion and Logic Duplication ; Routability optimization   ;           ;                ; SOC:u0|SOC_NIOS:nios|SOC_NIOS_cpu:cpu|A_exc_break~DUPLICATE                                                                                                                                                                                                                                                                                                        ;                  ;                       ;
; SOC:u0|SOC_NIOS:nios|SOC_NIOS_cpu:cpu|A_ld_align_sh8                                                                                                                                                                                                                                                                                                     ; Duplicated      ; Router Logic Cell Insertion and Logic Duplication ; Routability optimization   ;           ;                ; SOC:u0|SOC_NIOS:nios|SOC_NIOS_cpu:cpu|A_ld_align_sh8~DUPLICATE                                                                                                                                                                                                                                                                                                     ;                  ;                       ;
; SOC:u0|SOC_NIOS:nios|SOC_NIOS_cpu:cpu|A_mem_baddr[2]                                                                                                                                                                                                                                                                                                     ; Duplicated      ; Router Logic Cell Insertion and Logic Duplication ; Routability optimization   ;           ;                ; SOC:u0|SOC_NIOS:nios|SOC_NIOS_cpu:cpu|A_mem_baddr[2]~DUPLICATE                                                                                                                                                                                                                                                                                                     ;                  ;                       ;
; SOC:u0|SOC_NIOS:nios|SOC_NIOS_cpu:cpu|A_mem_baddr[3]                                                                                                                                                                                                                                                                                                     ; Duplicated      ; Router Logic Cell Insertion and Logic Duplication ; Routability optimization   ;           ;                ; SOC:u0|SOC_NIOS:nios|SOC_NIOS_cpu:cpu|A_mem_baddr[3]~DUPLICATE                                                                                                                                                                                                                                                                                                     ;                  ;                       ;
; SOC:u0|SOC_NIOS:nios|SOC_NIOS_cpu:cpu|A_mem_baddr[8]                                                                                                                                                                                                                                                                                                     ; Duplicated      ; Router Logic Cell Insertion and Logic Duplication ; Routability optimization   ;           ;                ; SOC:u0|SOC_NIOS:nios|SOC_NIOS_cpu:cpu|A_mem_baddr[8]~DUPLICATE                                                                                                                                                                                                                                                                                                     ;                  ;                       ;
; SOC:u0|SOC_NIOS:nios|SOC_NIOS_cpu:cpu|A_mem_baddr[12]                                                                                                                                                                                                                                                                                                    ; Duplicated      ; Router Logic Cell Insertion and Logic Duplication ; Routability optimization   ;           ;                ; SOC:u0|SOC_NIOS:nios|SOC_NIOS_cpu:cpu|A_mem_baddr[12]~DUPLICATE                                                                                                                                                                                                                                                                                                    ;                  ;                       ;
; SOC:u0|SOC_NIOS:nios|SOC_NIOS_cpu:cpu|A_mem_byte_en[2]                                                                                                                                                                                                                                                                                                   ; Duplicated      ; Router Logic Cell Insertion and Logic Duplication ; Routability optimization   ;           ;                ; SOC:u0|SOC_NIOS:nios|SOC_NIOS_cpu:cpu|A_mem_byte_en[2]~DUPLICATE                                                                                                                                                                                                                                                                                                   ;                  ;                       ;
; SOC:u0|SOC_NIOS:nios|SOC_NIOS_cpu:cpu|A_mem_byte_en[3]                                                                                                                                                                                                                                                                                                   ; Duplicated      ; Router Logic Cell Insertion and Logic Duplication ; Routability optimization   ;           ;                ; SOC:u0|SOC_NIOS:nios|SOC_NIOS_cpu:cpu|A_mem_byte_en[3]~DUPLICATE                                                                                                                                                                                                                                                                                                   ;                  ;                       ;
; SOC:u0|SOC_NIOS:nios|SOC_NIOS_cpu:cpu|A_st_data[5]                                                                                                                                                                                                                                                                                                       ; Duplicated      ; Router Logic Cell Insertion and Logic Duplication ; Routability optimization   ;           ;                ; SOC:u0|SOC_NIOS:nios|SOC_NIOS_cpu:cpu|A_st_data[5]~DUPLICATE                                                                                                                                                                                                                                                                                                       ;                  ;                       ;
; SOC:u0|SOC_NIOS:nios|SOC_NIOS_cpu:cpu|A_st_data[6]                                                                                                                                                                                                                                                                                                       ; Duplicated      ; Router Logic Cell Insertion and Logic Duplication ; Routability optimization   ;           ;                ; SOC:u0|SOC_NIOS:nios|SOC_NIOS_cpu:cpu|A_st_data[6]~DUPLICATE                                                                                                                                                                                                                                                                                                       ;                  ;                       ;
; SOC:u0|SOC_NIOS:nios|SOC_NIOS_cpu:cpu|A_st_data[14]                                                                                                                                                                                                                                                                                                      ; Duplicated      ; Router Logic Cell Insertion and Logic Duplication ; Routability optimization   ;           ;                ; SOC:u0|SOC_NIOS:nios|SOC_NIOS_cpu:cpu|A_st_data[14]~DUPLICATE                                                                                                                                                                                                                                                                                                      ;                  ;                       ;
; SOC:u0|SOC_NIOS:nios|SOC_NIOS_cpu:cpu|A_st_data[15]                                                                                                                                                                                                                                                                                                      ; Duplicated      ; Router Logic Cell Insertion and Logic Duplication ; Routability optimization   ;           ;                ; SOC:u0|SOC_NIOS:nios|SOC_NIOS_cpu:cpu|A_st_data[15]~DUPLICATE                                                                                                                                                                                                                                                                                                      ;                  ;                       ;
; SOC:u0|SOC_NIOS:nios|SOC_NIOS_cpu:cpu|A_st_data[22]                                                                                                                                                                                                                                                                                                      ; Duplicated      ; Router Logic Cell Insertion and Logic Duplication ; Routability optimization   ;           ;                ; SOC:u0|SOC_NIOS:nios|SOC_NIOS_cpu:cpu|A_st_data[22]~DUPLICATE                                                                                                                                                                                                                                                                                                      ;                  ;                       ;
; SOC:u0|SOC_NIOS:nios|SOC_NIOS_cpu:cpu|A_st_data[29]                                                                                                                                                                                                                                                                                                      ; Duplicated      ; Router Logic Cell Insertion and Logic Duplication ; Routability optimization   ;           ;                ; SOC:u0|SOC_NIOS:nios|SOC_NIOS_cpu:cpu|A_st_data[29]~DUPLICATE                                                                                                                                                                                                                                                                                                      ;                  ;                       ;
; SOC:u0|SOC_NIOS:nios|SOC_NIOS_cpu:cpu|D_iw[2]                                                                                                                                                                                                                                                                                                            ; Duplicated      ; Router Logic Cell Insertion and Logic Duplication ; Routability optimization   ;           ;                ; SOC:u0|SOC_NIOS:nios|SOC_NIOS_cpu:cpu|D_iw[2]~DUPLICATE                                                                                                                                                                                                                                                                                                            ;                  ;                       ;
; SOC:u0|SOC_NIOS:nios|SOC_NIOS_cpu:cpu|D_iw[5]                                                                                                                                                                                                                                                                                                            ; Duplicated      ; Router Logic Cell Insertion and Logic Duplication ; Routability optimization   ;           ;                ; SOC:u0|SOC_NIOS:nios|SOC_NIOS_cpu:cpu|D_iw[5]~DUPLICATE                                                                                                                                                                                                                                                                                                            ;                  ;                       ;
; SOC:u0|SOC_NIOS:nios|SOC_NIOS_cpu:cpu|D_iw[17]                                                                                                                                                                                                                                                                                                           ; Duplicated      ; Router Logic Cell Insertion and Logic Duplication ; Routability optimization   ;           ;                ; SOC:u0|SOC_NIOS:nios|SOC_NIOS_cpu:cpu|D_iw[17]~DUPLICATE                                                                                                                                                                                                                                                                                                           ;                  ;                       ;
; SOC:u0|SOC_NIOS:nios|SOC_NIOS_cpu:cpu|D_iw[25]                                                                                                                                                                                                                                                                                                           ; Duplicated      ; Router Logic Cell Insertion and Logic Duplication ; Routability optimization   ;           ;                ; SOC:u0|SOC_NIOS:nios|SOC_NIOS_cpu:cpu|D_iw[25]~DUPLICATE                                                                                                                                                                                                                                                                                                           ;                  ;                       ;
; SOC:u0|SOC_NIOS:nios|SOC_NIOS_cpu:cpu|D_pc[4]                                                                                                                                                                                                                                                                                                            ; Duplicated      ; Router Logic Cell Insertion and Logic Duplication ; Routability optimization   ;           ;                ; SOC:u0|SOC_NIOS:nios|SOC_NIOS_cpu:cpu|D_pc[4]~DUPLICATE                                                                                                                                                                                                                                                                                                            ;                  ;                       ;
; SOC:u0|SOC_NIOS:nios|SOC_NIOS_cpu:cpu|D_pc[7]                                                                                                                                                                                                                                                                                                            ; Duplicated      ; Router Logic Cell Insertion and Logic Duplication ; Routability optimization   ;           ;                ; SOC:u0|SOC_NIOS:nios|SOC_NIOS_cpu:cpu|D_pc[7]~DUPLICATE                                                                                                                                                                                                                                                                                                            ;                  ;                       ;
; SOC:u0|SOC_NIOS:nios|SOC_NIOS_cpu:cpu|D_pc[9]                                                                                                                                                                                                                                                                                                            ; Duplicated      ; Router Logic Cell Insertion and Logic Duplication ; Routability optimization   ;           ;                ; SOC:u0|SOC_NIOS:nios|SOC_NIOS_cpu:cpu|D_pc[9]~DUPLICATE                                                                                                                                                                                                                                                                                                            ;                  ;                       ;
; SOC:u0|SOC_NIOS:nios|SOC_NIOS_cpu:cpu|E_ctrl_cmp                                                                                                                                                                                                                                                                                                         ; Duplicated      ; Router Logic Cell Insertion and Logic Duplication ; Routability optimization   ;           ;                ; SOC:u0|SOC_NIOS:nios|SOC_NIOS_cpu:cpu|E_ctrl_cmp~DUPLICATE                                                                                                                                                                                                                                                                                                         ;                  ;                       ;
; SOC:u0|SOC_NIOS:nios|SOC_NIOS_cpu:cpu|E_extra_pc[6]                                                                                                                                                                                                                                                                                                      ; Duplicated      ; Router Logic Cell Insertion and Logic Duplication ; Routability optimization   ;           ;                ; SOC:u0|SOC_NIOS:nios|SOC_NIOS_cpu:cpu|E_extra_pc[6]~DUPLICATE                                                                                                                                                                                                                                                                                                      ;                  ;                       ;
; SOC:u0|SOC_NIOS:nios|SOC_NIOS_cpu:cpu|E_extra_pc[7]                                                                                                                                                                                                                                                                                                      ; Duplicated      ; Router Logic Cell Insertion and Logic Duplication ; Routability optimization   ;           ;                ; SOC:u0|SOC_NIOS:nios|SOC_NIOS_cpu:cpu|E_extra_pc[7]~DUPLICATE                                                                                                                                                                                                                                                                                                      ;                  ;                       ;
; SOC:u0|SOC_NIOS:nios|SOC_NIOS_cpu:cpu|E_extra_pc[9]                                                                                                                                                                                                                                                                                                      ; Duplicated      ; Router Logic Cell Insertion and Logic Duplication ; Routability optimization   ;           ;                ; SOC:u0|SOC_NIOS:nios|SOC_NIOS_cpu:cpu|E_extra_pc[9]~DUPLICATE                                                                                                                                                                                                                                                                                                      ;                  ;                       ;
; SOC:u0|SOC_NIOS:nios|SOC_NIOS_cpu:cpu|E_iw[7]                                                                                                                                                                                                                                                                                                            ; Duplicated      ; Router Logic Cell Insertion and Logic Duplication ; Routability optimization   ;           ;                ; SOC:u0|SOC_NIOS:nios|SOC_NIOS_cpu:cpu|E_iw[7]~DUPLICATE                                                                                                                                                                                                                                                                                                            ;                  ;                       ;
; SOC:u0|SOC_NIOS:nios|SOC_NIOS_cpu:cpu|E_iw[9]                                                                                                                                                                                                                                                                                                            ; Duplicated      ; Router Logic Cell Insertion and Logic Duplication ; Routability optimization   ;           ;                ; SOC:u0|SOC_NIOS:nios|SOC_NIOS_cpu:cpu|E_iw[9]~DUPLICATE                                                                                                                                                                                                                                                                                                            ;                  ;                       ;
; SOC:u0|SOC_NIOS:nios|SOC_NIOS_cpu:cpu|E_logic_op[0]                                                                                                                                                                                                                                                                                                      ; Duplicated      ; Router Logic Cell Insertion and Logic Duplication ; Routability optimization   ;           ;                ; SOC:u0|SOC_NIOS:nios|SOC_NIOS_cpu:cpu|E_logic_op[0]~DUPLICATE                                                                                                                                                                                                                                                                                                      ;                  ;                       ;
; SOC:u0|SOC_NIOS:nios|SOC_NIOS_cpu:cpu|E_logic_op[1]                                                                                                                                                                                                                                                                                                      ; Duplicated      ; Router Logic Cell Insertion and Logic Duplication ; Routability optimization   ;           ;                ; SOC:u0|SOC_NIOS:nios|SOC_NIOS_cpu:cpu|E_logic_op[1]~DUPLICATE                                                                                                                                                                                                                                                                                                      ;                  ;                       ;
; SOC:u0|SOC_NIOS:nios|SOC_NIOS_cpu:cpu|E_pc[0]                                                                                                                                                                                                                                                                                                            ; Duplicated      ; Router Logic Cell Insertion and Logic Duplication ; Routability optimization   ;           ;                ; SOC:u0|SOC_NIOS:nios|SOC_NIOS_cpu:cpu|E_pc[0]~DUPLICATE                                                                                                                                                                                                                                                                                                            ;                  ;                       ;
; SOC:u0|SOC_NIOS:nios|SOC_NIOS_cpu:cpu|E_pc[3]                                                                                                                                                                                                                                                                                                            ; Duplicated      ; Router Logic Cell Insertion and Logic Duplication ; Routability optimization   ;           ;                ; SOC:u0|SOC_NIOS:nios|SOC_NIOS_cpu:cpu|E_pc[3]~DUPLICATE                                                                                                                                                                                                                                                                                                            ;                  ;                       ;
; SOC:u0|SOC_NIOS:nios|SOC_NIOS_cpu:cpu|E_src1[26]                                                                                                                                                                                                                                                                                                         ; Duplicated      ; Router Logic Cell Insertion and Logic Duplication ; Routability optimization   ;           ;                ; SOC:u0|SOC_NIOS:nios|SOC_NIOS_cpu:cpu|E_src1[26]~DUPLICATE                                                                                                                                                                                                                                                                                                         ;                  ;                       ;
; SOC:u0|SOC_NIOS:nios|SOC_NIOS_cpu:cpu|F_pc[0]                                                                                                                                                                                                                                                                                                            ; Duplicated      ; Router Logic Cell Insertion and Logic Duplication ; Routability optimization   ;           ;                ; SOC:u0|SOC_NIOS:nios|SOC_NIOS_cpu:cpu|F_pc[0]~DUPLICATE                                                                                                                                                                                                                                                                                                            ;                  ;                       ;
; SOC:u0|SOC_NIOS:nios|SOC_NIOS_cpu:cpu|F_pc[1]                                                                                                                                                                                                                                                                                                            ; Duplicated      ; Router Logic Cell Insertion and Logic Duplication ; Routability optimization   ;           ;                ; SOC:u0|SOC_NIOS:nios|SOC_NIOS_cpu:cpu|F_pc[1]~DUPLICATE                                                                                                                                                                                                                                                                                                            ;                  ;                       ;
; SOC:u0|SOC_NIOS:nios|SOC_NIOS_cpu:cpu|F_pc[9]                                                                                                                                                                                                                                                                                                            ; Duplicated      ; Router Logic Cell Insertion and Logic Duplication ; Routability optimization   ;           ;                ; SOC:u0|SOC_NIOS:nios|SOC_NIOS_cpu:cpu|F_pc[9]~DUPLICATE                                                                                                                                                                                                                                                                                                            ;                  ;                       ;
; SOC:u0|SOC_NIOS:nios|SOC_NIOS_cpu:cpu|M_alu_result[2]                                                                                                                                                                                                                                                                                                    ; Duplicated      ; Router Logic Cell Insertion and Logic Duplication ; Routability optimization   ;           ;                ; SOC:u0|SOC_NIOS:nios|SOC_NIOS_cpu:cpu|M_alu_result[2]~DUPLICATE                                                                                                                                                                                                                                                                                                    ;                  ;                       ;
; SOC:u0|SOC_NIOS:nios|SOC_NIOS_cpu:cpu|M_alu_result[3]                                                                                                                                                                                                                                                                                                    ; Duplicated      ; Router Logic Cell Insertion and Logic Duplication ; Routability optimization   ;           ;                ; SOC:u0|SOC_NIOS:nios|SOC_NIOS_cpu:cpu|M_alu_result[3]~DUPLICATE                                                                                                                                                                                                                                                                                                    ;                  ;                       ;
; SOC:u0|SOC_NIOS:nios|SOC_NIOS_cpu:cpu|M_alu_result[11]                                                                                                                                                                                                                                                                                                   ; Duplicated      ; Router Logic Cell Insertion and Logic Duplication ; Routability optimization   ;           ;                ; SOC:u0|SOC_NIOS:nios|SOC_NIOS_cpu:cpu|M_alu_result[11]~DUPLICATE                                                                                                                                                                                                                                                                                                   ;                  ;                       ;
; SOC:u0|SOC_NIOS:nios|SOC_NIOS_cpu:cpu|M_alu_result[15]                                                                                                                                                                                                                                                                                                   ; Duplicated      ; Router Logic Cell Insertion and Logic Duplication ; Routability optimization   ;           ;                ; SOC:u0|SOC_NIOS:nios|SOC_NIOS_cpu:cpu|M_alu_result[15]~DUPLICATE                                                                                                                                                                                                                                                                                                   ;                  ;                       ;
; SOC:u0|SOC_NIOS:nios|SOC_NIOS_cpu:cpu|M_alu_result[20]                                                                                                                                                                                                                                                                                                   ; Duplicated      ; Router Logic Cell Insertion and Logic Duplication ; Routability optimization   ;           ;                ; SOC:u0|SOC_NIOS:nios|SOC_NIOS_cpu:cpu|M_alu_result[20]~DUPLICATE                                                                                                                                                                                                                                                                                                   ;                  ;                       ;
; SOC:u0|SOC_NIOS:nios|SOC_NIOS_cpu:cpu|M_alu_result[22]                                                                                                                                                                                                                                                                                                   ; Duplicated      ; Router Logic Cell Insertion and Logic Duplication ; Routability optimization   ;           ;                ; SOC:u0|SOC_NIOS:nios|SOC_NIOS_cpu:cpu|M_alu_result[22]~DUPLICATE                                                                                                                                                                                                                                                                                                   ;                  ;                       ;
; SOC:u0|SOC_NIOS:nios|SOC_NIOS_cpu:cpu|M_br_mispredict                                                                                                                                                                                                                                                                                                    ; Duplicated      ; Router Logic Cell Insertion and Logic Duplication ; Routability optimization   ;           ;                ; SOC:u0|SOC_NIOS:nios|SOC_NIOS_cpu:cpu|M_br_mispredict~DUPLICATE                                                                                                                                                                                                                                                                                                    ;                  ;                       ;
; SOC:u0|SOC_NIOS:nios|SOC_NIOS_cpu:cpu|M_dst_regnum[2]                                                                                                                                                                                                                                                                                                    ; Duplicated      ; Router Logic Cell Insertion and Logic Duplication ; Routability optimization   ;           ;                ; SOC:u0|SOC_NIOS:nios|SOC_NIOS_cpu:cpu|M_dst_regnum[2]~DUPLICATE                                                                                                                                                                                                                                                                                                    ;                  ;                       ;
; SOC:u0|SOC_NIOS:nios|SOC_NIOS_cpu:cpu|M_pc_plus_one[6]                                                                                                                                                                                                                                                                                                   ; Duplicated      ; Router Logic Cell Insertion and Logic Duplication ; Routability optimization   ;           ;                ; SOC:u0|SOC_NIOS:nios|SOC_NIOS_cpu:cpu|M_pc_plus_one[6]~DUPLICATE                                                                                                                                                                                                                                                                                                   ;                  ;                       ;
; SOC:u0|SOC_NIOS:nios|SOC_NIOS_cpu:cpu|M_pc_plus_one[7]                                                                                                                                                                                                                                                                                                   ; Duplicated      ; Router Logic Cell Insertion and Logic Duplication ; Routability optimization   ;           ;                ; SOC:u0|SOC_NIOS:nios|SOC_NIOS_cpu:cpu|M_pc_plus_one[7]~DUPLICATE                                                                                                                                                                                                                                                                                                   ;                  ;                       ;
; SOC:u0|SOC_NIOS:nios|SOC_NIOS_cpu:cpu|M_pipe_flush                                                                                                                                                                                                                                                                                                       ; Duplicated      ; Router Logic Cell Insertion and Logic Duplication ; Routability optimization   ;           ;                ; SOC:u0|SOC_NIOS:nios|SOC_NIOS_cpu:cpu|M_pipe_flush~DUPLICATE                                                                                                                                                                                                                                                                                                       ;                  ;                       ;
; SOC:u0|SOC_NIOS:nios|SOC_NIOS_cpu:cpu|M_rot_fill_bit                                                                                                                                                                                                                                                                                                     ; Duplicated      ; Router Logic Cell Insertion and Logic Duplication ; Routability optimization   ;           ;                ; SOC:u0|SOC_NIOS:nios|SOC_NIOS_cpu:cpu|M_rot_fill_bit~DUPLICATE                                                                                                                                                                                                                                                                                                     ;                  ;                       ;
; SOC:u0|SOC_NIOS:nios|SOC_NIOS_cpu:cpu|M_rot_mask[1]                                                                                                                                                                                                                                                                                                      ; Duplicated      ; Router Logic Cell Insertion and Logic Duplication ; Routability optimization   ;           ;                ; SOC:u0|SOC_NIOS:nios|SOC_NIOS_cpu:cpu|M_rot_mask[1]~DUPLICATE                                                                                                                                                                                                                                                                                                      ;                  ;                       ;
; SOC:u0|SOC_NIOS:nios|SOC_NIOS_cpu:cpu|M_st_data[7]                                                                                                                                                                                                                                                                                                       ; Duplicated      ; Router Logic Cell Insertion and Logic Duplication ; Routability optimization   ;           ;                ; SOC:u0|SOC_NIOS:nios|SOC_NIOS_cpu:cpu|M_st_data[7]~DUPLICATE                                                                                                                                                                                                                                                                                                       ;                  ;                       ;
; SOC:u0|SOC_NIOS:nios|SOC_NIOS_cpu:cpu|M_st_data[14]                                                                                                                                                                                                                                                                                                      ; Duplicated      ; Router Logic Cell Insertion and Logic Duplication ; Routability optimization   ;           ;                ; SOC:u0|SOC_NIOS:nios|SOC_NIOS_cpu:cpu|M_st_data[14]~DUPLICATE                                                                                                                                                                                                                                                                                                      ;                  ;                       ;
; SOC:u0|SOC_NIOS:nios|SOC_NIOS_cpu:cpu|SOC_NIOS_cpu_nios2_oci:the_SOC_NIOS_cpu_nios2_oci|SOC_NIOS_cpu_nios2_avalon_reg:the_SOC_NIOS_cpu_nios2_avalon_reg|oci_ienable[1]                                                                                                                                                                                   ; Duplicated      ; Router Logic Cell Insertion and Logic Duplication ; Routability optimization   ;           ;                ; SOC:u0|SOC_NIOS:nios|SOC_NIOS_cpu:cpu|SOC_NIOS_cpu_nios2_oci:the_SOC_NIOS_cpu_nios2_oci|SOC_NIOS_cpu_nios2_avalon_reg:the_SOC_NIOS_cpu_nios2_avalon_reg|oci_ienable[1]~DUPLICATE                                                                                                                                                                                   ;                  ;                       ;
; SOC:u0|SOC_NIOS:nios|SOC_NIOS_cpu:cpu|SOC_NIOS_cpu_nios2_oci:the_SOC_NIOS_cpu_nios2_oci|SOC_NIOS_cpu_nios2_ocimem:the_SOC_NIOS_cpu_nios2_ocimem|MonAReg[2]                                                                                                                                                                                               ; Duplicated      ; Router Logic Cell Insertion and Logic Duplication ; Routability optimization   ;           ;                ; SOC:u0|SOC_NIOS:nios|SOC_NIOS_cpu:cpu|SOC_NIOS_cpu_nios2_oci:the_SOC_NIOS_cpu_nios2_oci|SOC_NIOS_cpu_nios2_ocimem:the_SOC_NIOS_cpu_nios2_ocimem|MonAReg[2]~DUPLICATE                                                                                                                                                                                               ;                  ;                       ;
; SOC:u0|SOC_NIOS:nios|SOC_NIOS_cpu:cpu|SOC_NIOS_cpu_nios2_oci:the_SOC_NIOS_cpu_nios2_oci|SOC_NIOS_cpu_nios2_ocimem:the_SOC_NIOS_cpu_nios2_ocimem|MonAReg[3]                                                                                                                                                                                               ; Duplicated      ; Router Logic Cell Insertion and Logic Duplication ; Routability optimization   ;           ;                ; SOC:u0|SOC_NIOS:nios|SOC_NIOS_cpu:cpu|SOC_NIOS_cpu_nios2_oci:the_SOC_NIOS_cpu_nios2_oci|SOC_NIOS_cpu_nios2_ocimem:the_SOC_NIOS_cpu_nios2_ocimem|MonAReg[3]~DUPLICATE                                                                                                                                                                                               ;                  ;                       ;
; SOC:u0|SOC_NIOS:nios|SOC_NIOS_cpu:cpu|SOC_NIOS_cpu_nios2_oci:the_SOC_NIOS_cpu_nios2_oci|SOC_NIOS_cpu_nios2_ocimem:the_SOC_NIOS_cpu_nios2_ocimem|MonAReg[4]                                                                                                                                                                                               ; Duplicated      ; Router Logic Cell Insertion and Logic Duplication ; Routability optimization   ;           ;                ; SOC:u0|SOC_NIOS:nios|SOC_NIOS_cpu:cpu|SOC_NIOS_cpu_nios2_oci:the_SOC_NIOS_cpu_nios2_oci|SOC_NIOS_cpu_nios2_ocimem:the_SOC_NIOS_cpu_nios2_ocimem|MonAReg[4]~DUPLICATE                                                                                                                                                                                               ;                  ;                       ;
; SOC:u0|SOC_NIOS:nios|SOC_NIOS_cpu:cpu|SOC_NIOS_cpu_nios2_oci:the_SOC_NIOS_cpu_nios2_oci|SOC_NIOS_cpu_nios2_ocimem:the_SOC_NIOS_cpu_nios2_ocimem|MonDReg[18]                                                                                                                                                                                              ; Duplicated      ; Router Logic Cell Insertion and Logic Duplication ; Routability optimization   ;           ;                ; SOC:u0|SOC_NIOS:nios|SOC_NIOS_cpu:cpu|SOC_NIOS_cpu_nios2_oci:the_SOC_NIOS_cpu_nios2_oci|SOC_NIOS_cpu_nios2_ocimem:the_SOC_NIOS_cpu_nios2_ocimem|MonDReg[18]~DUPLICATE                                                                                                                                                                                              ;                  ;                       ;
; SOC:u0|SOC_NIOS:nios|SOC_NIOS_cpu:cpu|SOC_NIOS_cpu_nios2_oci:the_SOC_NIOS_cpu_nios2_oci|SOC_NIOS_cpu_nios2_ocimem:the_SOC_NIOS_cpu_nios2_ocimem|MonDReg[28]                                                                                                                                                                                              ; Duplicated      ; Router Logic Cell Insertion and Logic Duplication ; Routability optimization   ;           ;                ; SOC:u0|SOC_NIOS:nios|SOC_NIOS_cpu:cpu|SOC_NIOS_cpu_nios2_oci:the_SOC_NIOS_cpu_nios2_oci|SOC_NIOS_cpu_nios2_ocimem:the_SOC_NIOS_cpu_nios2_ocimem|MonDReg[28]~DUPLICATE                                                                                                                                                                                              ;                  ;                       ;
; SOC:u0|SOC_NIOS:nios|SOC_NIOS_cpu:cpu|SOC_NIOS_cpu_nios2_oci:the_SOC_NIOS_cpu_nios2_oci|SOC_NIOS_cpu_nios2_ocimem:the_SOC_NIOS_cpu_nios2_ocimem|MonDReg[29]                                                                                                                                                                                              ; Duplicated      ; Router Logic Cell Insertion and Logic Duplication ; Routability optimization   ;           ;                ; SOC:u0|SOC_NIOS:nios|SOC_NIOS_cpu:cpu|SOC_NIOS_cpu_nios2_oci:the_SOC_NIOS_cpu_nios2_oci|SOC_NIOS_cpu_nios2_ocimem:the_SOC_NIOS_cpu_nios2_ocimem|MonDReg[29]~DUPLICATE                                                                                                                                                                                              ;                  ;                       ;
; SOC:u0|SOC_NIOS:nios|SOC_NIOS_cpu:cpu|SOC_NIOS_cpu_nios2_oci:the_SOC_NIOS_cpu_nios2_oci|SOC_NIOS_cpu_nios2_ocimem:the_SOC_NIOS_cpu_nios2_ocimem|MonDReg[31]                                                                                                                                                                                              ; Duplicated      ; Router Logic Cell Insertion and Logic Duplication ; Routability optimization   ;           ;                ; SOC:u0|SOC_NIOS:nios|SOC_NIOS_cpu:cpu|SOC_NIOS_cpu_nios2_oci:the_SOC_NIOS_cpu_nios2_oci|SOC_NIOS_cpu_nios2_ocimem:the_SOC_NIOS_cpu_nios2_ocimem|MonDReg[31]~DUPLICATE                                                                                                                                                                                              ;                  ;                       ;
; SOC:u0|SOC_NIOS:nios|SOC_NIOS_cpu:cpu|SOC_NIOS_cpu_nios2_oci:the_SOC_NIOS_cpu_nios2_oci|address[0]                                                                                                                                                                                                                                                       ; Duplicated      ; Router Logic Cell Insertion and Logic Duplication ; Routability optimization   ;           ;                ; SOC:u0|SOC_NIOS:nios|SOC_NIOS_cpu:cpu|SOC_NIOS_cpu_nios2_oci:the_SOC_NIOS_cpu_nios2_oci|address[0]~DUPLICATE                                                                                                                                                                                                                                                       ;                  ;                       ;
; SOC:u0|SOC_NIOS:nios|SOC_NIOS_cpu:cpu|SOC_NIOS_cpu_nios2_oci:the_SOC_NIOS_cpu_nios2_oci|write                                                                                                                                                                                                                                                            ; Duplicated      ; Router Logic Cell Insertion and Logic Duplication ; Routability optimization   ;           ;                ; SOC:u0|SOC_NIOS:nios|SOC_NIOS_cpu:cpu|SOC_NIOS_cpu_nios2_oci:the_SOC_NIOS_cpu_nios2_oci|write~DUPLICATE                                                                                                                                                                                                                                                            ;                  ;                       ;
; SOC:u0|SOC_NIOS:nios|SOC_NIOS_cpu:cpu|W_debug_mode                                                                                                                                                                                                                                                                                                       ; Duplicated      ; Router Logic Cell Insertion and Logic Duplication ; Routability optimization   ;           ;                ; SOC:u0|SOC_NIOS:nios|SOC_NIOS_cpu:cpu|W_debug_mode~DUPLICATE                                                                                                                                                                                                                                                                                                       ;                  ;                       ;
; SOC:u0|SOC_NIOS:nios|SOC_NIOS_cpu:cpu|d_address_offset_field[0]                                                                                                                                                                                                                                                                                          ; Duplicated      ; Router Logic Cell Insertion and Logic Duplication ; Routability optimization   ;           ;                ; SOC:u0|SOC_NIOS:nios|SOC_NIOS_cpu:cpu|d_address_offset_field[0]~DUPLICATE                                                                                                                                                                                                                                                                                          ;                  ;                       ;
; SOC:u0|SOC_NIOS:nios|SOC_NIOS_cpu:cpu|d_address_offset_field[1]                                                                                                                                                                                                                                                                                          ; Duplicated      ; Router Logic Cell Insertion and Logic Duplication ; Routability optimization   ;           ;                ; SOC:u0|SOC_NIOS:nios|SOC_NIOS_cpu:cpu|d_address_offset_field[1]~DUPLICATE                                                                                                                                                                                                                                                                                          ;                  ;                       ;
; SOC:u0|SOC_NIOS:nios|SOC_NIOS_cpu:cpu|ic_fill_tag[2]                                                                                                                                                                                                                                                                                                     ; Duplicated      ; Router Logic Cell Insertion and Logic Duplication ; Routability optimization   ;           ;                ; SOC:u0|SOC_NIOS:nios|SOC_NIOS_cpu:cpu|ic_fill_tag[2]~DUPLICATE                                                                                                                                                                                                                                                                                                     ;                  ;                       ;
; SOC:u0|SOC_audio_0:audio_0|altera_up_audio_in_deserializer:Audio_In_Deserializer|altera_up_sync_fifo:Audio_In_Right_Channel_FIFO|scfifo:Sync_FIFO|scfifo_9ba1:auto_generated|a_dpfifo_s2a1:dpfifo|cntr_u27:usedw_counter|counter_reg_bit[1]                                                                                                              ; Duplicated      ; Router Logic Cell Insertion and Logic Duplication ; Routability optimization   ;           ;                ; SOC:u0|SOC_audio_0:audio_0|altera_up_audio_in_deserializer:Audio_In_Deserializer|altera_up_sync_fifo:Audio_In_Right_Channel_FIFO|scfifo:Sync_FIFO|scfifo_9ba1:auto_generated|a_dpfifo_s2a1:dpfifo|cntr_u27:usedw_counter|counter_reg_bit[1]~DUPLICATE                                                                                                              ;                  ;                       ;
; SOC:u0|SOC_audio_0:audio_0|altera_up_audio_in_deserializer:Audio_In_Deserializer|altera_up_sync_fifo:Audio_In_Right_Channel_FIFO|scfifo:Sync_FIFO|scfifo_9ba1:auto_generated|a_dpfifo_s2a1:dpfifo|cntr_u27:usedw_counter|counter_reg_bit[6]                                                                                                              ; Duplicated      ; Router Logic Cell Insertion and Logic Duplication ; Routability optimization   ;           ;                ; SOC:u0|SOC_audio_0:audio_0|altera_up_audio_in_deserializer:Audio_In_Deserializer|altera_up_sync_fifo:Audio_In_Right_Channel_FIFO|scfifo:Sync_FIFO|scfifo_9ba1:auto_generated|a_dpfifo_s2a1:dpfifo|cntr_u27:usedw_counter|counter_reg_bit[6]~DUPLICATE                                                                                                              ;                  ;                       ;
; SOC:u0|SOC_audio_0:audio_0|altera_up_audio_in_deserializer:Audio_In_Deserializer|altera_up_sync_fifo:Audio_In_Right_Channel_FIFO|scfifo:Sync_FIFO|scfifo_9ba1:auto_generated|a_dpfifo_s2a1:dpfifo|rd_ptr_lsb                                                                                                                                             ; Duplicated      ; Router Logic Cell Insertion and Logic Duplication ; Routability optimization   ;           ;                ; SOC:u0|SOC_audio_0:audio_0|altera_up_audio_in_deserializer:Audio_In_Deserializer|altera_up_sync_fifo:Audio_In_Right_Channel_FIFO|scfifo:Sync_FIFO|scfifo_9ba1:auto_generated|a_dpfifo_s2a1:dpfifo|rd_ptr_lsb~DUPLICATE                                                                                                                                             ;                  ;                       ;
; SOC:u0|SOC_audio_0:audio_0|altera_up_audio_out_serializer:Audio_Out_Serializer|altera_up_sync_fifo:Audio_Out_Left_Channel_FIFO|scfifo:Sync_FIFO|scfifo_9ba1:auto_generated|a_dpfifo_s2a1:dpfifo|cntr_u27:usedw_counter|counter_reg_bit[5]                                                                                                                ; Duplicated      ; Router Logic Cell Insertion and Logic Duplication ; Routability optimization   ;           ;                ; SOC:u0|SOC_audio_0:audio_0|altera_up_audio_out_serializer:Audio_Out_Serializer|altera_up_sync_fifo:Audio_Out_Left_Channel_FIFO|scfifo:Sync_FIFO|scfifo_9ba1:auto_generated|a_dpfifo_s2a1:dpfifo|cntr_u27:usedw_counter|counter_reg_bit[5]~DUPLICATE                                                                                                                ;                  ;                       ;
; SOC:u0|SOC_audio_0:audio_0|altera_up_clock_edge:ADC_Left_Right_Clock_Edges|last_test_clk                                                                                                                                                                                                                                                                 ; Duplicated      ; Router Logic Cell Insertion and Logic Duplication ; Routability optimization   ;           ;                ; SOC:u0|SOC_audio_0:audio_0|altera_up_clock_edge:ADC_Left_Right_Clock_Edges|last_test_clk~DUPLICATE                                                                                                                                                                                                                                                                 ;                  ;                       ;
; SOC:u0|SOC_audio_0:audio_0|read_interrupt                                                                                                                                                                                                                                                                                                                ; Duplicated      ; Router Logic Cell Insertion and Logic Duplication ; Routability optimization   ;           ;                ; SOC:u0|SOC_audio_0:audio_0|read_interrupt~DUPLICATE                                                                                                                                                                                                                                                                                                                ;                  ;                       ;
; SOC:u0|SOC_audio_and_video_config_0:audio_and_video_config_0|altera_up_av_config_serial_bus_controller:Serial_Bus_Controller|altera_up_slow_clock_generator:Serial_Config_Clock_Generator|clk_counter[3]                                                                                                                                                 ; Duplicated      ; Router Logic Cell Insertion and Logic Duplication ; Routability optimization   ;           ;                ; SOC:u0|SOC_audio_and_video_config_0:audio_and_video_config_0|altera_up_av_config_serial_bus_controller:Serial_Bus_Controller|altera_up_slow_clock_generator:Serial_Config_Clock_Generator|clk_counter[3]~DUPLICATE                                                                                                                                                 ;                  ;                       ;
; SOC:u0|SOC_audio_and_video_config_0:audio_and_video_config_0|altera_up_av_config_serial_bus_controller:Serial_Bus_Controller|counter[0]                                                                                                                                                                                                                  ; Duplicated      ; Router Logic Cell Insertion and Logic Duplication ; Routability optimization   ;           ;                ; SOC:u0|SOC_audio_and_video_config_0:audio_and_video_config_0|altera_up_av_config_serial_bus_controller:Serial_Bus_Controller|counter[0]~DUPLICATE                                                                                                                                                                                                                  ;                  ;                       ;
; SOC:u0|SOC_audio_and_video_config_0:audio_and_video_config_0|altera_up_av_config_serial_bus_controller:Serial_Bus_Controller|shiftreg_data[6]                                                                                                                                                                                                            ; Duplicated      ; Router Logic Cell Insertion and Logic Duplication ; Routability optimization   ;           ;                ; SOC:u0|SOC_audio_and_video_config_0:audio_and_video_config_0|altera_up_av_config_serial_bus_controller:Serial_Bus_Controller|shiftreg_data[6]~DUPLICATE                                                                                                                                                                                                            ;                  ;                       ;
; SOC:u0|SOC_audio_and_video_config_0:audio_and_video_config_0|altera_up_av_config_serial_bus_controller:Serial_Bus_Controller|shiftreg_data[10]                                                                                                                                                                                                           ; Duplicated      ; Router Logic Cell Insertion and Logic Duplication ; Routability optimization   ;           ;                ; SOC:u0|SOC_audio_and_video_config_0:audio_and_video_config_0|altera_up_av_config_serial_bus_controller:Serial_Bus_Controller|shiftreg_data[10]~DUPLICATE                                                                                                                                                                                                           ;                  ;                       ;
; SOC:u0|SOC_audio_and_video_config_0:audio_and_video_config_0|altera_up_av_config_serial_bus_controller:Serial_Bus_Controller|transfer_complete                                                                                                                                                                                                           ; Duplicated      ; Router Logic Cell Insertion and Logic Duplication ; Routability optimization   ;           ;                ; SOC:u0|SOC_audio_and_video_config_0:audio_and_video_config_0|altera_up_av_config_serial_bus_controller:Serial_Bus_Controller|transfer_complete~DUPLICATE                                                                                                                                                                                                           ;                  ;                       ;
; SOC:u0|SOC_audio_and_video_config_0:audio_and_video_config_0|s_serial_transfer.STATE_0_IDLE                                                                                                                                                                                                                                                              ; Duplicated      ; Router Logic Cell Insertion and Logic Duplication ; Routability optimization   ;           ;                ; SOC:u0|SOC_audio_and_video_config_0:audio_and_video_config_0|s_serial_transfer.STATE_0_IDLE~DUPLICATE                                                                                                                                                                                                                                                              ;                  ;                       ;
; SOC:u0|SOC_audio_and_video_config_0:audio_and_video_config_0|s_serial_transfer.STATE_1_PRE_WRITE                                                                                                                                                                                                                                                         ; Duplicated      ; Router Logic Cell Insertion and Logic Duplication ; Routability optimization   ;           ;                ; SOC:u0|SOC_audio_and_video_config_0:audio_and_video_config_0|s_serial_transfer.STATE_1_PRE_WRITE~DUPLICATE                                                                                                                                                                                                                                                         ;                  ;                       ;
; SOC:u0|SOC_audio_and_video_config_0:audio_and_video_config_0|s_serial_transfer.STATE_4_PRE_READ                                                                                                                                                                                                                                                          ; Duplicated      ; Router Logic Cell Insertion and Logic Duplication ; Routability optimization   ;           ;                ; SOC:u0|SOC_audio_and_video_config_0:audio_and_video_config_0|s_serial_transfer.STATE_4_PRE_READ~DUPLICATE                                                                                                                                                                                                                                                          ;                  ;                       ;
; SOC:u0|SOC_audio_and_video_config_0:audio_and_video_config_0|start_external_transfer                                                                                                                                                                                                                                                                     ; Duplicated      ; Router Logic Cell Insertion and Logic Duplication ; Routability optimization   ;           ;                ; SOC:u0|SOC_audio_and_video_config_0:audio_and_video_config_0|start_external_transfer~DUPLICATE                                                                                                                                                                                                                                                                     ;                  ;                       ;
; SOC:u0|SOC_mm_interconnect_0:mm_interconnect_0|SOC_mm_interconnect_0_cmd_mux_002:cmd_mux_006|saved_grant[0]                                                                                                                                                                                                                                              ; Duplicated      ; Router Logic Cell Insertion and Logic Duplication ; Routability optimization   ;           ;                ; SOC:u0|SOC_mm_interconnect_0:mm_interconnect_0|SOC_mm_interconnect_0_cmd_mux_002:cmd_mux_006|saved_grant[0]~DUPLICATE                                                                                                                                                                                                                                              ;                  ;                       ;
; SOC:u0|SOC_mm_interconnect_0:mm_interconnect_0|altera_avalon_sc_fifo:fifo_in_agent_rsp_fifo|mem_used[1]                                                                                                                                                                                                                                                  ; Duplicated      ; Router Logic Cell Insertion and Logic Duplication ; Routability optimization   ;           ;                ; SOC:u0|SOC_mm_interconnect_0:mm_interconnect_0|altera_avalon_sc_fifo:fifo_in_agent_rsp_fifo|mem_used[1]~DUPLICATE                                                                                                                                                                                                                                                  ;                  ;                       ;
; SOC:u0|SOC_mm_interconnect_0:mm_interconnect_0|altera_avalon_sc_fifo:fifo_in_csr_agent_rsp_fifo|mem_used[1]                                                                                                                                                                                                                                              ; Duplicated      ; Router Logic Cell Insertion and Logic Duplication ; Routability optimization   ;           ;                ; SOC:u0|SOC_mm_interconnect_0:mm_interconnect_0|altera_avalon_sc_fifo:fifo_in_csr_agent_rsp_fifo|mem_used[1]~DUPLICATE                                                                                                                                                                                                                                              ;                  ;                       ;
; pzdyqx:nabboc|pzdyqx_impl:pzdyqx_impl_inst|GHVD5181:\stratixiii_BITP7563_gen_0:stratixiii_BITP7563_gen_1|LQYT7093:MBPH5020|DJQV8196[8]                                                                                                                                                                                                                   ; Duplicated      ; Router Logic Cell Insertion and Logic Duplication ; Routability optimization   ;           ;                ; pzdyqx:nabboc|pzdyqx_impl:pzdyqx_impl_inst|GHVD5181:\stratixiii_BITP7563_gen_0:stratixiii_BITP7563_gen_1|LQYT7093:MBPH5020|DJQV8196[8]~DUPLICATE                                                                                                                                                                                                                   ;                  ;                       ;
; pzdyqx:nabboc|pzdyqx_impl:pzdyqx_impl_inst|LQYT7093:LRYQ7721|DJQV8196[2]                                                                                                                                                                                                                                                                                 ; Duplicated      ; Router Logic Cell Insertion and Logic Duplication ; Routability optimization   ;           ;                ; pzdyqx:nabboc|pzdyqx_impl:pzdyqx_impl_inst|LQYT7093:LRYQ7721|DJQV8196[2]~DUPLICATE                                                                                                                                                                                                                                                                                 ;                  ;                       ;
; pzdyqx:nabboc|pzdyqx_impl:pzdyqx_impl_inst|LQYT7093:LRYQ7721|DJQV8196[3]                                                                                                                                                                                                                                                                                 ; Duplicated      ; Router Logic Cell Insertion and Logic Duplication ; Routability optimization   ;           ;                ; pzdyqx:nabboc|pzdyqx_impl:pzdyqx_impl_inst|LQYT7093:LRYQ7721|DJQV8196[3]~DUPLICATE                                                                                                                                                                                                                                                                                 ;                  ;                       ;
; pzdyqx:nabboc|pzdyqx_impl:pzdyqx_impl_inst|LQYT7093:LRYQ7721|DJQV8196[9]                                                                                                                                                                                                                                                                                 ; Duplicated      ; Router Logic Cell Insertion and Logic Duplication ; Routability optimization   ;           ;                ; pzdyqx:nabboc|pzdyqx_impl:pzdyqx_impl_inst|LQYT7093:LRYQ7721|DJQV8196[9]~DUPLICATE                                                                                                                                                                                                                                                                                 ;                  ;                       ;
; sld_hub:auto_hub|alt_sld_fab_with_jtag_input:\instrumentation_fabric_with_node_gen:fabric_gen_new_way:with_jtag_input_gen:instrumentation_fabric|alt_sld_fab:instrumentation_fabric|alt_sld_fab_alt_sld_fab:alt_sld_fab|alt_sld_fab_alt_sld_fab_sldfabric:sldfabric|sld_jtag_hub:\jtag_hub_gen:real_sld_jtag_hub|irsr_reg[3]                             ; Duplicated      ; Router Logic Cell Insertion and Logic Duplication ; Routability optimization   ;           ;                ; sld_hub:auto_hub|alt_sld_fab_with_jtag_input:\instrumentation_fabric_with_node_gen:fabric_gen_new_way:with_jtag_input_gen:instrumentation_fabric|alt_sld_fab:instrumentation_fabric|alt_sld_fab_alt_sld_fab:alt_sld_fab|alt_sld_fab_alt_sld_fab_sldfabric:sldfabric|sld_jtag_hub:\jtag_hub_gen:real_sld_jtag_hub|irsr_reg[3]~DUPLICATE                             ;                  ;                       ;
; sld_hub:auto_hub|alt_sld_fab_with_jtag_input:\instrumentation_fabric_with_node_gen:fabric_gen_new_way:with_jtag_input_gen:instrumentation_fabric|alt_sld_fab:instrumentation_fabric|alt_sld_fab_alt_sld_fab:alt_sld_fab|alt_sld_fab_alt_sld_fab_sldfabric:sldfabric|sld_jtag_hub:\jtag_hub_gen:real_sld_jtag_hub|irsr_reg[4]                             ; Duplicated      ; Router Logic Cell Insertion and Logic Duplication ; Routability optimization   ;           ;                ; sld_hub:auto_hub|alt_sld_fab_with_jtag_input:\instrumentation_fabric_with_node_gen:fabric_gen_new_way:with_jtag_input_gen:instrumentation_fabric|alt_sld_fab:instrumentation_fabric|alt_sld_fab_alt_sld_fab:alt_sld_fab|alt_sld_fab_alt_sld_fab_sldfabric:sldfabric|sld_jtag_hub:\jtag_hub_gen:real_sld_jtag_hub|irsr_reg[4]~DUPLICATE                             ;                  ;                       ;
; sld_hub:auto_hub|alt_sld_fab_with_jtag_input:\instrumentation_fabric_with_node_gen:fabric_gen_new_way:with_jtag_input_gen:instrumentation_fabric|alt_sld_fab:instrumentation_fabric|alt_sld_fab_alt_sld_fab:alt_sld_fab|alt_sld_fab_alt_sld_fab_sldfabric:sldfabric|sld_jtag_hub:\jtag_hub_gen:real_sld_jtag_hub|jtag_ir_reg[3]                          ; Duplicated      ; Router Logic Cell Insertion and Logic Duplication ; Routability optimization   ;           ;                ; sld_hub:auto_hub|alt_sld_fab_with_jtag_input:\instrumentation_fabric_with_node_gen:fabric_gen_new_way:with_jtag_input_gen:instrumentation_fabric|alt_sld_fab:instrumentation_fabric|alt_sld_fab_alt_sld_fab:alt_sld_fab|alt_sld_fab_alt_sld_fab_sldfabric:sldfabric|sld_jtag_hub:\jtag_hub_gen:real_sld_jtag_hub|jtag_ir_reg[3]~DUPLICATE                          ;                  ;                       ;
; sld_hub:auto_hub|alt_sld_fab_with_jtag_input:\instrumentation_fabric_with_node_gen:fabric_gen_new_way:with_jtag_input_gen:instrumentation_fabric|alt_sld_fab:instrumentation_fabric|alt_sld_fab_alt_sld_fab:alt_sld_fab|alt_sld_fab_alt_sld_fab_sldfabric:sldfabric|sld_jtag_hub:\jtag_hub_gen:real_sld_jtag_hub|jtag_ir_reg[7]                          ; Duplicated      ; Router Logic Cell Insertion and Logic Duplication ; Routability optimization   ;           ;                ; sld_hub:auto_hub|alt_sld_fab_with_jtag_input:\instrumentation_fabric_with_node_gen:fabric_gen_new_way:with_jtag_input_gen:instrumentation_fabric|alt_sld_fab:instrumentation_fabric|alt_sld_fab_alt_sld_fab:alt_sld_fab|alt_sld_fab_alt_sld_fab_sldfabric:sldfabric|sld_jtag_hub:\jtag_hub_gen:real_sld_jtag_hub|jtag_ir_reg[7]~DUPLICATE                          ;                  ;                       ;
; sld_hub:auto_hub|alt_sld_fab_with_jtag_input:\instrumentation_fabric_with_node_gen:fabric_gen_new_way:with_jtag_input_gen:instrumentation_fabric|alt_sld_fab:instrumentation_fabric|alt_sld_fab_alt_sld_fab:alt_sld_fab|alt_sld_fab_alt_sld_fab_sldfabric:sldfabric|sld_jtag_hub:\jtag_hub_gen:real_sld_jtag_hub|jtag_ir_reg[8]                          ; Duplicated      ; Router Logic Cell Insertion and Logic Duplication ; Routability optimization   ;           ;                ; sld_hub:auto_hub|alt_sld_fab_with_jtag_input:\instrumentation_fabric_with_node_gen:fabric_gen_new_way:with_jtag_input_gen:instrumentation_fabric|alt_sld_fab:instrumentation_fabric|alt_sld_fab_alt_sld_fab:alt_sld_fab|alt_sld_fab_alt_sld_fab_sldfabric:sldfabric|sld_jtag_hub:\jtag_hub_gen:real_sld_jtag_hub|jtag_ir_reg[8]~DUPLICATE                          ;                  ;                       ;
; sld_hub:auto_hub|alt_sld_fab_with_jtag_input:\instrumentation_fabric_with_node_gen:fabric_gen_new_way:with_jtag_input_gen:instrumentation_fabric|alt_sld_fab:instrumentation_fabric|alt_sld_fab_alt_sld_fab:alt_sld_fab|alt_sld_fab_alt_sld_fab_sldfabric:sldfabric|sld_jtag_hub:\jtag_hub_gen:real_sld_jtag_hub|mixer_addr_reg_internal[1]              ; Duplicated      ; Router Logic Cell Insertion and Logic Duplication ; Routability optimization   ;           ;                ; sld_hub:auto_hub|alt_sld_fab_with_jtag_input:\instrumentation_fabric_with_node_gen:fabric_gen_new_way:with_jtag_input_gen:instrumentation_fabric|alt_sld_fab:instrumentation_fabric|alt_sld_fab_alt_sld_fab:alt_sld_fab|alt_sld_fab_alt_sld_fab_sldfabric:sldfabric|sld_jtag_hub:\jtag_hub_gen:real_sld_jtag_hub|mixer_addr_reg_internal[1]~DUPLICATE              ;                  ;                       ;
; sld_hub:auto_hub|alt_sld_fab_with_jtag_input:\instrumentation_fabric_with_node_gen:fabric_gen_new_way:with_jtag_input_gen:instrumentation_fabric|alt_sld_fab:instrumentation_fabric|alt_sld_fab_alt_sld_fab:alt_sld_fab|alt_sld_fab_alt_sld_fab_sldfabric:sldfabric|sld_jtag_hub:\jtag_hub_gen:real_sld_jtag_hub|mixer_addr_reg_internal[4]              ; Duplicated      ; Router Logic Cell Insertion and Logic Duplication ; Routability optimization   ;           ;                ; sld_hub:auto_hub|alt_sld_fab_with_jtag_input:\instrumentation_fabric_with_node_gen:fabric_gen_new_way:with_jtag_input_gen:instrumentation_fabric|alt_sld_fab:instrumentation_fabric|alt_sld_fab_alt_sld_fab:alt_sld_fab|alt_sld_fab_alt_sld_fab_sldfabric:sldfabric|sld_jtag_hub:\jtag_hub_gen:real_sld_jtag_hub|mixer_addr_reg_internal[4]~DUPLICATE              ;                  ;                       ;
; sld_hub:auto_hub|alt_sld_fab_with_jtag_input:\instrumentation_fabric_with_node_gen:fabric_gen_new_way:with_jtag_input_gen:instrumentation_fabric|alt_sld_fab:instrumentation_fabric|alt_sld_fab_alt_sld_fab:alt_sld_fab|alt_sld_fab_alt_sld_fab_sldfabric:sldfabric|sld_jtag_hub:\jtag_hub_gen:real_sld_jtag_hub|sld_rom_sr:hub_info_reg|word_counter[0] ; Duplicated      ; Router Logic Cell Insertion and Logic Duplication ; Routability optimization   ;           ;                ; sld_hub:auto_hub|alt_sld_fab_with_jtag_input:\instrumentation_fabric_with_node_gen:fabric_gen_new_way:with_jtag_input_gen:instrumentation_fabric|alt_sld_fab:instrumentation_fabric|alt_sld_fab_alt_sld_fab:alt_sld_fab|alt_sld_fab_alt_sld_fab_sldfabric:sldfabric|sld_jtag_hub:\jtag_hub_gen:real_sld_jtag_hub|sld_rom_sr:hub_info_reg|word_counter[0]~DUPLICATE ;                  ;                       ;
; sld_hub:auto_hub|alt_sld_fab_with_jtag_input:\instrumentation_fabric_with_node_gen:fabric_gen_new_way:with_jtag_input_gen:instrumentation_fabric|alt_sld_fab:instrumentation_fabric|alt_sld_fab_alt_sld_fab:alt_sld_fab|alt_sld_fab_alt_sld_fab_sldfabric:sldfabric|sld_jtag_hub:\jtag_hub_gen:real_sld_jtag_hub|sld_rom_sr:hub_info_reg|word_counter[1] ; Duplicated      ; Router Logic Cell Insertion and Logic Duplication ; Routability optimization   ;           ;                ; sld_hub:auto_hub|alt_sld_fab_with_jtag_input:\instrumentation_fabric_with_node_gen:fabric_gen_new_way:with_jtag_input_gen:instrumentation_fabric|alt_sld_fab:instrumentation_fabric|alt_sld_fab_alt_sld_fab:alt_sld_fab|alt_sld_fab_alt_sld_fab_sldfabric:sldfabric|sld_jtag_hub:\jtag_hub_gen:real_sld_jtag_hub|sld_rom_sr:hub_info_reg|word_counter[1]~DUPLICATE ;                  ;                       ;
; sld_hub:auto_hub|alt_sld_fab_with_jtag_input:\instrumentation_fabric_with_node_gen:fabric_gen_new_way:with_jtag_input_gen:instrumentation_fabric|alt_sld_fab:instrumentation_fabric|alt_sld_fab_alt_sld_fab:alt_sld_fab|alt_sld_fab_alt_sld_fab_sldfabric:sldfabric|sld_jtag_hub:\jtag_hub_gen:real_sld_jtag_hub|sld_rom_sr:hub_info_reg|word_counter[2] ; Duplicated      ; Router Logic Cell Insertion and Logic Duplication ; Routability optimization   ;           ;                ; sld_hub:auto_hub|alt_sld_fab_with_jtag_input:\instrumentation_fabric_with_node_gen:fabric_gen_new_way:with_jtag_input_gen:instrumentation_fabric|alt_sld_fab:instrumentation_fabric|alt_sld_fab_alt_sld_fab:alt_sld_fab|alt_sld_fab_alt_sld_fab_sldfabric:sldfabric|sld_jtag_hub:\jtag_hub_gen:real_sld_jtag_hub|sld_rom_sr:hub_info_reg|word_counter[2]~DUPLICATE ;                  ;                       ;
; sld_hub:auto_hub|alt_sld_fab_with_jtag_input:\instrumentation_fabric_with_node_gen:fabric_gen_new_way:with_jtag_input_gen:instrumentation_fabric|alt_sld_fab:instrumentation_fabric|alt_sld_fab_alt_sld_fab:alt_sld_fab|alt_sld_fab_alt_sld_fab_sldfabric:sldfabric|sld_jtag_hub:\jtag_hub_gen:real_sld_jtag_hub|sld_rom_sr:hub_info_reg|word_counter[3] ; Duplicated      ; Router Logic Cell Insertion and Logic Duplication ; Routability optimization   ;           ;                ; sld_hub:auto_hub|alt_sld_fab_with_jtag_input:\instrumentation_fabric_with_node_gen:fabric_gen_new_way:with_jtag_input_gen:instrumentation_fabric|alt_sld_fab:instrumentation_fabric|alt_sld_fab_alt_sld_fab:alt_sld_fab|alt_sld_fab_alt_sld_fab_sldfabric:sldfabric|sld_jtag_hub:\jtag_hub_gen:real_sld_jtag_hub|sld_rom_sr:hub_info_reg|word_counter[3]~DUPLICATE ;                  ;                       ;
; sld_hub:auto_hub|alt_sld_fab_with_jtag_input:\instrumentation_fabric_with_node_gen:fabric_gen_new_way:with_jtag_input_gen:instrumentation_fabric|alt_sld_fab:instrumentation_fabric|alt_sld_fab_alt_sld_fab:alt_sld_fab|alt_sld_fab_alt_sld_fab_sldfabric:sldfabric|sld_jtag_hub:\jtag_hub_gen:real_sld_jtag_hub|sld_rom_sr:hub_info_reg|word_counter[4] ; Duplicated      ; Router Logic Cell Insertion and Logic Duplication ; Routability optimization   ;           ;                ; sld_hub:auto_hub|alt_sld_fab_with_jtag_input:\instrumentation_fabric_with_node_gen:fabric_gen_new_way:with_jtag_input_gen:instrumentation_fabric|alt_sld_fab:instrumentation_fabric|alt_sld_fab_alt_sld_fab:alt_sld_fab|alt_sld_fab_alt_sld_fab_sldfabric:sldfabric|sld_jtag_hub:\jtag_hub_gen:real_sld_jtag_hub|sld_rom_sr:hub_info_reg|word_counter[4]~DUPLICATE ;                  ;                       ;
+----------------------------------------------------------------------------------------------------------------------------------------------------------------------------------------------------------------------------------------------------------------------------------------------------------------------------------------------------------+-----------------+---------------------------------------------------+----------------------------+-----------+----------------+--------------------------------------------------------------------------------------------------------------------------------------------------------------------------------------------------------------------------------------------------------------------------------------------------------------------------------------------------------------------+------------------+-----------------------+


+---------------------------------------------------------------------------------------------------+
; Incremental Compilation Preservation Summary                                                      ;
+---------------------+---------------------+----------------------------+--------------------------+
; Type                ; Total [A + B]       ; From Design Partitions [A] ; From Rapid Recompile [B] ;
+---------------------+---------------------+----------------------------+--------------------------+
; Placement (by node) ;                     ;                            ;                          ;
;     -- Requested    ; 0.00 % ( 0 / 5096 ) ; 0.00 % ( 0 / 5096 )        ; 0.00 % ( 0 / 5096 )      ;
;     -- Achieved     ; 0.00 % ( 0 / 5096 ) ; 0.00 % ( 0 / 5096 )        ; 0.00 % ( 0 / 5096 )      ;
;                     ;                     ;                            ;                          ;
; Routing (by net)    ;                     ;                            ;                          ;
;     -- Requested    ; 0.00 % ( 0 / 0 )    ; 0.00 % ( 0 / 0 )           ; 0.00 % ( 0 / 0 )         ;
;     -- Achieved     ; 0.00 % ( 0 / 0 )    ; 0.00 % ( 0 / 0 )           ; 0.00 % ( 0 / 0 )         ;
+---------------------+---------------------+----------------------------+--------------------------+


+----------------------------------------------------------------------------------------------------------------------------------------------------------------------------------------+
; Incremental Compilation Partition Settings                                                                                                                                             ;
+--------------------------------+----------------+-------------------+-------------------------+------------------------+------------------------------+--------------------------------+
; Partition Name                 ; Partition Type ; Netlist Type Used ; Preservation Level Used ; Netlist Type Requested ; Preservation Level Requested ; Contents                       ;
+--------------------------------+----------------+-------------------+-------------------------+------------------------+------------------------------+--------------------------------+
; Top                            ; User-created   ; Source File       ; N/A                     ; Source File            ; N/A                          ;                                ;
; pzdyqx:nabboc                  ; Auto-generated ; Source File       ; N/A                     ; Source File            ; N/A                          ; pzdyqx:nabboc                  ;
; sld_hub:auto_hub               ; Auto-generated ; Post-Synthesis    ; N/A                     ; Post-Synthesis         ; N/A                          ; sld_hub:auto_hub               ;
; hard_block:auto_generated_inst ; Auto-generated ; Source File       ; N/A                     ; Source File            ; N/A                          ; hard_block:auto_generated_inst ;
+--------------------------------+----------------+-------------------+-------------------------+------------------------+------------------------------+--------------------------------+


+------------------------------------------------------------------------------------------------------------------------------------+
; Incremental Compilation Placement Preservation                                                                                     ;
+--------------------------------+-----------------------+-------------------------+-------------------+---------------------+-------+
; Partition Name                 ; Preservation Achieved ; Preservation Level Used ; Netlist Type Used ; Preservation Method ; Notes ;
+--------------------------------+-----------------------+-------------------------+-------------------+---------------------+-------+
; Top                            ; 0.00 % ( 0 / 4716 )   ; N/A                     ; Source File       ; N/A                 ;       ;
; pzdyqx:nabboc                  ; 0.00 % ( 0 / 166 )    ; N/A                     ; Source File       ; N/A                 ;       ;
; sld_hub:auto_hub               ; 0.00 % ( 0 / 205 )    ; N/A                     ; Post-Synthesis    ; N/A                 ;       ;
; hard_block:auto_generated_inst ; 0.00 % ( 0 / 9 )      ; N/A                     ; Source File       ; N/A                 ;       ;
+--------------------------------+-----------------------+-------------------------+-------------------+---------------------+-------+


+--------------+
; Pin-Out File ;
+--------------+
The pin-out file can be found in C:/Users/hp/Documents/Quartus/SOC/output_files/SOC.pin.


+---------------------------------------------------------------------------------------------+
; Fitter Resource Usage Summary                                                               ;
+-------------------------------------------------------------+-----------------------+-------+
; Resource                                                    ; Usage                 ; %     ;
+-------------------------------------------------------------+-----------------------+-------+
; Logic utilization (ALMs needed / total ALMs on device)      ; 1,545 / 56,480        ; 3 %   ;
; ALMs needed [=A-B+C]                                        ; 1,545                 ;       ;
;     [A] ALMs used in final placement [=a+b+c+d]             ; 1,810 / 56,480        ; 3 %   ;
;         [a] ALMs used for LUT logic and registers           ; 731                   ;       ;
;         [b] ALMs used for LUT logic                         ; 717                   ;       ;
;         [c] ALMs used for registers                         ; 362                   ;       ;
;         [d] ALMs used for memory (up to half of total ALMs) ; 0                     ;       ;
;     [B] Estimate of ALMs recoverable by dense packing       ; 278 / 56,480          ; < 1 % ;
;     [C] Estimate of ALMs unavailable [=a+b+c+d]             ; 13 / 56,480           ; < 1 % ;
;         [a] Due to location constrained logic               ; 0                     ;       ;
;         [b] Due to LAB-wide signal conflicts                ; 0                     ;       ;
;         [c] Due to LAB input limits                         ; 13                    ;       ;
;         [d] Due to virtual I/Os                             ; 0                     ;       ;
;                                                             ;                       ;       ;
; Difficulty packing design                                   ; Low                   ;       ;
;                                                             ;                       ;       ;
; Total LABs:  partially or completely used                   ; 246 / 5,648           ; 4 %   ;
;     -- Logic LABs                                           ; 246                   ;       ;
;     -- Memory LABs (up to half of total LABs)               ; 0                     ;       ;
;                                                             ;                       ;       ;
; Combinational ALUT usage for logic                          ; 2,455                 ;       ;
;     -- 7 input functions                                    ; 30                    ;       ;
;     -- 6 input functions                                    ; 494                   ;       ;
;     -- 5 input functions                                    ; 533                   ;       ;
;     -- 4 input functions                                    ; 411                   ;       ;
;     -- <=3 input functions                                  ; 987                   ;       ;
; Combinational ALUT usage for route-throughs                 ; 368                   ;       ;
;                                                             ;                       ;       ;
; Dedicated logic registers                                   ; 2,327                 ;       ;
;     -- By type:                                             ;                       ;       ;
;         -- Primary logic registers                          ; 2,186 / 112,960       ; 2 %   ;
;         -- Secondary logic registers                        ; 141 / 112,960         ; < 1 % ;
;     -- By function:                                         ;                       ;       ;
;         -- Design implementation registers                  ; 2,216                 ;       ;
;         -- Routing optimization registers                   ; 111                   ;       ;
;                                                             ;                       ;       ;
; Virtual pins                                                ; 0                     ;       ;
; I/O pins                                                    ; 12 / 268              ; 4 %   ;
;     -- Clock pins                                           ; 2 / 11                ; 18 %  ;
;     -- Dedicated input pins                                 ; 3 / 23                ; 13 %  ;
;                                                             ;                       ;       ;
; M10K blocks                                                 ; 37 / 686              ; 5 %   ;
; Total MLAB memory bits                                      ; 0                     ;       ;
; Total block memory bits                                     ; 233,984 / 7,024,640   ; 3 %   ;
; Total block memory implementation bits                      ; 378,880 / 7,024,640   ; 5 %   ;
;                                                             ;                       ;       ;
; Total DSP Blocks                                            ; 3 / 156               ; 2 %   ;
;                                                             ;                       ;       ;
; Fractional PLLs                                             ; 0 / 7                 ; 0 %   ;
; Global signals                                              ; 1                     ;       ;
;     -- Global clocks                                        ; 1 / 16                ; 6 %   ;
;     -- Quadrant clocks                                      ; 0 / 88                ; 0 %   ;
;     -- Horizontal periphery clocks                          ; 0 / 18                ; 0 %   ;
; SERDES Transmitters                                         ; 0 / 120               ; 0 %   ;
; SERDES Receivers                                            ; 0 / 120               ; 0 %   ;
; JTAGs                                                       ; 1 / 1                 ; 100 % ;
; ASMI blocks                                                 ; 0 / 1                 ; 0 %   ;
; CRC blocks                                                  ; 0 / 1                 ; 0 %   ;
; Remote update blocks                                        ; 0 / 1                 ; 0 %   ;
; Oscillator blocks                                           ; 0 / 1                 ; 0 %   ;
; Hard IPs                                                    ; 0 / 1                 ; 0 %   ;
; Standard RX PCSs                                            ; 0 / 6                 ; 0 %   ;
; HSSI PMA RX Deserializers                                   ; 0 / 6                 ; 0 %   ;
; Standard TX PCSs                                            ; 0 / 6                 ; 0 %   ;
; HSSI PMA TX Serializers                                     ; 0 / 6                 ; 0 %   ;
; Channel PLLs                                                ; 0 / 6                 ; 0 %   ;
; Impedance control blocks                                    ; 0 / 3                 ; 0 %   ;
; Hard Memory Controllers                                     ; 0 / 2                 ; 0 %   ;
; Average interconnect usage (total/H/V)                      ; 1.3% / 1.4% / 1.0%    ;       ;
; Peak interconnect usage (total/H/V)                         ; 17.6% / 19.3% / 14.4% ;       ;
; Maximum fan-out                                             ; 2160                  ;       ;
; Highest non-global fan-out                                  ; 1261                  ;       ;
; Total fan-out                                               ; 20055                 ;       ;
; Average fan-out                                             ; 3.85                  ;       ;
+-------------------------------------------------------------+-----------------------+-------+


+-----------------------------------------------------------------------------------------------------------------------------------------------------------------------+
; Fitter Partition Statistics                                                                                                                                           ;
+-------------------------------------------------------------+------------------------+-----------------------+-----------------------+--------------------------------+
; Statistic                                                   ; Top                    ; pzdyqx:nabboc         ; sld_hub:auto_hub      ; hard_block:auto_generated_inst ;
+-------------------------------------------------------------+------------------------+-----------------------+-----------------------+--------------------------------+
; Logic utilization (ALMs needed / total ALMs on device)      ; 1412 / 56480 ( 3 % )   ; 62 / 56480 ( < 1 % )  ; 71 / 56480 ( < 1 % )  ; 0 / 56480 ( 0 % )              ;
; ALMs needed [=A-B+C]                                        ; 1412                   ; 62                    ; 71                    ; 0                              ;
;     [A] ALMs used in final placement [=a+b+c+d]             ; 1653 / 56480 ( 3 % )   ; 74 / 56480 ( < 1 % )  ; 84 / 56480 ( < 1 % )  ; 0 / 56480 ( 0 % )              ;
;         [a] ALMs used for LUT logic and registers           ; 691                    ; 14                    ; 27                    ; 0                              ;
;         [b] ALMs used for LUT logic                         ; 639                    ; 38                    ; 40                    ; 0                              ;
;         [c] ALMs used for registers                         ; 323                    ; 22                    ; 17                    ; 0                              ;
;         [d] ALMs used for memory (up to half of total ALMs) ; 0                      ; 0                     ; 0                     ; 0                              ;
;     [B] Estimate of ALMs recoverable by dense packing       ; 254 / 56480 ( < 1 % )  ; 12 / 56480 ( < 1 % )  ; 13 / 56480 ( < 1 % )  ; 0 / 56480 ( 0 % )              ;
;     [C] Estimate of ALMs unavailable [=a+b+c+d]             ; 13 / 56480 ( < 1 % )   ; 0 / 56480 ( 0 % )     ; 0 / 56480 ( 0 % )     ; 0 / 56480 ( 0 % )              ;
;         [a] Due to location constrained logic               ; 0                      ; 0                     ; 0                     ; 0                              ;
;         [b] Due to LAB-wide signal conflicts                ; 0                      ; 0                     ; 0                     ; 0                              ;
;         [c] Due to LAB input limits                         ; 13                     ; 0                     ; 0                     ; 0                              ;
;         [d] Due to virtual I/Os                             ; 0                      ; 0                     ; 0                     ; 0                              ;
;                                                             ;                        ;                       ;                       ;                                ;
; Difficulty packing design                                   ; Low                    ; Low                   ; Low                   ; Low                            ;
;                                                             ;                        ;                       ;                       ;                                ;
; Total LABs:  partially or completely used                   ; 227 / 5648 ( 4 % )     ; 13 / 5648 ( < 1 % )   ; 16 / 5648 ( < 1 % )   ; 0 / 5648 ( 0 % )               ;
;     -- Logic LABs                                           ; 227                    ; 13                    ; 16                    ; 0                              ;
;     -- Memory LABs (up to half of total LABs)               ; 0                      ; 0                     ; 0                     ; 0                              ;
;                                                             ;                        ;                       ;                       ;                                ;
; Combinational ALUT usage for logic                          ; 2243                   ; 94                    ; 118                   ; 0                              ;
;     -- 7 input functions                                    ; 25                     ; 3                     ; 2                     ; 0                              ;
;     -- 6 input functions                                    ; 459                    ; 13                    ; 22                    ; 0                              ;
;     -- 5 input functions                                    ; 496                    ; 15                    ; 22                    ; 0                              ;
;     -- 4 input functions                                    ; 375                    ; 18                    ; 18                    ; 0                              ;
;     -- <=3 input functions                                  ; 888                    ; 45                    ; 54                    ; 0                              ;
; Combinational ALUT usage for route-throughs                 ; 322                    ; 35                    ; 11                    ; 0                              ;
; Memory ALUT usage                                           ; 0                      ; 0                     ; 0                     ; 0                              ;
;     -- 64-address deep                                      ; 0                      ; 0                     ; 0                     ; 0                              ;
;     -- 32-address deep                                      ; 0                      ; 0                     ; 0                     ; 0                              ;
;                                                             ;                        ;                       ;                       ;                                ;
; Dedicated logic registers                                   ; 0                      ; 0                     ; 0                     ; 0                              ;
;     -- By type:                                             ;                        ;                       ;                       ;                                ;
;         -- Primary logic registers                          ; 2028 / 112960 ( 2 % )  ; 71 / 112960 ( < 1 % ) ; 87 / 112960 ( < 1 % ) ; 0 / 112960 ( 0 % )             ;
;         -- Secondary logic registers                        ; 124 / 112960 ( < 1 % ) ; 5 / 112960 ( < 1 % )  ; 12 / 112960 ( < 1 % ) ; 0 / 112960 ( 0 % )             ;
;     -- By function:                                         ;                        ;                       ;                       ;                                ;
;         -- Design implementation registers                  ; 2057                   ; 72                    ; 87                    ; 0                              ;
;         -- Routing optimization registers                   ; 95                     ; 4                     ; 12                    ; 0                              ;
;                                                             ;                        ;                       ;                       ;                                ;
;                                                             ;                        ;                       ;                       ;                                ;
; Virtual pins                                                ; 0                      ; 0                     ; 0                     ; 0                              ;
; I/O pins                                                    ; 12                     ; 0                     ; 0                     ; 0                              ;
; I/O registers                                               ; 0                      ; 0                     ; 0                     ; 0                              ;
; Total block memory bits                                     ; 233984                 ; 0                     ; 0                     ; 0                              ;
; Total block memory implementation bits                      ; 378880                 ; 0                     ; 0                     ; 0                              ;
; JTAG                                                        ; 0 / 1 ( 0 % )          ; 0 / 1 ( 0 % )         ; 0 / 1 ( 0 % )         ; 1 / 1 ( 100 % )                ;
; M10K block                                                  ; 37 / 686 ( 5 % )       ; 0 / 686 ( 0 % )       ; 0 / 686 ( 0 % )       ; 0 / 686 ( 0 % )                ;
; DSP block                                                   ; 3 / 156 ( 1 % )        ; 0 / 156 ( 0 % )       ; 0 / 156 ( 0 % )       ; 0 / 156 ( 0 % )                ;
; Clock enable block                                          ; 1 / 122 ( < 1 % )      ; 0 / 122 ( 0 % )       ; 0 / 122 ( 0 % )       ; 0 / 122 ( 0 % )                ;
;                                                             ;                        ;                       ;                       ;                                ;
; Connections                                                 ;                        ;                       ;                       ;                                ;
;     -- Input Connections                                    ; 159                    ; 63                    ; 145                   ; 1                              ;
;     -- Registered Input Connections                         ; 49                     ; 28                    ; 106                   ; 0                              ;
;     -- Output Connections                                   ; 10                     ; 4                     ; 137                   ; 217                            ;
;     -- Registered Output Connections                        ; 4                      ; 3                     ; 137                   ; 0                              ;
;                                                             ;                        ;                       ;                       ;                                ;
; Internal Connections                                        ;                        ;                       ;                       ;                                ;
;     -- Total Connections                                    ; 19118                  ; 576                   ; 921                   ; 226                            ;
;     -- Registered Connections                               ; 7958                   ; 350                   ; 669                   ; 0                              ;
;                                                             ;                        ;                       ;                       ;                                ;
; External Connections                                        ;                        ;                       ;                       ;                                ;
;     -- Top                                                  ; 8                      ; 1                     ; 109                   ; 51                             ;
;     -- pzdyqx:nabboc                                        ; 1                      ; 0                     ; 36                    ; 30                             ;
;     -- sld_hub:auto_hub                                     ; 109                    ; 36                    ; 0                     ; 137                            ;
;     -- hard_block:auto_generated_inst                       ; 51                     ; 30                    ; 137                   ; 0                              ;
;                                                             ;                        ;                       ;                       ;                                ;
; Partition Interface                                         ;                        ;                       ;                       ;                                ;
;     -- Input Ports                                          ; 34                     ; 11                    ; 62                    ; 4                              ;
;     -- Output Ports                                         ; 6                      ; 4                     ; 79                    ; 9                              ;
;     -- Bidir Ports                                          ; 4                      ; 0                     ; 0                     ; 0                              ;
;                                                             ;                        ;                       ;                       ;                                ;
; Registered Ports                                            ;                        ;                       ;                       ;                                ;
;     -- Registered Input Ports                               ; 0                      ; 2                     ; 2                     ; 0                              ;
;     -- Registered Output Ports                              ; 0                      ; 3                     ; 41                    ; 0                              ;
;                                                             ;                        ;                       ;                       ;                                ;
; Port Connectivity                                           ;                        ;                       ;                       ;                                ;
;     -- Input Ports driven by GND                            ; 0                      ; 0                     ; 2                     ; 0                              ;
;     -- Output Ports driven by GND                           ; 0                      ; 0                     ; 28                    ; 0                              ;
;     -- Input Ports driven by VCC                            ; 0                      ; 0                     ; 0                     ; 0                              ;
;     -- Output Ports driven by VCC                           ; 0                      ; 0                     ; 0                     ; 0                              ;
;     -- Input Ports with no Source                           ; 0                      ; 0                     ; 46                    ; 0                              ;
;     -- Output Ports with no Source                          ; 0                      ; 0                     ; 0                     ; 0                              ;
;     -- Input Ports with no Fanout                           ; 0                      ; 2                     ; 51                    ; 0                              ;
;     -- Output Ports with no Fanout                          ; 0                      ; 0                     ; 57                    ; 0                              ;
+-------------------------------------------------------------+------------------------+-----------------------+-----------------------+--------------------------------+


+-------------------------------------------------------------------------------------------------------------------------------------------------------------------------------------------------------------------------------------------------------------------------------------------+
; Input Pins                                                                                                                                                                                                                                                                                ;
+------------+-------+----------+--------------+--------------+--------------+-----------------------+--------------------+--------+----------------+-----------------+----------+--------------+--------------+-------------+---------------------------+----------------------+-----------+
; Name       ; Pin # ; I/O Bank ; X coordinate ; Y coordinate ; Z coordinate ; Combinational Fan-Out ; Registered Fan-Out ; Global ; Input Register ; PCI I/O Enabled ; Bus Hold ; Weak Pull Up ; I/O Standard ; Termination ; Termination Control Block ; Location assigned by ; Slew Rate ;
+------------+-------+----------+--------------+--------------+--------------+-----------------------+--------------------+--------+----------------+-----------------+----------+--------------+--------------+-------------+---------------------------+----------------------+-----------+
; AUD_ADCDAT ; U6    ; 3A       ; 6            ; 0            ; 51           ; 1                     ; 0                  ; no     ; no             ; no              ; no       ; Off          ; 2.5 V        ; Off         ; --                        ; Fitter               ; no        ;
; CLOCK_50   ; N16   ; 5B       ; 89           ; 35           ; 43           ; 2160                  ; 0                  ; yes    ; no             ; no              ; no       ; Off          ; 2.5 V        ; Off         ; --                        ; Fitter               ; no        ;
; KEY[0]     ; V6    ; 3A       ; 6            ; 0            ; 34           ; 3                     ; 0                  ; no     ; no             ; no              ; no       ; Off          ; 2.5 V        ; Off         ; --                        ; Fitter               ; no        ;
; KEY[1]     ; N8    ; 3B       ; 28           ; 0            ; 0            ; 0                     ; 0                  ; no     ; no             ; no              ; no       ; Off          ; 2.5 V        ; Off         ; --                        ; Fitter               ; no        ;
; KEY[2]     ; F9    ; 8A       ; 32           ; 81           ; 17           ; 0                     ; 0                  ; no     ; no             ; no              ; no       ; Off          ; 2.5 V        ; Off         ; --                        ; Fitter               ; no        ;
; KEY[3]     ; D6    ; 8A       ; 30           ; 81           ; 51           ; 0                     ; 0                  ; no     ; no             ; no              ; no       ; Off          ; 2.5 V        ; Off         ; --                        ; Fitter               ; no        ;
+------------+-------+----------+--------------+--------------+--------------+-----------------------+--------------------+--------+----------------+-----------------+----------+--------------+--------------+-------------+---------------------------+----------------------+-----------+


+---------------------------------------------------------------------------------------------------------------------------------------------------------------------------------------------------------------------------------------------------------------------------------------------------------------------------------------------------------------------------------------------------------------------------------------------------------------------------------------------------+
; Output Pins                                                                                                                                                                                                                                                                                                                                                                                                                                                                                       ;
+--------------+-------+----------+--------------+--------------+--------------+-----------------+------------------------+-----------+-----------------+------------+---------------+----------+--------------+--------------+------------------+-----------------------------------+---------------------------+----------------------------+-----------------------------+---------------------+-----------------------------+----------------------+----------------------+---------------------+
; Name         ; Pin # ; I/O Bank ; X coordinate ; Y coordinate ; Z coordinate ; Output Register ; Output Enable Register ; Slew Rate ; PCI I/O Enabled ; Open Drain ; TRI Primitive ; Bus Hold ; Weak Pull Up ; I/O Standard ; Current Strength ; Termination                       ; Termination Control Block ; Output Buffer Pre-emphasis ; Voltage Output Differential ; Output Buffer Delay ; Output Buffer Delay Control ; Location assigned by ; Output Enable Source ; Output Enable Group ;
+--------------+-------+----------+--------------+--------------+--------------+-----------------+------------------------+-----------+-----------------+------------+---------------+----------+--------------+--------------+------------------+-----------------------------------+---------------------------+----------------------------+-----------------------------+---------------------+-----------------------------+----------------------+----------------------+---------------------+
; AUD_DACDAT   ; P7    ; 3A       ; 8            ; 0            ; 34           ; no              ; no                     ; 1         ; no              ; no         ; no            ; no       ; Off          ; 2.5 V        ; Default          ; Series 50 Ohm without Calibration ; --                        ; no                         ; no                          ; 0                   ; Off                         ; Fitter               ; -                    ; -                   ;
; AUD_I2C_SCLK ; M7    ; 3A       ; 8            ; 0            ; 0            ; no              ; no                     ; 1         ; no              ; no         ; no            ; no       ; Off          ; 2.5 V        ; Default          ; Series 50 Ohm without Calibration ; --                        ; no                         ; no                          ; 0                   ; Off                         ; Fitter               ; -                    ; -                   ;
+--------------+-------+----------+--------------+--------------+--------------+-----------------+------------------------+-----------+-----------------+------------+---------------+----------+--------------+--------------+------------------+-----------------------------------+---------------------------+----------------------------+-----------------------------+---------------------+-----------------------------+----------------------+----------------------+---------------------+


+----------------------------------------------------------------------------------------------------------------------------------------------------------------------------------------------------------------------------------------------------------------------------------------------------------------------------------------------------------------------------------------------------------------------------------------------------------------------------------------------------------------------------------------------------------------------------------------------------------------------------------------------------------------------------------+
; Bidir Pins                                                                                                                                                                                                                                                                                                                                                                                                                                                                                                                                                                                                                                                                       ;
+--------------+-------+----------+--------------+--------------+--------------+-----------------------+--------------------+--------+----------------+-----------------+------------------------+-----------+-----------------+------------+----------+--------------+--------------+------------------+-------------------+-----------------------------------+---------------------------+----------------------------+---------------------+-----------------------------+----------------------+----------------------+-------------------------------------------------------------------------------------------------------------------------------------------------------+
; Name         ; Pin # ; I/O Bank ; X coordinate ; Y coordinate ; Z coordinate ; Combinational Fan-Out ; Registered Fan-Out ; Global ; Input Register ; Output Register ; Output Enable Register ; Slew Rate ; PCI I/O Enabled ; Open Drain ; Bus Hold ; Weak Pull Up ; I/O Standard ; Current Strength ; Input Termination ; Output Termination                ; Termination Control Block ; Output Buffer Pre-emphasis ; Output Buffer Delay ; Output Buffer Delay Control ; Location assigned by ; Output Enable Source ; Output Enable Group                                                                                                                                   ;
+--------------+-------+----------+--------------+--------------+--------------+-----------------------+--------------------+--------+----------------+-----------------+------------------------+-----------+-----------------+------------+----------+--------------+--------------+------------------+-------------------+-----------------------------------+---------------------------+----------------------------+---------------------+-----------------------------+----------------------+----------------------+-------------------------------------------------------------------------------------------------------------------------------------------------------+
; AUD_ADCLRCK  ; R7    ; 3A       ; 8            ; 0            ; 51           ; 1                     ; 0                  ; no     ; no             ; no              ; no                     ; 1         ; no              ; yes        ; no       ; Off          ; 2.5 V        ; Default          ; Off               ; Series 50 Ohm without Calibration ; --                        ; no                         ; 0                   ; Off                         ; Fitter               ; 0 pF                 ; -                                                                                                                                                     ;
; AUD_BCLK     ; AB5   ; 3B       ; 26           ; 0            ; 74           ; 1                     ; 0                  ; no     ; no             ; no              ; no                     ; 1         ; no              ; yes        ; no       ; Off          ; 2.5 V        ; Default          ; Off               ; Series 50 Ohm without Calibration ; --                        ; no                         ; 0                   ; Off                         ; Fitter               ; 0 pF                 ; -                                                                                                                                                     ;
; AUD_DACLRCK  ; M6    ; 3A       ; 8            ; 0            ; 17           ; 1                     ; 0                  ; no     ; no             ; no              ; no                     ; 1         ; no              ; yes        ; no       ; Off          ; 2.5 V        ; Default          ; Off               ; Series 50 Ohm without Calibration ; --                        ; no                         ; 0                   ; Off                         ; Fitter               ; 0 pF                 ; -                                                                                                                                                     ;
; AUD_I2C_SDAT ; AB6   ; 3B       ; 26           ; 0            ; 91           ; 1                     ; 0                  ; no     ; no             ; no              ; no                     ; 1         ; no              ; no         ; no       ; Off          ; 2.5 V        ; Default          ; Off               ; Series 50 Ohm without Calibration ; --                        ; no                         ; 0                   ; Off                         ; Fitter               ; 0 pF                 ; SOC:u0|SOC_audio_and_video_config_0:audio_and_video_config_0|altera_up_av_config_serial_bus_controller:Serial_Bus_Controller|serial_data~2 (inverted) ;
+--------------+-------+----------+--------------+--------------+--------------+-----------------------+--------------------+--------+----------------+-----------------+------------------------+-----------+-----------------+------------+----------+--------------+--------------+------------------+-------------------+-----------------------------------+---------------------------+----------------------------+---------------------+-----------------------------+----------------------+----------------------+-------------------------------------------------------------------------------------------------------------------------------------------------------+


+---------------------------------------------------------------------------+
; I/O Bank Usage                                                            ;
+----------+-----------------+---------------+--------------+---------------+
; I/O Bank ; Usage           ; VCCIO Voltage ; VREF Voltage ; VCCPD Voltage ;
+----------+-----------------+---------------+--------------+---------------+
; B2L      ; 0 / 0 ( -- )    ; --            ; --           ; --            ;
; B1L      ; 0 / 14 ( 0 % )  ; --            ; --           ; --            ;
; B0L      ; 0 / 14 ( 0 % )  ; --            ; --           ; --            ;
; 3A       ; 6 / 16 ( 38 % ) ; 2.5V          ; --           ; 2.5V          ;
; 3B       ; 3 / 32 ( 9 % )  ; 2.5V          ; --           ; 2.5V          ;
; 4A       ; 0 / 48 ( 0 % )  ; 2.5V          ; --           ; 2.5V          ;
; 5A       ; 0 / 16 ( 0 % )  ; 2.5V          ; --           ; 2.5V          ;
; 5B       ; 1 / 16 ( 6 % )  ; 2.5V          ; --           ; 2.5V          ;
; 7A       ; 0 / 80 ( 0 % )  ; 2.5V          ; --           ; 2.5V          ;
; 8A       ; 2 / 32 ( 6 % )  ; 2.5V          ; --           ; 2.5V          ;
+----------+-----------------+---------------+--------------+---------------+


+-----------------------------------------------------------------------------------------------------------------------------------------------------------------------------+
; All Package Pins                                                                                                                                                            ;
+----------+------------+----------+---------------------------------+--------+--------------+---------------------+--------------+-----------------+----------+--------------+
; Location ; Pad Number ; I/O Bank ; Pin Name/Usage                  ; Dir.   ; I/O Standard ; Voltage             ; I/O Type     ; User Assignment ; Bus Hold ; Weak Pull Up ;
+----------+------------+----------+---------------------------------+--------+--------------+---------------------+--------------+-----------------+----------+--------------+
; A1       ;            ;          ; RREF                            ;        ;              ;                     ; --           ;                 ; --       ; --           ;
; A2       ; 538        ; 9A       ; ^MSEL2                          ;        ;              ;                     ; --           ;                 ; --       ; --           ;
; A3       ;            ; --       ; VCCBAT                          ; power  ;              ; 1.2V                ; --           ;                 ; --       ; --           ;
; A4       ; 540        ; 9A       ; ^nCONFIG                        ;        ;              ;                     ; --           ;                 ; --       ; --           ;
; A5       ; 466        ; 8A       ; RESERVED_INPUT_WITH_WEAK_PULLUP ;        ;              ;                     ; Column I/O   ;                 ; no       ; On           ;
; A6       ;            ; 8A       ; VCCIO8A                         ; power  ;              ; 2.5V                ; --           ;                 ; --       ; --           ;
; A7       ; 475        ; 8A       ; RESERVED_INPUT_WITH_WEAK_PULLUP ;        ;              ;                     ; Column I/O   ;                 ; no       ; On           ;
; A8       ; 473        ; 8A       ; RESERVED_INPUT_WITH_WEAK_PULLUP ;        ;              ;                     ; Column I/O   ;                 ; no       ; On           ;
; A9       ; 464        ; 8A       ; RESERVED_INPUT_WITH_WEAK_PULLUP ;        ;              ;                     ; Column I/O   ;                 ; no       ; On           ;
; A10      ; 462        ; 8A       ; RESERVED_INPUT_WITH_WEAK_PULLUP ;        ;              ;                     ; Column I/O   ;                 ; no       ; On           ;
; A11      ;            ;          ; GND                             ; gnd    ;              ;                     ; --           ;                 ; --       ; --           ;
; A12      ; 444        ; 7A       ; RESERVED_INPUT_WITH_WEAK_PULLUP ;        ;              ;                     ; Column I/O   ;                 ; no       ; On           ;
; A13      ; 432        ; 7A       ; RESERVED_INPUT_WITH_WEAK_PULLUP ;        ;              ;                     ; Column I/O   ;                 ; no       ; On           ;
; A14      ; 420        ; 7A       ; RESERVED_INPUT_WITH_WEAK_PULLUP ;        ;              ;                     ; Column I/O   ;                 ; no       ; On           ;
; A15      ; 418        ; 7A       ; RESERVED_INPUT_WITH_WEAK_PULLUP ;        ;              ;                     ; Column I/O   ;                 ; no       ; On           ;
; A16      ;            ; 7A       ; VCCIO7A                         ; power  ;              ; 2.5V                ; --           ;                 ; --       ; --           ;
; A17      ; 403        ; 7A       ; RESERVED_INPUT_WITH_WEAK_PULLUP ;        ;              ;                     ; Column I/O   ;                 ; no       ; On           ;
; A18      ; 401        ; 7A       ; RESERVED_INPUT_WITH_WEAK_PULLUP ;        ;              ;                     ; Column I/O   ;                 ; no       ; On           ;
; A19      ; 404        ; 7A       ; RESERVED_INPUT_WITH_WEAK_PULLUP ;        ;              ;                     ; Column I/O   ;                 ; no       ; On           ;
; A20      ; 402        ; 7A       ; RESERVED_INPUT_WITH_WEAK_PULLUP ;        ;              ;                     ; Column I/O   ;                 ; no       ; On           ;
; A21      ;            ;          ; GND                             ; gnd    ;              ;                     ; --           ;                 ; --       ; --           ;
; A22      ; 396        ; 7A       ; RESERVED_INPUT_WITH_WEAK_PULLUP ;        ;              ;                     ; Column I/O   ;                 ; no       ; On           ;
; AA1      ; 39         ; B0L      ; GND                             ;        ;              ;                     ; --           ;                 ; --       ; --           ;
; AA2      ; 38         ; B0L      ; GND                             ;        ;              ;                     ; --           ;                 ; --       ; --           ;
; AA3      ;            ;          ; GND                             ; gnd    ;              ;                     ; --           ;                 ; --       ; --           ;
; AA4      ;            ;          ; GND                             ; gnd    ;              ;                     ; --           ;                 ; --       ; --           ;
; AA5      ; 47         ; 3A       ; ^AS_DATA2, DATA2                ;        ;              ;                     ; Weak Pull Up ;                 ; --       ; On           ;
; AA6      ;            ;          ; GND                             ; gnd    ;              ;                     ; --           ;                 ; --       ; --           ;
; AA7      ; 105        ; 3B       ; RESERVED_INPUT_WITH_WEAK_PULLUP ;        ;              ;                     ; Column I/O   ;                 ; no       ; On           ;
; AA8      ; 108        ; 3B       ; RESERVED_INPUT_WITH_WEAK_PULLUP ;        ;              ;                     ; Column I/O   ;                 ; no       ; On           ;
; AA9      ; 115        ; 3B       ; RESERVED_INPUT_WITH_WEAK_PULLUP ;        ;              ;                     ; Column I/O   ;                 ; no       ; On           ;
; AA10     ; 113        ; 3B       ; RESERVED_INPUT_WITH_WEAK_PULLUP ;        ;              ;                     ; Column I/O   ;                 ; no       ; On           ;
; AA11     ;            ;          ; GND                             ; gnd    ;              ;                     ; --           ;                 ; --       ; --           ;
; AA12     ; 131        ; 3B       ; RESERVED_INPUT_WITH_WEAK_PULLUP ;        ;              ;                     ; Column I/O   ;                 ; no       ; On           ;
; AA13     ; 139        ; 4A       ; RESERVED_INPUT_WITH_WEAK_PULLUP ;        ;              ;                     ; Column I/O   ;                 ; no       ; On           ;
; AA14     ; 137        ; 4A       ; RESERVED_INPUT_WITH_WEAK_PULLUP ;        ;              ;                     ; Column I/O   ;                 ; no       ; On           ;
; AA15     ; 142        ; 4A       ; RESERVED_INPUT_WITH_WEAK_PULLUP ;        ;              ;                     ; Column I/O   ;                 ; no       ; On           ;
; AA16     ;            ; 4A       ; VCCIO4A                         ; power  ;              ; 2.5V                ; --           ;                 ; --       ; --           ;
; AA17     ; 153        ; 4A       ; RESERVED_INPUT_WITH_WEAK_PULLUP ;        ;              ;                     ; Column I/O   ;                 ; no       ; On           ;
; AA18     ; 155        ; 4A       ; RESERVED_INPUT_WITH_WEAK_PULLUP ;        ;              ;                     ; Column I/O   ;                 ; no       ; On           ;
; AA19     ; 156        ; 4A       ; RESERVED_INPUT_WITH_WEAK_PULLUP ;        ;              ;                     ; Column I/O   ;                 ; no       ; On           ;
; AA20     ; 158        ; 4A       ; RESERVED_INPUT_WITH_WEAK_PULLUP ;        ;              ;                     ; Column I/O   ;                 ; no       ; On           ;
; AA21     ;            ; 4A       ; VCCIO4A                         ; power  ;              ; 2.5V                ; --           ;                 ; --       ; --           ;
; AA22     ; 163        ; 4A       ; RESERVED_INPUT_WITH_WEAK_PULLUP ;        ;              ;                     ; Column I/O   ;                 ; no       ; On           ;
; AB1      ;            ;          ; GND                             ; gnd    ;              ;                     ; --           ;                 ; --       ; --           ;
; AB2      ;            ;          ; GND                             ; gnd    ;              ;                     ; --           ;                 ; --       ; --           ;
; AB3      ; 49         ; 3A       ; ^AS_DATA1, DATA1                ;        ;              ;                     ; Weak Pull Up ;                 ; --       ; On           ;
; AB4      ; 51         ; 3A       ; ^AS_DATA0, ASDO, DATA0          ;        ;              ;                     ; Weak Pull Up ;                 ; --       ; On           ;
; AB5      ; 102        ; 3B       ; AUD_BCLK                        ; bidir  ; 2.5 V        ;                     ; Column I/O   ; N               ; no       ; Off          ;
; AB6      ; 100        ; 3B       ; AUD_I2C_SDAT                    ; bidir  ; 2.5 V        ;                     ; Column I/O   ; N               ; no       ; Off          ;
; AB7      ; 107        ; 3B       ; RESERVED_INPUT_WITH_WEAK_PULLUP ;        ;              ;                     ; Column I/O   ;                 ; no       ; On           ;
; AB8      ; 110        ; 3B       ; RESERVED_INPUT_WITH_WEAK_PULLUP ;        ;              ;                     ; Column I/O   ;                 ; no       ; On           ;
; AB9      ;            ;          ; GND                             ; gnd    ;              ;                     ; --           ;                 ; --       ; --           ;
; AB10     ; 124        ; 3B       ; RESERVED_INPUT_WITH_WEAK_PULLUP ;        ;              ;                     ; Column I/O   ;                 ; no       ; On           ;
; AB11     ; 126        ; 3B       ; RESERVED_INPUT_WITH_WEAK_PULLUP ;        ;              ;                     ; Column I/O   ;                 ; no       ; On           ;
; AB12     ; 134        ; 4A       ; RESERVED_INPUT_WITH_WEAK_PULLUP ;        ;              ;                     ; Column I/O   ;                 ; no       ; On           ;
; AB13     ; 132        ; 4A       ; RESERVED_INPUT_WITH_WEAK_PULLUP ;        ;              ;                     ; Column I/O   ;                 ; no       ; On           ;
; AB14     ;            ;          ; GND                             ; gnd    ;              ;                     ; --           ;                 ; --       ; --           ;
; AB15     ; 140        ; 4A       ; RESERVED_INPUT_WITH_WEAK_PULLUP ;        ;              ;                     ; Column I/O   ;                 ; no       ; On           ;
; AB16     ;            ; 4A       ; VREFB4AN0                       ; power  ;              ;                     ; --           ;                 ; --       ; --           ;
; AB17     ; 145        ; 4A       ; RESERVED_INPUT_WITH_WEAK_PULLUP ;        ;              ;                     ; Column I/O   ;                 ; no       ; On           ;
; AB18     ; 147        ; 4A       ; RESERVED_INPUT_WITH_WEAK_PULLUP ;        ;              ;                     ; Column I/O   ;                 ; no       ; On           ;
; AB19     ;            ;          ; GND                             ; gnd    ;              ;                     ; --           ;                 ; --       ; --           ;
; AB20     ; 148        ; 4A       ; RESERVED_INPUT_WITH_WEAK_PULLUP ;        ;              ;                     ; Column I/O   ;                 ; no       ; On           ;
; AB21     ; 150        ; 4A       ; RESERVED_INPUT_WITH_WEAK_PULLUP ;        ;              ;                     ; Column I/O   ;                 ; no       ; On           ;
; AB22     ; 161        ; 4A       ; RESERVED_INPUT_WITH_WEAK_PULLUP ;        ;              ;                     ; Column I/O   ;                 ; no       ; On           ;
; B1       ;            ;          ; GND                             ; gnd    ;              ;                     ; --           ;                 ; --       ; --           ;
; B2       ;            ;          ; GND                             ; gnd    ;              ;                     ; --           ;                 ; --       ; --           ;
; B3       ;            ;          ; DNU                             ;        ;              ;                     ; --           ;                 ; --       ; --           ;
; B4       ;            ;          ; DNU                             ;        ;              ;                     ; --           ;                 ; --       ; --           ;
; B5       ; 468        ; 8A       ; RESERVED_INPUT_WITH_WEAK_PULLUP ;        ;              ;                     ; Column I/O   ;                 ; no       ; On           ;
; B6       ; 470        ; 8A       ; RESERVED_INPUT_WITH_WEAK_PULLUP ;        ;              ;                     ; Column I/O   ;                 ; no       ; On           ;
; B7       ; 472        ; 8A       ; RESERVED_INPUT_WITH_WEAK_PULLUP ;        ;              ;                     ; Column I/O   ;                 ; no       ; On           ;
; B8       ;            ; 8A       ; VREFB8AN0                       ; power  ;              ;                     ; --           ;                 ; --       ; --           ;
; B9       ;            ;          ; GND                             ; gnd    ;              ;                     ; --           ;                 ; --       ; --           ;
; B10      ; 465        ; 8A       ; RESERVED_INPUT_WITH_WEAK_PULLUP ;        ;              ;                     ; Column I/O   ;                 ; no       ; On           ;
; B11      ; 452        ; 7A       ; RESERVED_INPUT_WITH_WEAK_PULLUP ;        ;              ;                     ; Column I/O   ;                 ; no       ; On           ;
; B12      ; 442        ; 7A       ; RESERVED_INPUT_WITH_WEAK_PULLUP ;        ;              ;                     ; Column I/O   ;                 ; no       ; On           ;
; B13      ; 430        ; 7A       ; RESERVED_INPUT_WITH_WEAK_PULLUP ;        ;              ;                     ; Column I/O   ;                 ; no       ; On           ;
; B14      ;            ;          ; GND                             ; gnd    ;              ;                     ; --           ;                 ; --       ; --           ;
; B15      ; 427        ; 7A       ; RESERVED_INPUT_WITH_WEAK_PULLUP ;        ;              ;                     ; Column I/O   ;                 ; no       ; On           ;
; B16      ; 406        ; 7A       ; RESERVED_INPUT_WITH_WEAK_PULLUP ;        ;              ;                     ; Column I/O   ;                 ; no       ; On           ;
; B17      ; 384        ; 7A       ; RESERVED_INPUT_WITH_WEAK_PULLUP ;        ;              ;                     ; Column I/O   ;                 ; no       ; On           ;
; B18      ; 382        ; 7A       ; RESERVED_INPUT_WITH_WEAK_PULLUP ;        ;              ;                     ; Column I/O   ;                 ; no       ; On           ;
; B19      ;            ; 7A       ; VCCIO7A                         ; power  ;              ; 2.5V                ; --           ;                 ; --       ; --           ;
; B20      ; 380        ; 7A       ; RESERVED_INPUT_WITH_WEAK_PULLUP ;        ;              ;                     ; Column I/O   ;                 ; no       ; On           ;
; B21      ; 387        ; 7A       ; RESERVED_INPUT_WITH_WEAK_PULLUP ;        ;              ;                     ; Column I/O   ;                 ; no       ; On           ;
; B22      ; 394        ; 7A       ; RESERVED_INPUT_WITH_WEAK_PULLUP ;        ;              ;                     ; Column I/O   ;                 ; no       ; On           ;
; C1       ; 19         ; B1L      ; GND                             ;        ;              ;                     ; --           ;                 ; --       ; --           ;
; C2       ; 18         ; B1L      ; GND                             ;        ;              ;                     ; --           ;                 ; --       ; --           ;
; C3       ;            ;          ; GND                             ; gnd    ;              ;                     ; --           ;                 ; --       ; --           ;
; C4       ;            ;          ; GND                             ; gnd    ;              ;                     ; --           ;                 ; --       ; --           ;
; C5       ; 542        ; 9A       ; ^GND                            ;        ;              ;                     ; --           ;                 ; --       ; --           ;
; C6       ; 474        ; 8A       ; RESERVED_INPUT_WITH_WEAK_PULLUP ;        ;              ;                     ; Column I/O   ;                 ; no       ; On           ;
; C7       ;            ; 8A       ; VCCIO8A                         ; power  ;              ; 2.5V                ; --           ;                 ; --       ; --           ;
; C8       ; 480        ; 8A       ; RESERVED_INPUT_WITH_WEAK_PULLUP ;        ;              ;                     ; Column I/O   ;                 ; no       ; On           ;
; C9       ; 467        ; 8A       ; RESERVED_INPUT_WITH_WEAK_PULLUP ;        ;              ;                     ; Column I/O   ;                 ; no       ; On           ;
; C10      ;            ; 7A, 8A   ; VCCPD7A8A                       ; power  ;              ; 2.5V                ; --           ;                 ; --       ; --           ;
; C11      ; 450        ; 7A       ; RESERVED_INPUT_WITH_WEAK_PULLUP ;        ;              ;                     ; Column I/O   ;                 ; no       ; On           ;
; C12      ;            ; 7A       ; VCCIO7A                         ; power  ;              ; 2.5V                ; --           ;                 ; --       ; --           ;
; C13      ; 443        ; 7A       ; RESERVED_INPUT_WITH_WEAK_PULLUP ;        ;              ;                     ; Column I/O   ;                 ; no       ; On           ;
; C14      ;            ; 7A       ; VREFB7AN0                       ; power  ;              ;                     ; --           ;                 ; --       ; --           ;
; C15      ; 425        ; 7A       ; RESERVED_INPUT_WITH_WEAK_PULLUP ;        ;              ;                     ; Column I/O   ;                 ; no       ; On           ;
; C16      ; 408        ; 7A       ; RESERVED_INPUT_WITH_WEAK_PULLUP ;        ;              ;                     ; Column I/O   ;                 ; no       ; On           ;
; C17      ;            ;          ; GND                             ; gnd    ;              ;                     ; --           ;                 ; --       ; --           ;
; C18      ; 395        ; 7A       ; RESERVED_INPUT_WITH_WEAK_PULLUP ;        ;              ;                     ; Column I/O   ;                 ; no       ; On           ;
; C19      ; 393        ; 7A       ; RESERVED_INPUT_WITH_WEAK_PULLUP ;        ;              ;                     ; Column I/O   ;                 ; no       ; On           ;
; C20      ; 378        ; 7A       ; RESERVED_INPUT_WITH_WEAK_PULLUP ;        ;              ;                     ; Column I/O   ;                 ; no       ; On           ;
; C21      ; 385        ; 7A       ; RESERVED_INPUT_WITH_WEAK_PULLUP ;        ;              ;                     ; Column I/O   ;                 ; no       ; On           ;
; C22      ;            ; 7A       ; VCCIO7A                         ; power  ;              ; 2.5V                ; --           ;                 ; --       ; --           ;
; D1       ;            ;          ; GND                             ; gnd    ;              ;                     ; --           ;                 ; --       ; --           ;
; D2       ;            ;          ; GND                             ; gnd    ;              ;                     ; --           ;                 ; --       ; --           ;
; D3       ; 16         ; B1L      ; GXB_NC                          ;        ;              ;                     ; --           ;                 ; --       ; --           ;
; D4       ; 17         ; B1L      ; GXB_NC                          ;        ;              ;                     ; --           ;                 ; --       ; --           ;
; D5       ;            ;          ; GND                             ; gnd    ;              ;                     ; --           ;                 ; --       ; --           ;
; D6       ; 476        ; 8A       ; KEY[3]                          ; input  ; 2.5 V        ;                     ; Column I/O   ; N               ; no       ; Off          ;
; D7       ; 478        ; 8A       ; RESERVED_INPUT_WITH_WEAK_PULLUP ;        ;              ;                     ; Column I/O   ;                 ; no       ; On           ;
; D8       ;            ; 7A, 8A   ; VCCPD7A8A                       ; power  ;              ; 2.5V                ; --           ;                 ; --       ; --           ;
; D9       ; 479        ; 8A       ; RESERVED_INPUT_WITH_WEAK_PULLUP ;        ;              ;                     ; Column I/O   ;                 ; no       ; On           ;
; D10      ;            ;          ; GND                             ; gnd    ;              ;                     ; --           ;                 ; --       ; --           ;
; D11      ;            ; --       ; VCC_AUX                         ; power  ;              ; 2.5V                ; --           ;                 ; --       ; --           ;
; D12      ; 449        ; 7A       ; RESERVED_INPUT_WITH_WEAK_PULLUP ;        ;              ;                     ; Column I/O   ;                 ; no       ; On           ;
; D13      ; 441        ; 7A       ; RESERVED_INPUT_WITH_WEAK_PULLUP ;        ;              ;                     ; Column I/O   ;                 ; no       ; On           ;
; D14      ;            ; 7A, 8A   ; VCCPD7A8A                       ; power  ;              ; 2.5V                ; --           ;                 ; --       ; --           ;
; D15      ;            ; 7A       ; VCCIO7A                         ; power  ;              ; 2.5V                ; --           ;                 ; --       ; --           ;
; D16      ;            ; 7A, 8A   ; VCCPD7A8A                       ; power  ;              ; 2.5V                ; --           ;                 ; --       ; --           ;
; D17      ; 409        ; 7A       ; RESERVED_INPUT_WITH_WEAK_PULLUP ;        ;              ;                     ; Column I/O   ;                 ; no       ; On           ;
; D18      ;            ; --       ; VCC_AUX                         ; power  ;              ; 2.5V                ; --           ;                 ; --       ; --           ;
; D19      ; 379        ; 7A       ; RESERVED_INPUT_WITH_WEAK_PULLUP ;        ;              ;                     ; Column I/O   ;                 ; no       ; On           ;
; D20      ;            ;          ; GND                             ; gnd    ;              ;                     ; --           ;                 ; --       ; --           ;
; D21      ; 376        ; 7A       ; RESERVED_INPUT_WITH_WEAK_PULLUP ;        ;              ;                     ; Column I/O   ;                 ; no       ; On           ;
; D22      ; 392        ; 7A       ; RESERVED_INPUT_WITH_WEAK_PULLUP ;        ;              ;                     ; Column I/O   ;                 ; no       ; On           ;
; E1       ; 20         ; B1L      ; GXB_NC                          ;        ;              ;                     ; --           ;                 ; --       ; --           ;
; E2       ; 21         ; B1L      ; GXB_NC                          ;        ;              ;                     ; --           ;                 ; --       ; --           ;
; E3       ;            ;          ; GND                             ; gnd    ;              ;                     ; --           ;                 ; --       ; --           ;
; E4       ;            ;          ; GND                             ; gnd    ;              ;                     ; --           ;                 ; --       ; --           ;
; E5       ; 539        ; 9A       ; ^MSEL3                          ;        ;              ;                     ; --           ;                 ; --       ; --           ;
; E6       ;            ; --       ; VCC_AUX                         ; power  ;              ; 2.5V                ; --           ;                 ; --       ; --           ;
; E7       ; 484        ; 8A       ; RESERVED_INPUT_WITH_WEAK_PULLUP ;        ;              ;                     ; Column I/O   ;                 ; no       ; On           ;
; E8       ;            ; 8A       ; VCCIO8A                         ; power  ;              ; 2.5V                ; --           ;                 ; --       ; --           ;
; E9       ; 477        ; 8A       ; RESERVED_INPUT_WITH_WEAK_PULLUP ;        ;              ;                     ; Column I/O   ;                 ; no       ; On           ;
; E10      ; 469        ; 8A       ; RESERVED_INPUT_WITH_WEAK_PULLUP ;        ;              ;                     ; Column I/O   ;                 ; no       ; On           ;
; E11      ;            ; 7A, 8A   ; VCCPD7A8A                       ; power  ;              ; 2.5V                ; --           ;                 ; --       ; --           ;
; E12      ; 451        ; 7A       ; RESERVED_INPUT_WITH_WEAK_PULLUP ;        ;              ;                     ; Column I/O   ;                 ; no       ; On           ;
; E13      ;            ;          ; GND                             ; gnd    ;              ;                     ; --           ;                 ; --       ; --           ;
; E14      ; 433        ; 7A       ; RESERVED_INPUT_WITH_WEAK_PULLUP ;        ;              ;                     ; Column I/O   ;                 ; no       ; On           ;
; E15      ; 417        ; 7A       ; RESERVED_INPUT_WITH_WEAK_PULLUP ;        ;              ;                     ; Column I/O   ;                 ; no       ; On           ;
; E16      ; 411        ; 7A       ; RESERVED_INPUT_WITH_WEAK_PULLUP ;        ;              ;                     ; Column I/O   ;                 ; no       ; On           ;
; E17      ;            ;          ; DNU                             ;        ;              ;                     ; --           ;                 ; --       ; --           ;
; E18      ;            ; 7A       ; VCCIO7A                         ; power  ;              ; 2.5V                ; --           ;                 ; --       ; --           ;
; E19      ; 377        ; 7A       ; RESERVED_INPUT_WITH_WEAK_PULLUP ;        ;              ;                     ; Column I/O   ;                 ; no       ; On           ;
; E20      ; 398        ; 7A       ; RESERVED_INPUT_WITH_WEAK_PULLUP ;        ;              ;                     ; Column I/O   ;                 ; no       ; On           ;
; E21      ; 374        ; 7A       ; RESERVED_INPUT_WITH_WEAK_PULLUP ;        ;              ;                     ; Column I/O   ;                 ; no       ; On           ;
; E22      ; 390        ; 7A       ; RESERVED_INPUT_WITH_WEAK_PULLUP ;        ;              ;                     ; Column I/O   ;                 ; no       ; On           ;
; F1       ;            ;          ; GND                             ; gnd    ;              ;                     ; --           ;                 ; --       ; --           ;
; F2       ;            ;          ; GND                             ; gnd    ;              ;                     ; --           ;                 ; --       ; --           ;
; F3       ; 541        ; 9A       ; ^MSEL4                          ;        ;              ;                     ; --           ;                 ; --       ; --           ;
; F4       ;            ; --       ; VCCA_FPLL                       ; power  ;              ; 2.5V                ; --           ;                 ; --       ; --           ;
; F5       ; 14         ; B1L      ; GND                             ;        ;              ;                     ; Row I/O      ;                 ; --       ; --           ;
; F6       ;            ;          ; GND                             ; gnd    ;              ;                     ; --           ;                 ; --       ; --           ;
; F7       ; 482        ; 8A       ; RESERVED_INPUT_WITH_WEAK_PULLUP ;        ;              ;                     ; Column I/O   ;                 ; no       ; On           ;
; F8       ;            ; --       ; VCCPGM                          ; power  ;              ; 1.8V/2.5V/3.0V/3.3V ; --           ;                 ; --       ; --           ;
; F9       ; 471        ; 8A       ; KEY[2]                          ; input  ; 2.5 V        ;                     ; Column I/O   ; N               ; no       ; Off          ;
; F10      ; 455        ; 8A       ; RESERVED_INPUT_WITH_WEAK_PULLUP ;        ;              ;                     ; Column I/O   ;                 ; no       ; On           ;
; F11      ;            ; 7A       ; VCCIO7A                         ; power  ;              ; 2.5V                ; --           ;                 ; --       ; --           ;
; F12      ; 440        ; 7A       ; RESERVED_INPUT_WITH_WEAK_PULLUP ;        ;              ;                     ; Column I/O   ;                 ; no       ; On           ;
; F13      ; 435        ; 7A       ; RESERVED_INPUT_WITH_WEAK_PULLUP ;        ;              ;                     ; Column I/O   ;                 ; no       ; On           ;
; F14      ; 428        ; 7A       ; RESERVED_INPUT_WITH_WEAK_PULLUP ;        ;              ;                     ; Column I/O   ;                 ; no       ; On           ;
; F15      ; 419        ; 7A       ; RESERVED_INPUT_WITH_WEAK_PULLUP ;        ;              ;                     ; Column I/O   ;                 ; no       ; On           ;
; F16      ;            ;          ; GND                             ; gnd    ;              ;                     ; --           ;                 ; --       ; --           ;
; F17      ; 372        ; 7A       ; ^GND                            ;        ;              ;                     ; --           ;                 ; --       ; --           ;
; F18      ; 399        ; 7A       ; RESERVED_INPUT_WITH_WEAK_PULLUP ;        ;              ;                     ; Column I/O   ;                 ; no       ; On           ;
; F19      ; 397        ; 7A       ; RESERVED_INPUT_WITH_WEAK_PULLUP ;        ;              ;                     ; Column I/O   ;                 ; no       ; On           ;
; F20      ; 400        ; 7A       ; RESERVED_INPUT_WITH_WEAK_PULLUP ;        ;              ;                     ; Column I/O   ;                 ; no       ; On           ;
; F21      ;            ; 7A       ; VCCIO7A                         ; power  ;              ; 2.5V                ; --           ;                 ; --       ; --           ;
; F22      ; 388        ; 7A       ; RESERVED_INPUT_WITH_WEAK_PULLUP ;        ;              ;                     ; Column I/O   ;                 ; no       ; On           ;
; G1       ; 23         ; B1L      ; GND                             ;        ;              ;                     ; --           ;                 ; --       ; --           ;
; G2       ; 22         ; B1L      ; GND                             ;        ;              ;                     ; --           ;                 ; --       ; --           ;
; G3       ;            ;          ; GND                             ; gnd    ;              ;                     ; --           ;                 ; --       ; --           ;
; G4       ; 15         ; B1L      ; GND                             ;        ;              ;                     ; Row I/O      ;                 ; --       ; --           ;
; G5       ; 537        ; 9A       ; ^nCE                            ;        ;              ;                     ; --           ;                 ; --       ; --           ;
; G6       ; 481        ; 8A       ; RESERVED_INPUT_WITH_WEAK_PULLUP ;        ;              ;                     ; Column I/O   ;                 ; no       ; On           ;
; G7       ;            ; 8A       ; VCCIO8A                         ; power  ;              ; 2.5V                ; --           ;                 ; --       ; --           ;
; G8       ; 460        ; 8A       ; RESERVED_INPUT_WITH_WEAK_PULLUP ;        ;              ;                     ; Column I/O   ;                 ; no       ; On           ;
; G9       ;            ;          ; GND                             ; gnd    ;              ;                     ; --           ;                 ; --       ; --           ;
; G10      ; 453        ; 8A       ; RESERVED_INPUT_WITH_WEAK_PULLUP ;        ;              ;                     ; Column I/O   ;                 ; no       ; On           ;
; G11      ; 438        ; 7A       ; RESERVED_INPUT_WITH_WEAK_PULLUP ;        ;              ;                     ; Column I/O   ;                 ; no       ; On           ;
; G12      ; 447        ; 7A       ; RESERVED_INPUT_WITH_WEAK_PULLUP ;        ;              ;                     ; Column I/O   ;                 ; no       ; On           ;
; G13      ; 439        ; 7A       ; RESERVED_INPUT_WITH_WEAK_PULLUP ;        ;              ;                     ; Column I/O   ;                 ; no       ; On           ;
; G14      ;            ; 7A       ; VCCIO7A                         ; power  ;              ; 2.5V                ; --           ;                 ; --       ; --           ;
; G15      ; 426        ; 7A       ; RESERVED_INPUT_WITH_WEAK_PULLUP ;        ;              ;                     ; Column I/O   ;                 ; no       ; On           ;
; G16      ; 412        ; 7A       ; RESERVED_INPUT_WITH_WEAK_PULLUP ;        ;              ;                     ; Column I/O   ;                 ; no       ; On           ;
; G17      ; 410        ; 7A       ; RESERVED_INPUT_WITH_WEAK_PULLUP ;        ;              ;                     ; Column I/O   ;                 ; no       ; On           ;
; G18      ; 413        ; 7A       ; RESERVED_INPUT_WITH_WEAK_PULLUP ;        ;              ;                     ; Column I/O   ;                 ; no       ; On           ;
; G19      ;            ;          ; GND                             ; gnd    ;              ;                     ; --           ;                 ; --       ; --           ;
; G20      ; 389        ; 7A       ; RESERVED_INPUT_WITH_WEAK_PULLUP ;        ;              ;                     ; Column I/O   ;                 ; no       ; On           ;
; G21      ; 375        ; 7A       ; RESERVED_INPUT_WITH_WEAK_PULLUP ;        ;              ;                     ; Column I/O   ;                 ; no       ; On           ;
; G22      ; 386        ; 7A       ; RESERVED_INPUT_WITH_WEAK_PULLUP ;        ;              ;                     ; Column I/O   ;                 ; no       ; On           ;
; H1       ;            ;          ; GND                             ; gnd    ;              ;                     ; --           ;                 ; --       ; --           ;
; H2       ;            ;          ; GND                             ; gnd    ;              ;                     ; --           ;                 ; --       ; --           ;
; H3       ;            ;          ; GND                             ; gnd    ;              ;                     ; --           ;                 ; --       ; --           ;
; H4       ;            ;          ; GND                             ; gnd    ;              ;                     ; --           ;                 ; --       ; --           ;
; H5       ; 536        ; 9A       ; ^nSTATUS                        ;        ;              ;                     ; --           ;                 ; --       ; --           ;
; H6       ; 483        ; 8A       ; RESERVED_INPUT_WITH_WEAK_PULLUP ;        ;              ;                     ; Column I/O   ;                 ; no       ; On           ;
; H7       ;            ;          ; GND                             ; gnd    ;              ;                     ; --           ;                 ; --       ; --           ;
; H8       ; 458        ; 8A       ; RESERVED_INPUT_WITH_WEAK_PULLUP ;        ;              ;                     ; Column I/O   ;                 ; no       ; On           ;
; H9       ; 463        ; 8A       ; RESERVED_INPUT_WITH_WEAK_PULLUP ;        ;              ;                     ; Column I/O   ;                 ; no       ; On           ;
; H10      ; 436        ; 7A       ; RESERVED_INPUT_WITH_WEAK_PULLUP ;        ;              ;                     ; Column I/O   ;                 ; no       ; On           ;
; H11      ; 445        ; 7A       ; RESERVED_INPUT_WITH_WEAK_PULLUP ;        ;              ;                     ; Column I/O   ;                 ; no       ; On           ;
; H12      ;            ;          ; GND                             ; gnd    ;              ;                     ; --           ;                 ; --       ; --           ;
; H13      ; 437        ; 7A       ; RESERVED_INPUT_WITH_WEAK_PULLUP ;        ;              ;                     ; Column I/O   ;                 ; no       ; On           ;
; H14      ; 429        ; 7A       ; RESERVED_INPUT_WITH_WEAK_PULLUP ;        ;              ;                     ; Column I/O   ;                 ; no       ; On           ;
; H15      ; 423        ; 7A       ; RESERVED_INPUT_WITH_WEAK_PULLUP ;        ;              ;                     ; Column I/O   ;                 ; no       ; On           ;
; H16      ; 421        ; 7A       ; RESERVED_INPUT_WITH_WEAK_PULLUP ;        ;              ;                     ; Column I/O   ;                 ; no       ; On           ;
; H17      ;            ; 7A       ; VCCIO7A                         ; power  ;              ; 2.5V                ; --           ;                 ; --       ; --           ;
; H18      ; 415        ; 7A       ; RESERVED_INPUT_WITH_WEAK_PULLUP ;        ;              ;                     ; Column I/O   ;                 ; no       ; On           ;
; H19      ;            ; --       ; VCCA_FPLL                       ; power  ;              ; 2.5V                ; --           ;                 ; --       ; --           ;
; H20      ; 391        ; 7A       ; RESERVED_INPUT_WITH_WEAK_PULLUP ;        ;              ;                     ; Column I/O   ;                 ; no       ; On           ;
; H21      ; 373        ; 7A       ; RESERVED_INPUT_WITH_WEAK_PULLUP ;        ;              ;                     ; Column I/O   ;                 ; no       ; On           ;
; H22      ;            ;          ; GND                             ; gnd    ;              ;                     ; --           ;                 ; --       ; --           ;
; J1       ; 24         ; B1L      ; GXB_NC                          ;        ;              ;                     ; --           ;                 ; --       ; --           ;
; J2       ; 25         ; B1L      ; GXB_NC                          ;        ;              ;                     ; --           ;                 ; --       ; --           ;
; J3       ;            ;          ; GND                             ; gnd    ;              ;                     ; --           ;                 ; --       ; --           ;
; J4       ;            ; --       ; VCCE_GXBL                       ; power  ;              ; 1.1V                ; --           ;                 ; --       ; --           ;
; J5       ;            ;          ; GND                             ; gnd    ;              ;                     ; --           ;                 ; --       ; --           ;
; J6       ; 535        ; 9A       ; ^MSEL1                          ;        ;              ;                     ; --           ;                 ; --       ; --           ;
; J7       ; 457        ; 8A       ; RESERVED_INPUT_WITH_WEAK_PULLUP ;        ;              ;                     ; Column I/O   ;                 ; no       ; On           ;
; J8       ; 459        ; 8A       ; RESERVED_INPUT_WITH_WEAK_PULLUP ;        ;              ;                     ; Column I/O   ;                 ; no       ; On           ;
; J9       ; 461        ; 8A       ; RESERVED_INPUT_WITH_WEAK_PULLUP ;        ;              ;                     ; Column I/O   ;                 ; no       ; On           ;
; J10      ;            ; --       ; VCC                             ; power  ;              ; 1.1V                ; --           ;                 ; --       ; --           ;
; J11      ; 434        ; 7A       ; RESERVED_INPUT_WITH_WEAK_PULLUP ;        ;              ;                     ; Column I/O   ;                 ; no       ; On           ;
; J12      ;            ; --       ; VCC                             ; power  ;              ; 1.1V                ; --           ;                 ; --       ; --           ;
; J13      ; 431        ; 7A       ; RESERVED_INPUT_WITH_WEAK_PULLUP ;        ;              ;                     ; Column I/O   ;                 ; no       ; On           ;
; J14      ;            ; --       ; VCC                             ; power  ;              ; 1.1V                ; --           ;                 ; --       ; --           ;
; J15      ;            ;          ; GND                             ; gnd    ;              ;                     ; --           ;                 ; --       ; --           ;
; J16      ;            ; --       ; VCC                             ; power  ;              ; 1.1V                ; --           ;                 ; --       ; --           ;
; J17      ; 422        ; 7A       ; RESERVED_INPUT_WITH_WEAK_PULLUP ;        ;              ;                     ; Column I/O   ;                 ; no       ; On           ;
; J18      ; 416        ; 7A       ; RESERVED_INPUT_WITH_WEAK_PULLUP ;        ;              ;                     ; Column I/O   ;                 ; no       ; On           ;
; J19      ; 414        ; 7A       ; RESERVED_INPUT_WITH_WEAK_PULLUP ;        ;              ;                     ; Column I/O   ;                 ; no       ; On           ;
; J20      ;            ;          ; GND                             ; gnd    ;              ;                     ; --           ;                 ; --       ; --           ;
; J21      ; 381        ; 7A       ; RESERVED_INPUT_WITH_WEAK_PULLUP ;        ;              ;                     ; Column I/O   ;                 ; no       ; On           ;
; J22      ; 383        ; 7A       ; RESERVED_INPUT_WITH_WEAK_PULLUP ;        ;              ;                     ; Column I/O   ;                 ; no       ; On           ;
; K1       ;            ;          ; GND                             ; gnd    ;              ;                     ; --           ;                 ; --       ; --           ;
; K2       ;            ;          ; GND                             ; gnd    ;              ;                     ; --           ;                 ; --       ; --           ;
; K3       ;            ; --       ; VCCL_GXBL                       ; power  ;              ; 1.1V                ; --           ;                 ; --       ; --           ;
; K4       ;            ;          ; GND                             ; gnd    ;              ;                     ; --           ;                 ; --       ; --           ;
; K5       ;            ; --       ; VCCE_GXBL                       ; power  ;              ; 1.1V                ; --           ;                 ; --       ; --           ;
; K6       ; 534        ; 9A       ; ^CONF_DONE                      ;        ;              ;                     ; --           ;                 ; --       ; --           ;
; K7       ; 456        ; 8A       ; RESERVED_INPUT_WITH_WEAK_PULLUP ;        ;              ;                     ; Column I/O   ;                 ; no       ; On           ;
; K8       ;            ;          ; GND                             ; gnd    ;              ;                     ; --           ;                 ; --       ; --           ;
; K9       ; 448        ; 7A       ; RESERVED_INPUT_WITH_WEAK_PULLUP ;        ;              ;                     ; Column I/O   ;                 ; no       ; On           ;
; K10      ;            ;          ; GND                             ; gnd    ;              ;                     ; --           ;                 ; --       ; --           ;
; K11      ;            ; --       ; VCC                             ; power  ;              ; 1.1V                ; --           ;                 ; --       ; --           ;
; K12      ;            ;          ; GND                             ; gnd    ;              ;                     ; --           ;                 ; --       ; --           ;
; K13      ;            ; --       ; VCC                             ; power  ;              ; 1.1V                ; --           ;                 ; --       ; --           ;
; K14      ;            ;          ; GND                             ; gnd    ;              ;                     ; --           ;                 ; --       ; --           ;
; K15      ;            ; --       ; VCC                             ; power  ;              ; 1.1V                ; --           ;                 ; --       ; --           ;
; K16      ; 424        ; 7A       ; RESERVED_INPUT_WITH_WEAK_PULLUP ;        ;              ;                     ; Column I/O   ;                 ; no       ; On           ;
; K17      ; 284        ; 5B       ; RESERVED_INPUT_WITH_WEAK_PULLUP ;        ;              ;                     ; Row I/O      ;                 ; no       ; On           ;
; K18      ;            ; 5B       ; VCCIO5B                         ; power  ;              ; 2.5V                ; --           ;                 ; --       ; --           ;
; K19      ; 407        ; 7A       ; RESERVED_INPUT_WITH_WEAK_PULLUP ;        ;              ;                     ; Column I/O   ;                 ; no       ; On           ;
; K20      ; 405        ; 7A       ; RESERVED_INPUT_WITH_WEAK_PULLUP ;        ;              ;                     ; Column I/O   ;                 ; no       ; On           ;
; K21      ; 289        ; 5B       ; RESERVED_INPUT_WITH_WEAK_PULLUP ;        ;              ;                     ; Row I/O      ;                 ; no       ; On           ;
; K22      ; 291        ; 5B       ; RESERVED_INPUT_WITH_WEAK_PULLUP ;        ;              ;                     ; Row I/O      ;                 ; no       ; On           ;
; L1       ; 27         ; B1L      ; GND                             ;        ;              ;                     ; --           ;                 ; --       ; --           ;
; L2       ; 26         ; B1L      ; GND                             ;        ;              ;                     ; --           ;                 ; --       ; --           ;
; L3       ;            ;          ; GND                             ; gnd    ;              ;                     ; --           ;                 ; --       ; --           ;
; L4       ;            ; --       ; VCCE_GXBL                       ; power  ;              ; 1.1V                ; --           ;                 ; --       ; --           ;
; L5       ;            ;          ; GND                             ; gnd    ;              ;                     ; --           ;                 ; --       ; --           ;
; L6       ; 533        ; 9A       ; ^MSEL0                          ;        ;              ;                     ; --           ;                 ; --       ; --           ;
; L7       ; 454        ; 8A       ; RESERVED_INPUT_WITH_WEAK_PULLUP ;        ;              ;                     ; Column I/O   ;                 ; no       ; On           ;
; L8       ; 446        ; 7A       ; RESERVED_INPUT_WITH_WEAK_PULLUP ;        ;              ;                     ; Column I/O   ;                 ; no       ; On           ;
; L9       ;            ;          ; DNU                             ;        ;              ;                     ; --           ;                 ; --       ; --           ;
; L10      ;            ; --       ; VCC                             ; power  ;              ; 1.1V                ; --           ;                 ; --       ; --           ;
; L11      ;            ;          ; GND                             ; gnd    ;              ;                     ; --           ;                 ; --       ; --           ;
; L12      ;            ; --       ; VCC                             ; power  ;              ; 1.1V                ; --           ;                 ; --       ; --           ;
; L13      ;            ;          ; GND                             ; gnd    ;              ;                     ; --           ;                 ; --       ; --           ;
; L14      ;            ; --       ; VCC                             ; power  ;              ; 1.1V                ; --           ;                 ; --       ; --           ;
; L15      ;            ;          ; GND                             ; gnd    ;              ;                     ; --           ;                 ; --       ; --           ;
; L16      ;            ; --       ; VCC                             ; power  ;              ; 1.1V                ; --           ;                 ; --       ; --           ;
; L17      ; 286        ; 5B       ; RESERVED_INPUT_WITH_WEAK_PULLUP ;        ;              ;                     ; Row I/O      ;                 ; no       ; On           ;
; L18      ; 290        ; 5B       ; RESERVED_INPUT_WITH_WEAK_PULLUP ;        ;              ;                     ; Row I/O      ;                 ; no       ; On           ;
; L19      ; 288        ; 5B       ; RESERVED_INPUT_WITH_WEAK_PULLUP ;        ;              ;                     ; Row I/O      ;                 ; no       ; On           ;
; L20      ;            ; 5B       ; VREFB5BN0                       ; power  ;              ;                     ; --           ;                 ; --       ; --           ;
; L21      ;            ;          ; GND                             ; gnd    ;              ;                     ; --           ;                 ; --       ; --           ;
; L22      ; 283        ; 5B       ; RESERVED_INPUT_WITH_WEAK_PULLUP ;        ;              ;                     ; Row I/O      ;                 ; no       ; On           ;
; M1       ;            ;          ; GND                             ; gnd    ;              ;                     ; --           ;                 ; --       ; --           ;
; M2       ;            ;          ; GND                             ; gnd    ;              ;                     ; --           ;                 ; --       ; --           ;
; M3       ;            ; --       ; VCCH_GXBL                       ; power  ;              ; 2.5V                ; --           ;                 ; --       ; --           ;
; M4       ;            ;          ; GND                             ; gnd    ;              ;                     ; --           ;                 ; --       ; --           ;
; M5       ; 42         ; 3A       ; altera_reserved_tdo             ; output ; 2.5 V        ;                     ; --           ; N               ; no       ; Off          ;
; M6       ; 64         ; 3A       ; AUD_DACLRCK                     ; bidir  ; 2.5 V        ;                     ; Column I/O   ; N               ; no       ; Off          ;
; M7       ; 66         ; 3A       ; AUD_I2C_SCLK                    ; output ; 2.5 V        ;                     ; Column I/O   ; N               ; no       ; Off          ;
; M8       ; 112        ; 3B       ; RESERVED_INPUT_WITH_WEAK_PULLUP ;        ;              ;                     ; Column I/O   ;                 ; no       ; On           ;
; M9       ; 114        ; 3B       ; RESERVED_INPUT_WITH_WEAK_PULLUP ;        ;              ;                     ; Column I/O   ;                 ; no       ; On           ;
; M10      ;            ;          ; GND                             ; gnd    ;              ;                     ; --           ;                 ; --       ; --           ;
; M11      ;            ; --       ; VCC                             ; power  ;              ; 1.1V                ; --           ;                 ; --       ; --           ;
; M12      ;            ;          ; GND                             ; gnd    ;              ;                     ; --           ;                 ; --       ; --           ;
; M13      ;            ; --       ; VCC                             ; power  ;              ; 1.1V                ; --           ;                 ; --       ; --           ;
; M14      ;            ;          ; GND                             ; gnd    ;              ;                     ; --           ;                 ; --       ; --           ;
; M15      ;            ; --       ; VCC                             ; power  ;              ; 1.1V                ; --           ;                 ; --       ; --           ;
; M16      ; 278        ; 5B       ; RESERVED_INPUT_WITH_WEAK_PULLUP ;        ;              ;                     ; Row I/O      ;                 ; no       ; On           ;
; M17      ;            ; 5B       ; VCCPD5B                         ; power  ;              ; 2.5V                ; --           ;                 ; --       ; --           ;
; M18      ; 282        ; 5B       ; RESERVED_INPUT_WITH_WEAK_PULLUP ;        ;              ;                     ; Row I/O      ;                 ; no       ; On           ;
; M19      ;            ; 5B       ; VCCIO5B                         ; power  ;              ; 2.5V                ; --           ;                 ; --       ; --           ;
; M20      ; 285        ; 5B       ; RESERVED_INPUT_WITH_WEAK_PULLUP ;        ;              ;                     ; Row I/O      ;                 ; no       ; On           ;
; M21      ; 287        ; 5B       ; RESERVED_INPUT_WITH_WEAK_PULLUP ;        ;              ;                     ; Row I/O      ;                 ; no       ; On           ;
; M22      ; 281        ; 5B       ; RESERVED_INPUT_WITH_WEAK_PULLUP ;        ;              ;                     ; Row I/O      ;                 ; no       ; On           ;
; N1       ; 28         ; B0L      ; GXB_NC                          ;        ;              ;                     ; --           ;                 ; --       ; --           ;
; N2       ; 29         ; B0L      ; GXB_NC                          ;        ;              ;                     ; --           ;                 ; --       ; --           ;
; N3       ;            ;          ; GND                             ; gnd    ;              ;                     ; --           ;                 ; --       ; --           ;
; N4       ;            ; --       ; VCCE_GXBL                       ; power  ;              ; 1.1V                ; --           ;                 ; --       ; --           ;
; N5       ;            ;          ; GND                             ; gnd    ;              ;                     ; --           ;                 ; --       ; --           ;
; N6       ; 58         ; 3A       ; RESERVED_INPUT_WITH_WEAK_PULLUP ;        ;              ;                     ; Column I/O   ;                 ; no       ; On           ;
; N7       ;            ;          ; GND                             ; gnd    ;              ;                     ; --           ;                 ; --       ; --           ;
; N8       ; 106        ; 3B       ; KEY[1]                          ; input  ; 2.5 V        ;                     ; Column I/O   ; N               ; no       ; Off          ;
; N9       ; 130        ; 3B       ; RESERVED_INPUT_WITH_WEAK_PULLUP ;        ;              ;                     ; Column I/O   ;                 ; no       ; On           ;
; N10      ;            ; --       ; VCC                             ; power  ;              ; 1.1V                ; --           ;                 ; --       ; --           ;
; N11      ;            ;          ; GND                             ; gnd    ;              ;                     ; --           ;                 ; --       ; --           ;
; N12      ;            ; --       ; VCC                             ; power  ;              ; 1.1V                ; --           ;                 ; --       ; --           ;
; N13      ;            ;          ; GND                             ; gnd    ;              ;                     ; --           ;                 ; --       ; --           ;
; N14      ;            ; --       ; VCC                             ; power  ;              ; 1.1V                ; --           ;                 ; --       ; --           ;
; N15      ;            ;          ; GND                             ; gnd    ;              ;                     ; --           ;                 ; --       ; --           ;
; N16      ; 276        ; 5B       ; CLOCK_50                        ; input  ; 2.5 V        ;                     ; Row I/O      ; N               ; no       ; Off          ;
; N17      ;            ;          ; GND                             ; gnd    ;              ;                     ; --           ;                 ; --       ; --           ;
; N18      ;            ; 5B       ; VCCPD5B                         ; power  ;              ; 2.5V                ; --           ;                 ; --       ; --           ;
; N19      ; 280        ; 5B       ; RESERVED_INPUT_WITH_WEAK_PULLUP ;        ;              ;                     ; Row I/O      ;                 ; no       ; On           ;
; N20      ; 277        ; 5B       ; RESERVED_INPUT_WITH_WEAK_PULLUP ;        ;              ;                     ; Row I/O      ;                 ; no       ; On           ;
; N21      ; 279        ; 5B       ; RESERVED_INPUT_WITH_WEAK_PULLUP ;        ;              ;                     ; Row I/O      ;                 ; no       ; On           ;
; N22      ;            ;          ; GND                             ; gnd    ;              ;                     ; --           ;                 ; --       ; --           ;
; P1       ;            ;          ; GND                             ; gnd    ;              ;                     ; --           ;                 ; --       ; --           ;
; P2       ;            ;          ; GND                             ; gnd    ;              ;                     ; --           ;                 ; --       ; --           ;
; P3       ;            ; --       ; VCCL_GXBL                       ; power  ;              ; 1.1V                ; --           ;                 ; --       ; --           ;
; P4       ;            ;          ; GND                             ; gnd    ;              ;                     ; --           ;                 ; --       ; --           ;
; P5       ; 44         ; 3A       ; altera_reserved_tms             ; input  ; 2.5 V        ;                     ; --           ; N               ; no       ; Off          ;
; P6       ; 56         ; 3A       ; RESERVED_INPUT_WITH_WEAK_PULLUP ;        ;              ;                     ; Column I/O   ;                 ; no       ; On           ;
; P7       ; 67         ; 3A       ; AUD_DACDAT                      ; output ; 2.5 V        ;                     ; Column I/O   ; N               ; no       ; Off          ;
; P8       ; 104        ; 3B       ; RESERVED_INPUT_WITH_WEAK_PULLUP ;        ;              ;                     ; Column I/O   ;                 ; no       ; On           ;
; P9       ; 128        ; 3B       ; RESERVED_INPUT_WITH_WEAK_PULLUP ;        ;              ;                     ; Column I/O   ;                 ; no       ; On           ;
; P10      ;            ;          ; GND                             ; gnd    ;              ;                     ; --           ;                 ; --       ; --           ;
; P11      ;            ; --       ; VCC                             ; power  ;              ; 1.1V                ; --           ;                 ; --       ; --           ;
; P12      ; 123        ; 3B       ; RESERVED_INPUT_WITH_WEAK_PULLUP ;        ;              ;                     ; Column I/O   ;                 ; no       ; On           ;
; P13      ;            ; --       ; VCC                             ; power  ;              ; 1.1V                ; --           ;                 ; --       ; --           ;
; P14      ; 168        ; 4A       ; RESERVED_INPUT_WITH_WEAK_PULLUP ;        ;              ;                     ; Column I/O   ;                 ; no       ; On           ;
; P15      ;            ; --       ; VCC                             ; power  ;              ; 1.1V                ; --           ;                 ; --       ; --           ;
; P16      ; 225        ; 5A       ; RESERVED_INPUT_WITH_WEAK_PULLUP ;        ;              ;                     ; Row I/O      ;                 ; no       ; On           ;
; P17      ; 227        ; 5A       ; RESERVED_INPUT_WITH_WEAK_PULLUP ;        ;              ;                     ; Row I/O      ;                 ; no       ; On           ;
; P18      ; 226        ; 5A       ; RESERVED_INPUT_WITH_WEAK_PULLUP ;        ;              ;                     ; Row I/O      ;                 ; no       ; On           ;
; P19      ; 224        ; 5A       ; RESERVED_INPUT_WITH_WEAK_PULLUP ;        ;              ;                     ; Row I/O      ;                 ; no       ; On           ;
; P20      ;            ; 5A       ; VCCIO5A                         ; power  ;              ; 2.5V                ; --           ;                 ; --       ; --           ;
; P21      ;            ; 5A       ; VCCPD5A                         ; power  ;              ; 2.5V                ; --           ;                 ; --       ; --           ;
; P22      ; 222        ; 5A       ; RESERVED_INPUT_WITH_WEAK_PULLUP ;        ;              ;                     ; Row I/O      ;                 ; no       ; On           ;
; R1       ; 31         ; B0L      ; GND                             ;        ;              ;                     ; --           ;                 ; --       ; --           ;
; R2       ; 30         ; B0L      ; GND                             ;        ;              ;                     ; --           ;                 ; --       ; --           ;
; R3       ;            ;          ; GND                             ; gnd    ;              ;                     ; --           ;                 ; --       ; --           ;
; R4       ; 43         ; 3A       ; ^nCSO, DATA4                    ;        ;              ;                     ; Weak Pull Up ;                 ; --       ; On           ;
; R5       ; 54         ; 3A       ; RESERVED_INPUT_WITH_WEAK_PULLUP ;        ;              ;                     ; Column I/O   ;                 ; no       ; On           ;
; R6       ; 52         ; 3A       ; RESERVED_INPUT_WITH_WEAK_PULLUP ;        ;              ;                     ; Column I/O   ;                 ; no       ; On           ;
; R7       ; 65         ; 3A       ; AUD_ADCLRCK                     ; bidir  ; 2.5 V        ;                     ; Column I/O   ; N               ; no       ; Off          ;
; R8       ;            ; 3B       ; VCCIO3B                         ; power  ;              ; 2.5V                ; --           ;                 ; --       ; --           ;
; R9       ; 119        ; 3B       ; RESERVED_INPUT_WITH_WEAK_PULLUP ;        ;              ;                     ; Column I/O   ;                 ; no       ; On           ;
; R10      ; 125        ; 3B       ; RESERVED_INPUT_WITH_WEAK_PULLUP ;        ;              ;                     ; Column I/O   ;                 ; no       ; On           ;
; R11      ; 127        ; 3B       ; RESERVED_INPUT_WITH_WEAK_PULLUP ;        ;              ;                     ; Column I/O   ;                 ; no       ; On           ;
; R12      ; 121        ; 3B       ; RESERVED_INPUT_WITH_WEAK_PULLUP ;        ;              ;                     ; Column I/O   ;                 ; no       ; On           ;
; R13      ;            ;          ; GND                             ; gnd    ;              ;                     ; --           ;                 ; --       ; --           ;
; R14      ; 170        ; 4A       ; RESERVED_INPUT_WITH_WEAK_PULLUP ;        ;              ;                     ; Column I/O   ;                 ; no       ; On           ;
; R15      ; 219        ; 5A       ; RESERVED_INPUT_WITH_WEAK_PULLUP ;        ;              ;                     ; Row I/O      ;                 ; no       ; On           ;
; R16      ; 221        ; 5A       ; RESERVED_INPUT_WITH_WEAK_PULLUP ;        ;              ;                     ; Row I/O      ;                 ; no       ; On           ;
; R17      ; 223        ; 5A       ; RESERVED_INPUT_WITH_WEAK_PULLUP ;        ;              ;                     ; Row I/O      ;                 ; no       ; On           ;
; R18      ;            ; 5A       ; VCCIO5A                         ; power  ;              ; 2.5V                ; --           ;                 ; --       ; --           ;
; R19      ;            ; --       ; VCCPGM                          ; power  ;              ; 1.8V/2.5V/3.0V/3.3V ; --           ;                 ; --       ; --           ;
; R20      ;            ; 5A       ; VREFB5AN0                       ; power  ;              ;                     ; --           ;                 ; --       ; --           ;
; R21      ; 220        ; 5A       ; RESERVED_INPUT_WITH_WEAK_PULLUP ;        ;              ;                     ; Row I/O      ;                 ; no       ; On           ;
; R22      ; 218        ; 5A       ; RESERVED_INPUT_WITH_WEAK_PULLUP ;        ;              ;                     ; Row I/O      ;                 ; no       ; On           ;
; T1       ;            ;          ; GND                             ; gnd    ;              ;                     ; --           ;                 ; --       ; --           ;
; T2       ;            ;          ; GND                             ; gnd    ;              ;                     ; --           ;                 ; --       ; --           ;
; T3       ;            ; --       ; VCCH_GXBL                       ; power  ;              ; 2.5V                ; --           ;                 ; --       ; --           ;
; T4       ; 45         ; 3A       ; ^AS_DATA3, DATA3                ;        ;              ;                     ; Weak Pull Up ;                 ; --       ; On           ;
; T5       ;            ; --       ; VCCA_FPLL                       ; power  ;              ; 2.5V                ; --           ;                 ; --       ; --           ;
; T6       ;            ; 3A       ; VCCIO3A                         ; power  ;              ; 2.5V                ; --           ;                 ; --       ; --           ;
; T7       ; 60         ; 3A       ; RESERVED_INPUT_WITH_WEAK_PULLUP ;        ;              ;                     ; Column I/O   ;                 ; no       ; On           ;
; T8       ; 62         ; 3A       ; RESERVED_INPUT_WITH_WEAK_PULLUP ;        ;              ;                     ; Column I/O   ;                 ; no       ; On           ;
; T9       ; 109        ; 3B       ; RESERVED_INPUT_WITH_WEAK_PULLUP ;        ;              ;                     ; Column I/O   ;                 ; no       ; On           ;
; T10      ; 117        ; 3B       ; RESERVED_INPUT_WITH_WEAK_PULLUP ;        ;              ;                     ; Column I/O   ;                 ; no       ; On           ;
; T11      ;            ; 3B       ; VCCIO3B                         ; power  ;              ; 2.5V                ; --           ;                 ; --       ; --           ;
; T12      ; 136        ; 4A       ; RESERVED_INPUT_WITH_WEAK_PULLUP ;        ;              ;                     ; Column I/O   ;                 ; no       ; On           ;
; T13      ; 138        ; 4A       ; RESERVED_INPUT_WITH_WEAK_PULLUP ;        ;              ;                     ; Column I/O   ;                 ; no       ; On           ;
; T14      ; 152        ; 4A       ; RESERVED_INPUT_WITH_WEAK_PULLUP ;        ;              ;                     ; Column I/O   ;                 ; no       ; On           ;
; T15      ; 217        ; 5A       ; RESERVED_INPUT_WITH_WEAK_PULLUP ;        ;              ;                     ; Row I/O      ;                 ; no       ; On           ;
; T16      ;            ;          ; GND                             ; gnd    ;              ;                     ; --           ;                 ; --       ; --           ;
; T17      ; 215        ; 5A       ; RESERVED_INPUT_WITH_WEAK_PULLUP ;        ;              ;                     ; Row I/O      ;                 ; no       ; On           ;
; T18      ; 213        ; 5A       ; RESERVED_INPUT_WITH_WEAK_PULLUP ;        ;              ;                     ; Row I/O      ;                 ; no       ; On           ;
; T19      ; 212        ; 5A       ; RESERVED_INPUT_WITH_WEAK_PULLUP ;        ;              ;                     ; Row I/O      ;                 ; no       ; On           ;
; T20      ; 214        ; 5A       ; RESERVED_INPUT_WITH_WEAK_PULLUP ;        ;              ;                     ; Row I/O      ;                 ; no       ; On           ;
; T21      ;            ;          ; GND                             ; gnd    ;              ;                     ; --           ;                 ; --       ; --           ;
; T22      ; 216        ; 5A       ; RESERVED_INPUT_WITH_WEAK_PULLUP ;        ;              ;                     ; Row I/O      ;                 ; no       ; On           ;
; U1       ; 32         ; B0L      ; GXB_NC                          ;        ;              ;                     ; --           ;                 ; --       ; --           ;
; U2       ; 33         ; B0L      ; GXB_NC                          ;        ;              ;                     ; --           ;                 ; --       ; --           ;
; U3       ;            ;          ; GND                             ; gnd    ;              ;                     ; --           ;                 ; --       ; --           ;
; U4       ; 41         ; B0L      ; GND                             ;        ;              ;                     ; Row I/O      ;                 ; --       ; --           ;
; U5       ;            ;          ; GND                             ; gnd    ;              ;                     ; --           ;                 ; --       ; --           ;
; U6       ; 61         ; 3A       ; AUD_ADCDAT                      ; input  ; 2.5 V        ;                     ; Column I/O   ; N               ; no       ; Off          ;
; U7       ; 53         ; 3A       ; RESERVED_INPUT_WITH_WEAK_PULLUP ;        ;              ;                     ; Column I/O   ;                 ; no       ; On           ;
; U8       ; 55         ; 3A       ; RESERVED_INPUT_WITH_WEAK_PULLUP ;        ;              ;                     ; Column I/O   ;                 ; no       ; On           ;
; U9       ;            ;          ; GND                             ; gnd    ;              ;                     ; --           ;                 ; --       ; --           ;
; U10      ; 111        ; 3B       ; RESERVED_INPUT_WITH_WEAK_PULLUP ;        ;              ;                     ; Column I/O   ;                 ; no       ; On           ;
; U11      ; 120        ; 3B       ; RESERVED_INPUT_WITH_WEAK_PULLUP ;        ;              ;                     ; Column I/O   ;                 ; no       ; On           ;
; U12      ; 122        ; 3B       ; RESERVED_INPUT_WITH_WEAK_PULLUP ;        ;              ;                     ; Column I/O   ;                 ; no       ; On           ;
; U13      ; 135        ; 4A       ; RESERVED_INPUT_WITH_WEAK_PULLUP ;        ;              ;                     ; Column I/O   ;                 ; no       ; On           ;
; U14      ;            ; 4A       ; VCCIO4A                         ; power  ;              ; 2.5V                ; --           ;                 ; --       ; --           ;
; U15      ; 154        ; 4A       ; RESERVED_INPUT_WITH_WEAK_PULLUP ;        ;              ;                     ; Column I/O   ;                 ; no       ; On           ;
; U16      ; 176        ; 4A       ; RESERVED_INPUT_WITH_WEAK_PULLUP ;        ;              ;                     ; Column I/O   ;                 ; no       ; On           ;
; U17      ; 178        ; 4A       ; RESERVED_INPUT_WITH_WEAK_PULLUP ;        ;              ;                     ; Column I/O   ;                 ; no       ; On           ;
; U18      ;            ; --       ; VCCA_FPLL                       ; power  ;              ; 2.5V                ; --           ;                 ; --       ; --           ;
; U19      ;            ; 4A       ; VCCIO4A                         ; power  ;              ; 2.5V                ; --           ;                 ; --       ; --           ;
; U20      ; 179        ; 4A       ; RESERVED_INPUT_WITH_WEAK_PULLUP ;        ;              ;                     ; Column I/O   ;                 ; no       ; On           ;
; U21      ; 177        ; 4A       ; RESERVED_INPUT_WITH_WEAK_PULLUP ;        ;              ;                     ; Column I/O   ;                 ; no       ; On           ;
; U22      ; 172        ; 4A       ; RESERVED_INPUT_WITH_WEAK_PULLUP ;        ;              ;                     ; Column I/O   ;                 ; no       ; On           ;
; V1       ;            ;          ; GND                             ; gnd    ;              ;                     ; --           ;                 ; --       ; --           ;
; V2       ;            ;          ; GND                             ; gnd    ;              ;                     ; --           ;                 ; --       ; --           ;
; V3       ; 50         ; 3A       ; ^DCLK                           ;        ;              ;                     ; Weak Pull Up ;                 ; --       ; On           ;
; V4       ; 40         ; B0L      ; GND                             ;        ;              ;                     ; Row I/O      ;                 ; --       ; --           ;
; V5       ; 46         ; 3A       ; altera_reserved_tck             ; input  ; 2.5 V        ;                     ; --           ; N               ; no       ; Off          ;
; V6       ; 63         ; 3A       ; KEY[0]                          ; input  ; 2.5 V        ;                     ; Column I/O   ; N               ; no       ; Off          ;
; V7       ;            ;          ; GND                             ; gnd    ;              ;                     ; --           ;                 ; --       ; --           ;
; V8       ;            ; --       ; VCCPGM                          ; power  ;              ; 1.8V/2.5V/3.0V/3.3V ; --           ;                 ; --       ; --           ;
; V9       ; 101        ; 3B       ; RESERVED_INPUT_WITH_WEAK_PULLUP ;        ;              ;                     ; Column I/O   ;                 ; no       ; On           ;
; V10      ; 103        ; 3B       ; RESERVED_INPUT_WITH_WEAK_PULLUP ;        ;              ;                     ; Column I/O   ;                 ; no       ; On           ;
; V11      ;            ;          ; DNU                             ;        ;              ;                     ; --           ;                 ; --       ; --           ;
; V12      ;            ;          ; GND                             ; gnd    ;              ;                     ; --           ;                 ; --       ; --           ;
; V13      ; 133        ; 4A       ; RESERVED_INPUT_WITH_WEAK_PULLUP ;        ;              ;                     ; Column I/O   ;                 ; no       ; On           ;
; V14      ; 144        ; 4A       ; RESERVED_INPUT_WITH_WEAK_PULLUP ;        ;              ;                     ; Column I/O   ;                 ; no       ; On           ;
; V15      ; 146        ; 4A       ; RESERVED_INPUT_WITH_WEAK_PULLUP ;        ;              ;                     ; Column I/O   ;                 ; no       ; On           ;
; V16      ; 160        ; 4A       ; RESERVED_INPUT_WITH_WEAK_PULLUP ;        ;              ;                     ; Column I/O   ;                 ; no       ; On           ;
; V17      ;            ;          ; GND                             ; gnd    ;              ;                     ; --           ;                 ; --       ; --           ;
; V18      ; 175        ; 4A       ; RESERVED_INPUT_WITH_WEAK_PULLUP ;        ;              ;                     ; Column I/O   ;                 ; no       ; On           ;
; V19      ; 173        ; 4A       ; RESERVED_INPUT_WITH_WEAK_PULLUP ;        ;              ;                     ; Column I/O   ;                 ; no       ; On           ;
; V20      ; 157        ; 4A       ; RESERVED_INPUT_WITH_WEAK_PULLUP ;        ;              ;                     ; Column I/O   ;                 ; no       ; On           ;
; V21      ; 174        ; 4A       ; RESERVED_INPUT_WITH_WEAK_PULLUP ;        ;              ;                     ; Column I/O   ;                 ; no       ; On           ;
; V22      ;            ;          ; GND                             ; gnd    ;              ;                     ; --           ;                 ; --       ; --           ;
; W1       ; 35         ; B0L      ; GND                             ;        ;              ;                     ; --           ;                 ; --       ; --           ;
; W2       ; 34         ; B0L      ; GND                             ;        ;              ;                     ; --           ;                 ; --       ; --           ;
; W3       ;            ;          ; GND                             ; gnd    ;              ;                     ; --           ;                 ; --       ; --           ;
; W4       ;            ;          ; GND                             ; gnd    ;              ;                     ; --           ;                 ; --       ; --           ;
; W5       ; 48         ; 3A       ; altera_reserved_tdi             ; input  ; 2.5 V        ;                     ; --           ; N               ; no       ; Off          ;
; W6       ;            ; 3A       ; VCCPD3A                         ; power  ;              ; 2.5V                ; --           ;                 ; --       ; --           ;
; W7       ;            ; --       ; VCC_AUX                         ; power  ;              ; 2.5V                ; --           ;                 ; --       ; --           ;
; W8       ; 57         ; 3A       ; RESERVED_INPUT_WITH_WEAK_PULLUP ;        ;              ;                     ; Column I/O   ;                 ; no       ; On           ;
; W9       ; 59         ; 3A       ; RESERVED_INPUT_WITH_WEAK_PULLUP ;        ;              ;                     ; Column I/O   ;                 ; no       ; On           ;
; W10      ;            ; 3B       ; VCCIO3B                         ; power  ;              ; 2.5V                ; --           ;                 ; --       ; --           ;
; W11      ;            ; 3B, 4A   ; VCCPD3B4A                       ; power  ;              ; 2.5V                ; --           ;                 ; --       ; --           ;
; W12      ;            ; 3B, 4A   ; VCCPD3B4A                       ; power  ;              ; 2.5V                ; --           ;                 ; --       ; --           ;
; W13      ;            ; --       ; VCC_AUX                         ; power  ;              ; 2.5V                ; --           ;                 ; --       ; --           ;
; W14      ;            ; 3B, 4A   ; VCCPD3B4A                       ; power  ;              ; 2.5V                ; --           ;                 ; --       ; --           ;
; W15      ;            ; 4A       ; VCCIO4A                         ; power  ;              ; 2.5V                ; --           ;                 ; --       ; --           ;
; W16      ; 162        ; 4A       ; RESERVED_INPUT_WITH_WEAK_PULLUP ;        ;              ;                     ; Column I/O   ;                 ; no       ; On           ;
; W17      ;            ; 3B, 4A   ; VCCPD3B4A                       ; power  ;              ; 2.5V                ; --           ;                 ; --       ; --           ;
; W18      ;            ; --       ; VCC_AUX                         ; power  ;              ; 2.5V                ; --           ;                 ; --       ; --           ;
; W19      ; 159        ; 4A       ; RESERVED_INPUT_WITH_WEAK_PULLUP ;        ;              ;                     ; Column I/O   ;                 ; no       ; On           ;
; W20      ;            ; 4A       ; VCCIO4A                         ; power  ;              ; 2.5V                ; --           ;                 ; --       ; --           ;
; W21      ; 171        ; 4A       ; RESERVED_INPUT_WITH_WEAK_PULLUP ;        ;              ;                     ; Column I/O   ;                 ; no       ; On           ;
; W22      ; 166        ; 4A       ; RESERVED_INPUT_WITH_WEAK_PULLUP ;        ;              ;                     ; Column I/O   ;                 ; no       ; On           ;
; Y1       ;            ;          ; GND                             ; gnd    ;              ;                     ; --           ;                 ; --       ; --           ;
; Y2       ;            ;          ; GND                             ; gnd    ;              ;                     ; --           ;                 ; --       ; --           ;
; Y3       ; 36         ; B0L      ; GXB_NC                          ;        ;              ;                     ; --           ;                 ; --       ; --           ;
; Y4       ; 37         ; B0L      ; GXB_NC                          ;        ;              ;                     ; --           ;                 ; --       ; --           ;
; Y5       ;            ;          ; GND                             ; gnd    ;              ;                     ; --           ;                 ; --       ; --           ;
; Y6       ;            ;          ; DNU                             ;        ;              ;                     ; --           ;                 ; --       ; --           ;
; Y7       ;            ; 3A       ; VREFB3AN0                       ; power  ;              ;                     ; --           ;                 ; --       ; --           ;
; Y8       ;            ; 3A       ; VCCIO3A                         ; power  ;              ; 2.5V                ; --           ;                 ; --       ; --           ;
; Y9       ; 118        ; 3B       ; RESERVED_INPUT_WITH_WEAK_PULLUP ;        ;              ;                     ; Column I/O   ;                 ; no       ; On           ;
; Y10      ; 116        ; 3B       ; RESERVED_INPUT_WITH_WEAK_PULLUP ;        ;              ;                     ; Column I/O   ;                 ; no       ; On           ;
; Y11      ; 129        ; 3B       ; RESERVED_INPUT_WITH_WEAK_PULLUP ;        ;              ;                     ; Column I/O   ;                 ; no       ; On           ;
; Y12      ;            ; 3B       ; VREFB3BN0                       ; power  ;              ;                     ; --           ;                 ; --       ; --           ;
; Y13      ;            ; 3B       ; VCCIO3B                         ; power  ;              ; 2.5V                ; --           ;                 ; --       ; --           ;
; Y14      ; 141        ; 4A       ; RESERVED_INPUT_WITH_WEAK_PULLUP ;        ;              ;                     ; Column I/O   ;                 ; no       ; On           ;
; Y15      ; 143        ; 4A       ; RESERVED_INPUT_WITH_WEAK_PULLUP ;        ;              ;                     ; Column I/O   ;                 ; no       ; On           ;
; Y16      ; 149        ; 4A       ; RESERVED_INPUT_WITH_WEAK_PULLUP ;        ;              ;                     ; Column I/O   ;                 ; no       ; On           ;
; Y17      ; 151        ; 4A       ; RESERVED_INPUT_WITH_WEAK_PULLUP ;        ;              ;                     ; Column I/O   ;                 ; no       ; On           ;
; Y18      ;            ;          ; GND                             ; gnd    ;              ;                     ; --           ;                 ; --       ; --           ;
; Y19      ; 167        ; 4A       ; RESERVED_INPUT_WITH_WEAK_PULLUP ;        ;              ;                     ; Column I/O   ;                 ; no       ; On           ;
; Y20      ; 165        ; 4A       ; RESERVED_INPUT_WITH_WEAK_PULLUP ;        ;              ;                     ; Column I/O   ;                 ; no       ; On           ;
; Y21      ; 169        ; 4A       ; RESERVED_INPUT_WITH_WEAK_PULLUP ;        ;              ;                     ; Column I/O   ;                 ; no       ; On           ;
; Y22      ; 164        ; 4A       ; RESERVED_INPUT_WITH_WEAK_PULLUP ;        ;              ;                     ; Column I/O   ;                 ; no       ; On           ;
+----------+------------+----------+---------------------------------+--------+--------------+---------------------+--------------+-----------------+----------+--------------+
Note: Pin directions (input, output or bidir) are based on device operating in user mode.


+----------------------------------------------+
; I/O Assignment Warnings                      ;
+--------------+-------------------------------+
; Pin Name     ; Reason                        ;
+--------------+-------------------------------+
; KEY[1]       ; Incomplete set of assignments ;
; KEY[2]       ; Incomplete set of assignments ;
; KEY[3]       ; Incomplete set of assignments ;
; AUD_I2C_SCLK ; Incomplete set of assignments ;
; AUD_DACDAT   ; Incomplete set of assignments ;
; AUD_I2C_SDAT ; Incomplete set of assignments ;
; AUD_ADCLRCK  ; Incomplete set of assignments ;
; AUD_DACLRCK  ; Incomplete set of assignments ;
; AUD_BCLK     ; Incomplete set of assignments ;
; CLOCK_50     ; Incomplete set of assignments ;
; KEY[0]       ; Incomplete set of assignments ;
; AUD_ADCDAT   ; Incomplete set of assignments ;
; KEY[1]       ; Missing location assignment   ;
; KEY[2]       ; Missing location assignment   ;
; KEY[3]       ; Missing location assignment   ;
; AUD_I2C_SCLK ; Missing location assignment   ;
; AUD_DACDAT   ; Missing location assignment   ;
; AUD_I2C_SDAT ; Missing location assignment   ;
; AUD_ADCLRCK  ; Missing location assignment   ;
; AUD_DACLRCK  ; Missing location assignment   ;
; AUD_BCLK     ; Missing location assignment   ;
; CLOCK_50     ; Missing location assignment   ;
; KEY[0]       ; Missing location assignment   ;
; AUD_ADCDAT   ; Missing location assignment   ;
+--------------+-------------------------------+


+---------------------------------------------------------------------------------------------------------------------------------------------------------------------------------------------------------------------------------------------------------------------------------------------------------------------------------------------------------------------------------------------------------------------------------------------------------------------------------------------------------------------------------------------------------------------------------------------------------------------------------------------------------------------------------------------------------------------------------------------------------------------------------------------------------------------------------------------------------------+
; Fitter Resource Utilization by Entity                                                                                                                                                                                                                                                                                                                                                                                                                                                                                                                                                                                                                                                                                                                                                                                                                         ;
+-----------------------------------------------------------------------------------------------------------------------------------------+----------------------+----------------------------------+---------------------------------------------------+----------------------------------+----------------------+---------------------+---------------------------+---------------+-------------------+-------+------------+------+--------------+-------------------------------------------------------------------------------------------------------------------------------------------------------------------------------------------------------------------------------------------------------------------------------------------------------------------------------------------------+-------------------------------------------+--------------+
; Compilation Hierarchy Node                                                                                                              ; ALMs needed [=A-B+C] ; [A] ALMs used in final placement ; [B] Estimate of ALMs recoverable by dense packing ; [C] Estimate of ALMs unavailable ; ALMs used for memory ; Combinational ALUTs ; Dedicated Logic Registers ; I/O Registers ; Block Memory Bits ; M10Ks ; DSP Blocks ; Pins ; Virtual Pins ; Full Hierarchy Name                                                                                                                                                                                                                                                                                                                             ; Entity Name                               ; Library Name ;
+-----------------------------------------------------------------------------------------------------------------------------------------+----------------------+----------------------------------+---------------------------------------------------+----------------------------------+----------------------+---------------------+---------------------------+---------------+-------------------+-------+------------+------+--------------+-------------------------------------------------------------------------------------------------------------------------------------------------------------------------------------------------------------------------------------------------------------------------------------------------------------------------------------------------+-------------------------------------------+--------------+
; |top                                                                                                                                    ; 1544.5 (0.5)         ; 1810.0 (0.5)                     ; 278.5 (0.0)                                       ; 13.0 (0.0)                       ; 0.0 (0.0)            ; 2455 (1)            ; 2327 (0)                  ; 0 (0)         ; 233984            ; 37    ; 3          ; 12   ; 0            ; |top                                                                                                                                                                                                                                                                                                                                            ; top                                       ; work         ;
;    |SOC:u0|                                                                                                                             ; 1411.0 (0.0)         ; 1652.5 (0.0)                     ; 254.5 (0.0)                                       ; 13.0 (0.0)                       ; 0.0 (0.0)            ; 2242 (0)            ; 2152 (0)                  ; 0 (0)         ; 233984            ; 37    ; 3          ; 0    ; 0            ; |top|SOC:u0                                                                                                                                                                                                                                                                                                                                     ; SOC                                       ; SOC          ;
;       |SOC_FIFO:fifo|                                                                                                                   ; 70.2 (0.0)           ; 73.3 (0.0)                       ; 3.2 (0.0)                                         ; 0.0 (0.0)                        ; 0.0 (0.0)            ; 117 (0)             ; 91 (0)                    ; 0 (0)         ; 32768             ; 4     ; 0          ; 0    ; 0            ; |top|SOC:u0|SOC_FIFO:fifo                                                                                                                                                                                                                                                                                                                       ; SOC_FIFO                                  ; SOC          ;
;          |SOC_FIFO_scfifo_with_controls:the_scfifo_with_controls|                                                                       ; 70.2 (48.0)          ; 73.3 (51.2)                      ; 3.2 (3.2)                                         ; 0.0 (0.0)                        ; 0.0 (0.0)            ; 117 (75)            ; 91 (57)                   ; 0 (0)         ; 32768             ; 4     ; 0          ; 0    ; 0            ; |top|SOC:u0|SOC_FIFO:fifo|SOC_FIFO_scfifo_with_controls:the_scfifo_with_controls                                                                                                                                                                                                                                                                ; SOC_FIFO_scfifo_with_controls             ; SOC          ;
;             |SOC_FIFO_single_clock_fifo:the_scfifo|                                                                                     ; 22.2 (0.0)           ; 22.2 (0.0)                       ; 0.0 (0.0)                                         ; 0.0 (0.0)                        ; 0.0 (0.0)            ; 42 (0)              ; 34 (0)                    ; 0 (0)         ; 32768             ; 4     ; 0          ; 0    ; 0            ; |top|SOC:u0|SOC_FIFO:fifo|SOC_FIFO_scfifo_with_controls:the_scfifo_with_controls|SOC_FIFO_single_clock_fifo:the_scfifo                                                                                                                                                                                                                          ; SOC_FIFO_single_clock_fifo                ; SOC          ;
;                |scfifo:single_clock_fifo|                                                                                               ; 22.2 (0.0)           ; 22.2 (0.0)                       ; 0.0 (0.0)                                         ; 0.0 (0.0)                        ; 0.0 (0.0)            ; 42 (0)              ; 34 (0)                    ; 0 (0)         ; 32768             ; 4     ; 0          ; 0    ; 0            ; |top|SOC:u0|SOC_FIFO:fifo|SOC_FIFO_scfifo_with_controls:the_scfifo_with_controls|SOC_FIFO_single_clock_fifo:the_scfifo|scfifo:single_clock_fifo                                                                                                                                                                                                 ; scfifo                                    ; work         ;
;                   |scfifo_h6a1:auto_generated|                                                                                          ; 22.2 (0.0)           ; 22.2 (0.0)                       ; 0.0 (0.0)                                         ; 0.0 (0.0)                        ; 0.0 (0.0)            ; 42 (0)              ; 34 (0)                    ; 0 (0)         ; 32768             ; 4     ; 0          ; 0    ; 0            ; |top|SOC:u0|SOC_FIFO:fifo|SOC_FIFO_scfifo_with_controls:the_scfifo_with_controls|SOC_FIFO_single_clock_fifo:the_scfifo|scfifo:single_clock_fifo|scfifo_h6a1:auto_generated                                                                                                                                                                      ; scfifo_h6a1                               ; work         ;
;                      |a_dpfifo_oca1:dpfifo|                                                                                             ; 22.2 (0.0)           ; 22.2 (0.0)                       ; 0.0 (0.0)                                         ; 0.0 (0.0)                        ; 0.0 (0.0)            ; 42 (0)              ; 34 (0)                    ; 0 (0)         ; 32768             ; 4     ; 0          ; 0    ; 0            ; |top|SOC:u0|SOC_FIFO:fifo|SOC_FIFO_scfifo_with_controls:the_scfifo_with_controls|SOC_FIFO_single_clock_fifo:the_scfifo|scfifo:single_clock_fifo|scfifo_h6a1:auto_generated|a_dpfifo_oca1:dpfifo                                                                                                                                                 ; a_dpfifo_oca1                             ; work         ;
;                         |a_fefifo_jaf:fifo_state|                                                                                       ; 12.2 (7.2)           ; 12.2 (7.2)                       ; 0.0 (0.0)                                         ; 0.0 (0.0)                        ; 0.0 (0.0)            ; 22 (12)             ; 14 (4)                    ; 0 (0)         ; 0                 ; 0     ; 0          ; 0    ; 0            ; |top|SOC:u0|SOC_FIFO:fifo|SOC_FIFO_scfifo_with_controls:the_scfifo_with_controls|SOC_FIFO_single_clock_fifo:the_scfifo|scfifo:single_clock_fifo|scfifo_h6a1:auto_generated|a_dpfifo_oca1:dpfifo|a_fefifo_jaf:fifo_state                                                                                                                         ; a_fefifo_jaf                              ; work         ;
;                            |cntr_ai7:count_usedw|                                                                                       ; 5.0 (5.0)            ; 5.0 (5.0)                        ; 0.0 (0.0)                                         ; 0.0 (0.0)                        ; 0.0 (0.0)            ; 10 (10)             ; 10 (10)                   ; 0 (0)         ; 0                 ; 0     ; 0          ; 0    ; 0            ; |top|SOC:u0|SOC_FIFO:fifo|SOC_FIFO_scfifo_with_controls:the_scfifo_with_controls|SOC_FIFO_single_clock_fifo:the_scfifo|scfifo:single_clock_fifo|scfifo_h6a1:auto_generated|a_dpfifo_oca1:dpfifo|a_fefifo_jaf:fifo_state|cntr_ai7:count_usedw                                                                                                    ; cntr_ai7                                  ; work         ;
;                         |altsyncram_c3t1:FIFOram|                                                                                       ; 0.0 (0.0)            ; 0.0 (0.0)                        ; 0.0 (0.0)                                         ; 0.0 (0.0)                        ; 0.0 (0.0)            ; 0 (0)               ; 0 (0)                     ; 0 (0)         ; 32768             ; 4     ; 0          ; 0    ; 0            ; |top|SOC:u0|SOC_FIFO:fifo|SOC_FIFO_scfifo_with_controls:the_scfifo_with_controls|SOC_FIFO_single_clock_fifo:the_scfifo|scfifo:single_clock_fifo|scfifo_h6a1:auto_generated|a_dpfifo_oca1:dpfifo|altsyncram_c3t1:FIFOram                                                                                                                         ; altsyncram_c3t1                           ; work         ;
;                         |cntr_uhb:rd_ptr_count|                                                                                         ; 5.0 (5.0)            ; 5.0 (5.0)                        ; 0.0 (0.0)                                         ; 0.0 (0.0)                        ; 0.0 (0.0)            ; 10 (10)             ; 10 (10)                   ; 0 (0)         ; 0                 ; 0     ; 0          ; 0    ; 0            ; |top|SOC:u0|SOC_FIFO:fifo|SOC_FIFO_scfifo_with_controls:the_scfifo_with_controls|SOC_FIFO_single_clock_fifo:the_scfifo|scfifo:single_clock_fifo|scfifo_h6a1:auto_generated|a_dpfifo_oca1:dpfifo|cntr_uhb:rd_ptr_count                                                                                                                           ; cntr_uhb                                  ; work         ;
;                         |cntr_uhb:wr_ptr|                                                                                               ; 5.0 (5.0)            ; 5.0 (5.0)                        ; 0.0 (0.0)                                         ; 0.0 (0.0)                        ; 0.0 (0.0)            ; 10 (10)             ; 10 (10)                   ; 0 (0)         ; 0                 ; 0     ; 0          ; 0    ; 0            ; |top|SOC:u0|SOC_FIFO:fifo|SOC_FIFO_scfifo_with_controls:the_scfifo_with_controls|SOC_FIFO_single_clock_fifo:the_scfifo|scfifo:single_clock_fifo|scfifo_h6a1:auto_generated|a_dpfifo_oca1:dpfifo|cntr_uhb:wr_ptr                                                                                                                                 ; cntr_uhb                                  ; work         ;
;       |SOC_NIOS:nios|                                                                                                                   ; 942.9 (11.0)         ; 1129.3 (11.5)                    ; 197.7 (0.7)                                       ; 11.2 (0.2)                       ; 0.0 (0.0)            ; 1349 (1)            ; 1529 (39)                 ; 0 (0)         ; 61952             ; 13    ; 3          ; 0    ; 0            ; |top|SOC:u0|SOC_NIOS:nios                                                                                                                                                                                                                                                                                                                       ; SOC_NIOS                                  ; SOC          ;
;          |SOC_NIOS_cpu:cpu|                                                                                                             ; 931.9 (804.6)        ; 1117.8 (952.1)                   ; 196.9 (158.4)                                     ; 11.0 (11.0)                      ; 0.0 (0.0)            ; 1348 (1176)         ; 1490 (1211)               ; 0 (0)         ; 61952             ; 13    ; 3          ; 0    ; 0            ; |top|SOC:u0|SOC_NIOS:nios|SOC_NIOS_cpu:cpu                                                                                                                                                                                                                                                                                                      ; SOC_NIOS_cpu                              ; SOC          ;
;             |SOC_NIOS_cpu_bht_module:SOC_NIOS_cpu_bht|                                                                                  ; 0.0 (0.0)            ; 0.0 (0.0)                        ; 0.0 (0.0)                                         ; 0.0 (0.0)                        ; 0.0 (0.0)            ; 0 (0)               ; 0 (0)                     ; 0 (0)         ; 512               ; 1     ; 0          ; 0    ; 0            ; |top|SOC:u0|SOC_NIOS:nios|SOC_NIOS_cpu:cpu|SOC_NIOS_cpu_bht_module:SOC_NIOS_cpu_bht                                                                                                                                                                                                                                                             ; SOC_NIOS_cpu_bht_module                   ; SOC          ;
;                |altsyncram:the_altsyncram|                                                                                              ; 0.0 (0.0)            ; 0.0 (0.0)                        ; 0.0 (0.0)                                         ; 0.0 (0.0)                        ; 0.0 (0.0)            ; 0 (0)               ; 0 (0)                     ; 0 (0)         ; 512               ; 1     ; 0          ; 0    ; 0            ; |top|SOC:u0|SOC_NIOS:nios|SOC_NIOS_cpu:cpu|SOC_NIOS_cpu_bht_module:SOC_NIOS_cpu_bht|altsyncram:the_altsyncram                                                                                                                                                                                                                                   ; altsyncram                                ; work         ;
;                   |altsyncram_pdj1:auto_generated|                                                                                      ; 0.0 (0.0)            ; 0.0 (0.0)                        ; 0.0 (0.0)                                         ; 0.0 (0.0)                        ; 0.0 (0.0)            ; 0 (0)               ; 0 (0)                     ; 0 (0)         ; 512               ; 1     ; 0          ; 0    ; 0            ; |top|SOC:u0|SOC_NIOS:nios|SOC_NIOS_cpu:cpu|SOC_NIOS_cpu_bht_module:SOC_NIOS_cpu_bht|altsyncram:the_altsyncram|altsyncram_pdj1:auto_generated                                                                                                                                                                                                    ; altsyncram_pdj1                           ; work         ;
;             |SOC_NIOS_cpu_dc_data_module:SOC_NIOS_cpu_dc_data|                                                                          ; 0.0 (0.0)            ; 0.0 (0.0)                        ; 0.0 (0.0)                                         ; 0.0 (0.0)                        ; 0.0 (0.0)            ; 0 (0)               ; 0 (0)                     ; 0 (0)         ; 16384             ; 2     ; 0          ; 0    ; 0            ; |top|SOC:u0|SOC_NIOS:nios|SOC_NIOS_cpu:cpu|SOC_NIOS_cpu_dc_data_module:SOC_NIOS_cpu_dc_data                                                                                                                                                                                                                                                     ; SOC_NIOS_cpu_dc_data_module               ; SOC          ;
;                |altsyncram:the_altsyncram|                                                                                              ; 0.0 (0.0)            ; 0.0 (0.0)                        ; 0.0 (0.0)                                         ; 0.0 (0.0)                        ; 0.0 (0.0)            ; 0 (0)               ; 0 (0)                     ; 0 (0)         ; 16384             ; 2     ; 0          ; 0    ; 0            ; |top|SOC:u0|SOC_NIOS:nios|SOC_NIOS_cpu:cpu|SOC_NIOS_cpu_dc_data_module:SOC_NIOS_cpu_dc_data|altsyncram:the_altsyncram                                                                                                                                                                                                                           ; altsyncram                                ; work         ;
;                   |altsyncram_4kl1:auto_generated|                                                                                      ; 0.0 (0.0)            ; 0.0 (0.0)                        ; 0.0 (0.0)                                         ; 0.0 (0.0)                        ; 0.0 (0.0)            ; 0 (0)               ; 0 (0)                     ; 0 (0)         ; 16384             ; 2     ; 0          ; 0    ; 0            ; |top|SOC:u0|SOC_NIOS:nios|SOC_NIOS_cpu:cpu|SOC_NIOS_cpu_dc_data_module:SOC_NIOS_cpu_dc_data|altsyncram:the_altsyncram|altsyncram_4kl1:auto_generated                                                                                                                                                                                            ; altsyncram_4kl1                           ; work         ;
;             |SOC_NIOS_cpu_dc_tag_module:SOC_NIOS_cpu_dc_tag|                                                                            ; 0.0 (0.0)            ; 0.0 (0.0)                        ; 0.0 (0.0)                                         ; 0.0 (0.0)                        ; 0.0 (0.0)            ; 0 (0)               ; 0 (0)                     ; 0 (0)         ; 384               ; 1     ; 0          ; 0    ; 0            ; |top|SOC:u0|SOC_NIOS:nios|SOC_NIOS_cpu:cpu|SOC_NIOS_cpu_dc_tag_module:SOC_NIOS_cpu_dc_tag                                                                                                                                                                                                                                                       ; SOC_NIOS_cpu_dc_tag_module                ; SOC          ;
;                |altsyncram:the_altsyncram|                                                                                              ; 0.0 (0.0)            ; 0.0 (0.0)                        ; 0.0 (0.0)                                         ; 0.0 (0.0)                        ; 0.0 (0.0)            ; 0 (0)               ; 0 (0)                     ; 0 (0)         ; 384               ; 1     ; 0          ; 0    ; 0            ; |top|SOC:u0|SOC_NIOS:nios|SOC_NIOS_cpu:cpu|SOC_NIOS_cpu_dc_tag_module:SOC_NIOS_cpu_dc_tag|altsyncram:the_altsyncram                                                                                                                                                                                                                             ; altsyncram                                ; work         ;
;                   |altsyncram_dmi1:auto_generated|                                                                                      ; 0.0 (0.0)            ; 0.0 (0.0)                        ; 0.0 (0.0)                                         ; 0.0 (0.0)                        ; 0.0 (0.0)            ; 0 (0)               ; 0 (0)                     ; 0 (0)         ; 384               ; 1     ; 0          ; 0    ; 0            ; |top|SOC:u0|SOC_NIOS:nios|SOC_NIOS_cpu:cpu|SOC_NIOS_cpu_dc_tag_module:SOC_NIOS_cpu_dc_tag|altsyncram:the_altsyncram|altsyncram_dmi1:auto_generated                                                                                                                                                                                              ; altsyncram_dmi1                           ; work         ;
;             |SOC_NIOS_cpu_dc_victim_module:SOC_NIOS_cpu_dc_victim|                                                                      ; 0.0 (0.0)            ; 0.0 (0.0)                        ; 0.0 (0.0)                                         ; 0.0 (0.0)                        ; 0.0 (0.0)            ; 0 (0)               ; 0 (0)                     ; 0 (0)         ; 256               ; 1     ; 0          ; 0    ; 0            ; |top|SOC:u0|SOC_NIOS:nios|SOC_NIOS_cpu:cpu|SOC_NIOS_cpu_dc_victim_module:SOC_NIOS_cpu_dc_victim                                                                                                                                                                                                                                                 ; SOC_NIOS_cpu_dc_victim_module             ; SOC          ;
;                |altsyncram:the_altsyncram|                                                                                              ; 0.0 (0.0)            ; 0.0 (0.0)                        ; 0.0 (0.0)                                         ; 0.0 (0.0)                        ; 0.0 (0.0)            ; 0 (0)               ; 0 (0)                     ; 0 (0)         ; 256               ; 1     ; 0          ; 0    ; 0            ; |top|SOC:u0|SOC_NIOS:nios|SOC_NIOS_cpu:cpu|SOC_NIOS_cpu_dc_victim_module:SOC_NIOS_cpu_dc_victim|altsyncram:the_altsyncram                                                                                                                                                                                                                       ; altsyncram                                ; work         ;
;                   |altsyncram_baj1:auto_generated|                                                                                      ; 0.0 (0.0)            ; 0.0 (0.0)                        ; 0.0 (0.0)                                         ; 0.0 (0.0)                        ; 0.0 (0.0)            ; 0 (0)               ; 0 (0)                     ; 0 (0)         ; 256               ; 1     ; 0          ; 0    ; 0            ; |top|SOC:u0|SOC_NIOS:nios|SOC_NIOS_cpu:cpu|SOC_NIOS_cpu_dc_victim_module:SOC_NIOS_cpu_dc_victim|altsyncram:the_altsyncram|altsyncram_baj1:auto_generated                                                                                                                                                                                        ; altsyncram_baj1                           ; work         ;
;             |SOC_NIOS_cpu_ic_data_module:SOC_NIOS_cpu_ic_data|                                                                          ; 0.0 (0.0)            ; 0.0 (0.0)                        ; 0.0 (0.0)                                         ; 0.0 (0.0)                        ; 0.0 (0.0)            ; 0 (0)               ; 0 (0)                     ; 0 (0)         ; 32768             ; 4     ; 0          ; 0    ; 0            ; |top|SOC:u0|SOC_NIOS:nios|SOC_NIOS_cpu:cpu|SOC_NIOS_cpu_ic_data_module:SOC_NIOS_cpu_ic_data                                                                                                                                                                                                                                                     ; SOC_NIOS_cpu_ic_data_module               ; SOC          ;
;                |altsyncram:the_altsyncram|                                                                                              ; 0.0 (0.0)            ; 0.0 (0.0)                        ; 0.0 (0.0)                                         ; 0.0 (0.0)                        ; 0.0 (0.0)            ; 0 (0)               ; 0 (0)                     ; 0 (0)         ; 32768             ; 4     ; 0          ; 0    ; 0            ; |top|SOC:u0|SOC_NIOS:nios|SOC_NIOS_cpu:cpu|SOC_NIOS_cpu_ic_data_module:SOC_NIOS_cpu_ic_data|altsyncram:the_altsyncram                                                                                                                                                                                                                           ; altsyncram                                ; work         ;
;                   |altsyncram_spj1:auto_generated|                                                                                      ; 0.0 (0.0)            ; 0.0 (0.0)                        ; 0.0 (0.0)                                         ; 0.0 (0.0)                        ; 0.0 (0.0)            ; 0 (0)               ; 0 (0)                     ; 0 (0)         ; 32768             ; 4     ; 0          ; 0    ; 0            ; |top|SOC:u0|SOC_NIOS:nios|SOC_NIOS_cpu:cpu|SOC_NIOS_cpu_ic_data_module:SOC_NIOS_cpu_ic_data|altsyncram:the_altsyncram|altsyncram_spj1:auto_generated                                                                                                                                                                                            ; altsyncram_spj1                           ; work         ;
;             |SOC_NIOS_cpu_ic_tag_module:SOC_NIOS_cpu_ic_tag|                                                                            ; 0.0 (0.0)            ; 0.0 (0.0)                        ; 0.0 (0.0)                                         ; 0.0 (0.0)                        ; 0.0 (0.0)            ; 0 (0)               ; 0 (0)                     ; 0 (0)         ; 1408              ; 1     ; 0          ; 0    ; 0            ; |top|SOC:u0|SOC_NIOS:nios|SOC_NIOS_cpu:cpu|SOC_NIOS_cpu_ic_tag_module:SOC_NIOS_cpu_ic_tag                                                                                                                                                                                                                                                       ; SOC_NIOS_cpu_ic_tag_module                ; SOC          ;
;                |altsyncram:the_altsyncram|                                                                                              ; 0.0 (0.0)            ; 0.0 (0.0)                        ; 0.0 (0.0)                                         ; 0.0 (0.0)                        ; 0.0 (0.0)            ; 0 (0)               ; 0 (0)                     ; 0 (0)         ; 1408              ; 1     ; 0          ; 0    ; 0            ; |top|SOC:u0|SOC_NIOS:nios|SOC_NIOS_cpu:cpu|SOC_NIOS_cpu_ic_tag_module:SOC_NIOS_cpu_ic_tag|altsyncram:the_altsyncram                                                                                                                                                                                                                             ; altsyncram                                ; work         ;
;                   |altsyncram_jgj1:auto_generated|                                                                                      ; 0.0 (0.0)            ; 0.0 (0.0)                        ; 0.0 (0.0)                                         ; 0.0 (0.0)                        ; 0.0 (0.0)            ; 0 (0)               ; 0 (0)                     ; 0 (0)         ; 1408              ; 1     ; 0          ; 0    ; 0            ; |top|SOC:u0|SOC_NIOS:nios|SOC_NIOS_cpu:cpu|SOC_NIOS_cpu_ic_tag_module:SOC_NIOS_cpu_ic_tag|altsyncram:the_altsyncram|altsyncram_jgj1:auto_generated                                                                                                                                                                                              ; altsyncram_jgj1                           ; work         ;
;             |SOC_NIOS_cpu_mult_cell:the_SOC_NIOS_cpu_mult_cell|                                                                         ; 0.0 (0.0)            ; 0.0 (0.0)                        ; 0.0 (0.0)                                         ; 0.0 (0.0)                        ; 0.0 (0.0)            ; 0 (0)               ; 0 (0)                     ; 0 (0)         ; 0                 ; 0     ; 3          ; 0    ; 0            ; |top|SOC:u0|SOC_NIOS:nios|SOC_NIOS_cpu:cpu|SOC_NIOS_cpu_mult_cell:the_SOC_NIOS_cpu_mult_cell                                                                                                                                                                                                                                                    ; SOC_NIOS_cpu_mult_cell                    ; SOC          ;
;                |altera_mult_add:the_altmult_add_p1|                                                                                     ; 0.0 (0.0)            ; 0.0 (0.0)                        ; 0.0 (0.0)                                         ; 0.0 (0.0)                        ; 0.0 (0.0)            ; 0 (0)               ; 0 (0)                     ; 0 (0)         ; 0                 ; 0     ; 1          ; 0    ; 0            ; |top|SOC:u0|SOC_NIOS:nios|SOC_NIOS_cpu:cpu|SOC_NIOS_cpu_mult_cell:the_SOC_NIOS_cpu_mult_cell|altera_mult_add:the_altmult_add_p1                                                                                                                                                                                                                 ; altera_mult_add                           ; work         ;
;                   |altera_mult_add_37p2:auto_generated|                                                                                 ; 0.0 (0.0)            ; 0.0 (0.0)                        ; 0.0 (0.0)                                         ; 0.0 (0.0)                        ; 0.0 (0.0)            ; 0 (0)               ; 0 (0)                     ; 0 (0)         ; 0                 ; 0     ; 1          ; 0    ; 0            ; |top|SOC:u0|SOC_NIOS:nios|SOC_NIOS_cpu:cpu|SOC_NIOS_cpu_mult_cell:the_SOC_NIOS_cpu_mult_cell|altera_mult_add:the_altmult_add_p1|altera_mult_add_37p2:auto_generated                                                                                                                                                                             ; altera_mult_add_37p2                      ; work         ;
;                      |altera_mult_add_rtl:altera_mult_add_rtl1|                                                                         ; 0.0 (0.0)            ; 0.0 (0.0)                        ; 0.0 (0.0)                                         ; 0.0 (0.0)                        ; 0.0 (0.0)            ; 0 (0)               ; 0 (0)                     ; 0 (0)         ; 0                 ; 0     ; 1          ; 0    ; 0            ; |top|SOC:u0|SOC_NIOS:nios|SOC_NIOS_cpu:cpu|SOC_NIOS_cpu_mult_cell:the_SOC_NIOS_cpu_mult_cell|altera_mult_add:the_altmult_add_p1|altera_mult_add_37p2:auto_generated|altera_mult_add_rtl:altera_mult_add_rtl1                                                                                                                                    ; altera_mult_add_rtl                       ; work         ;
;                         |ama_multiplier_function:multiplier_block|                                                                      ; 0.0 (0.0)            ; 0.0 (0.0)                        ; 0.0 (0.0)                                         ; 0.0 (0.0)                        ; 0.0 (0.0)            ; 0 (0)               ; 0 (0)                     ; 0 (0)         ; 0                 ; 0     ; 1          ; 0    ; 0            ; |top|SOC:u0|SOC_NIOS:nios|SOC_NIOS_cpu:cpu|SOC_NIOS_cpu_mult_cell:the_SOC_NIOS_cpu_mult_cell|altera_mult_add:the_altmult_add_p1|altera_mult_add_37p2:auto_generated|altera_mult_add_rtl:altera_mult_add_rtl1|ama_multiplier_function:multiplier_block                                                                                           ; ama_multiplier_function                   ; work         ;
;                |altera_mult_add:the_altmult_add_p2|                                                                                     ; 0.0 (0.0)            ; 0.0 (0.0)                        ; 0.0 (0.0)                                         ; 0.0 (0.0)                        ; 0.0 (0.0)            ; 0 (0)               ; 0 (0)                     ; 0 (0)         ; 0                 ; 0     ; 1          ; 0    ; 0            ; |top|SOC:u0|SOC_NIOS:nios|SOC_NIOS_cpu:cpu|SOC_NIOS_cpu_mult_cell:the_SOC_NIOS_cpu_mult_cell|altera_mult_add:the_altmult_add_p2                                                                                                                                                                                                                 ; altera_mult_add                           ; work         ;
;                   |altera_mult_add_37p2:auto_generated|                                                                                 ; 0.0 (0.0)            ; 0.0 (0.0)                        ; 0.0 (0.0)                                         ; 0.0 (0.0)                        ; 0.0 (0.0)            ; 0 (0)               ; 0 (0)                     ; 0 (0)         ; 0                 ; 0     ; 1          ; 0    ; 0            ; |top|SOC:u0|SOC_NIOS:nios|SOC_NIOS_cpu:cpu|SOC_NIOS_cpu_mult_cell:the_SOC_NIOS_cpu_mult_cell|altera_mult_add:the_altmult_add_p2|altera_mult_add_37p2:auto_generated                                                                                                                                                                             ; altera_mult_add_37p2                      ; work         ;
;                      |altera_mult_add_rtl:altera_mult_add_rtl1|                                                                         ; 0.0 (0.0)            ; 0.0 (0.0)                        ; 0.0 (0.0)                                         ; 0.0 (0.0)                        ; 0.0 (0.0)            ; 0 (0)               ; 0 (0)                     ; 0 (0)         ; 0                 ; 0     ; 1          ; 0    ; 0            ; |top|SOC:u0|SOC_NIOS:nios|SOC_NIOS_cpu:cpu|SOC_NIOS_cpu_mult_cell:the_SOC_NIOS_cpu_mult_cell|altera_mult_add:the_altmult_add_p2|altera_mult_add_37p2:auto_generated|altera_mult_add_rtl:altera_mult_add_rtl1                                                                                                                                    ; altera_mult_add_rtl                       ; work         ;
;                         |ama_multiplier_function:multiplier_block|                                                                      ; 0.0 (0.0)            ; 0.0 (0.0)                        ; 0.0 (0.0)                                         ; 0.0 (0.0)                        ; 0.0 (0.0)            ; 0 (0)               ; 0 (0)                     ; 0 (0)         ; 0                 ; 0     ; 1          ; 0    ; 0            ; |top|SOC:u0|SOC_NIOS:nios|SOC_NIOS_cpu:cpu|SOC_NIOS_cpu_mult_cell:the_SOC_NIOS_cpu_mult_cell|altera_mult_add:the_altmult_add_p2|altera_mult_add_37p2:auto_generated|altera_mult_add_rtl:altera_mult_add_rtl1|ama_multiplier_function:multiplier_block                                                                                           ; ama_multiplier_function                   ; work         ;
;                |altera_mult_add:the_altmult_add_p3|                                                                                     ; 0.0 (0.0)            ; 0.0 (0.0)                        ; 0.0 (0.0)                                         ; 0.0 (0.0)                        ; 0.0 (0.0)            ; 0 (0)               ; 0 (0)                     ; 0 (0)         ; 0                 ; 0     ; 1          ; 0    ; 0            ; |top|SOC:u0|SOC_NIOS:nios|SOC_NIOS_cpu:cpu|SOC_NIOS_cpu_mult_cell:the_SOC_NIOS_cpu_mult_cell|altera_mult_add:the_altmult_add_p3                                                                                                                                                                                                                 ; altera_mult_add                           ; work         ;
;                   |altera_mult_add_37p2:auto_generated|                                                                                 ; 0.0 (0.0)            ; 0.0 (0.0)                        ; 0.0 (0.0)                                         ; 0.0 (0.0)                        ; 0.0 (0.0)            ; 0 (0)               ; 0 (0)                     ; 0 (0)         ; 0                 ; 0     ; 1          ; 0    ; 0            ; |top|SOC:u0|SOC_NIOS:nios|SOC_NIOS_cpu:cpu|SOC_NIOS_cpu_mult_cell:the_SOC_NIOS_cpu_mult_cell|altera_mult_add:the_altmult_add_p3|altera_mult_add_37p2:auto_generated                                                                                                                                                                             ; altera_mult_add_37p2                      ; work         ;
;                      |altera_mult_add_rtl:altera_mult_add_rtl1|                                                                         ; 0.0 (0.0)            ; 0.0 (0.0)                        ; 0.0 (0.0)                                         ; 0.0 (0.0)                        ; 0.0 (0.0)            ; 0 (0)               ; 0 (0)                     ; 0 (0)         ; 0                 ; 0     ; 1          ; 0    ; 0            ; |top|SOC:u0|SOC_NIOS:nios|SOC_NIOS_cpu:cpu|SOC_NIOS_cpu_mult_cell:the_SOC_NIOS_cpu_mult_cell|altera_mult_add:the_altmult_add_p3|altera_mult_add_37p2:auto_generated|altera_mult_add_rtl:altera_mult_add_rtl1                                                                                                                                    ; altera_mult_add_rtl                       ; work         ;
;                         |ama_multiplier_function:multiplier_block|                                                                      ; 0.0 (0.0)            ; 0.0 (0.0)                        ; 0.0 (0.0)                                         ; 0.0 (0.0)                        ; 0.0 (0.0)            ; 0 (0)               ; 0 (0)                     ; 0 (0)         ; 0                 ; 0     ; 1          ; 0    ; 0            ; |top|SOC:u0|SOC_NIOS:nios|SOC_NIOS_cpu:cpu|SOC_NIOS_cpu_mult_cell:the_SOC_NIOS_cpu_mult_cell|altera_mult_add:the_altmult_add_p3|altera_mult_add_37p2:auto_generated|altera_mult_add_rtl:altera_mult_add_rtl1|ama_multiplier_function:multiplier_block                                                                                           ; ama_multiplier_function                   ; work         ;
;             |SOC_NIOS_cpu_nios2_oci:the_SOC_NIOS_cpu_nios2_oci|                                                                         ; 127.3 (30.5)         ; 165.8 (31.1)                     ; 38.5 (0.6)                                        ; 0.0 (0.0)                        ; 0.0 (0.0)            ; 172 (8)             ; 279 (82)                  ; 0 (0)         ; 8192              ; 1     ; 0          ; 0    ; 0            ; |top|SOC:u0|SOC_NIOS:nios|SOC_NIOS_cpu:cpu|SOC_NIOS_cpu_nios2_oci:the_SOC_NIOS_cpu_nios2_oci                                                                                                                                                                                                                                                    ; SOC_NIOS_cpu_nios2_oci                    ; SOC          ;
;                |SOC_NIOS_cpu_debug_slave_wrapper:the_SOC_NIOS_cpu_debug_slave_wrapper|                                                  ; 36.4 (0.0)           ; 60.4 (0.0)                       ; 24.0 (0.0)                                        ; 0.0 (0.0)                        ; 0.0 (0.0)            ; 64 (0)              ; 96 (0)                    ; 0 (0)         ; 0                 ; 0     ; 0          ; 0    ; 0            ; |top|SOC:u0|SOC_NIOS:nios|SOC_NIOS_cpu:cpu|SOC_NIOS_cpu_nios2_oci:the_SOC_NIOS_cpu_nios2_oci|SOC_NIOS_cpu_debug_slave_wrapper:the_SOC_NIOS_cpu_debug_slave_wrapper                                                                                                                                                                              ; SOC_NIOS_cpu_debug_slave_wrapper          ; SOC          ;
;                   |SOC_NIOS_cpu_debug_slave_sysclk:the_SOC_NIOS_cpu_debug_slave_sysclk|                                                 ; 4.4 (4.2)            ; 21.4 (20.2)                      ; 17.0 (16.0)                                       ; 0.0 (0.0)                        ; 0.0 (0.0)            ; 6 (6)               ; 49 (45)                   ; 0 (0)         ; 0                 ; 0     ; 0          ; 0    ; 0            ; |top|SOC:u0|SOC_NIOS:nios|SOC_NIOS_cpu:cpu|SOC_NIOS_cpu_nios2_oci:the_SOC_NIOS_cpu_nios2_oci|SOC_NIOS_cpu_debug_slave_wrapper:the_SOC_NIOS_cpu_debug_slave_wrapper|SOC_NIOS_cpu_debug_slave_sysclk:the_SOC_NIOS_cpu_debug_slave_sysclk                                                                                                          ; SOC_NIOS_cpu_debug_slave_sysclk           ; SOC          ;
;                      |altera_std_synchronizer:the_altera_std_synchronizer3|                                                             ; 0.2 (0.2)            ; 0.7 (0.7)                        ; 0.5 (0.5)                                         ; 0.0 (0.0)                        ; 0.0 (0.0)            ; 0 (0)               ; 2 (2)                     ; 0 (0)         ; 0                 ; 0     ; 0          ; 0    ; 0            ; |top|SOC:u0|SOC_NIOS:nios|SOC_NIOS_cpu:cpu|SOC_NIOS_cpu_nios2_oci:the_SOC_NIOS_cpu_nios2_oci|SOC_NIOS_cpu_debug_slave_wrapper:the_SOC_NIOS_cpu_debug_slave_wrapper|SOC_NIOS_cpu_debug_slave_sysclk:the_SOC_NIOS_cpu_debug_slave_sysclk|altera_std_synchronizer:the_altera_std_synchronizer3                                                     ; altera_std_synchronizer                   ; work         ;
;                      |altera_std_synchronizer:the_altera_std_synchronizer4|                                                             ; 0.1 (0.1)            ; 0.6 (0.6)                        ; 0.5 (0.5)                                         ; 0.0 (0.0)                        ; 0.0 (0.0)            ; 0 (0)               ; 2 (2)                     ; 0 (0)         ; 0                 ; 0     ; 0          ; 0    ; 0            ; |top|SOC:u0|SOC_NIOS:nios|SOC_NIOS_cpu:cpu|SOC_NIOS_cpu_nios2_oci:the_SOC_NIOS_cpu_nios2_oci|SOC_NIOS_cpu_debug_slave_wrapper:the_SOC_NIOS_cpu_debug_slave_wrapper|SOC_NIOS_cpu_debug_slave_sysclk:the_SOC_NIOS_cpu_debug_slave_sysclk|altera_std_synchronizer:the_altera_std_synchronizer4                                                     ; altera_std_synchronizer                   ; work         ;
;                   |SOC_NIOS_cpu_debug_slave_tck:the_SOC_NIOS_cpu_debug_slave_tck|                                                       ; 30.3 (29.7)          ; 37.3 (35.8)                      ; 7.0 (6.2)                                         ; 0.0 (0.0)                        ; 0.0 (0.0)            ; 54 (54)             ; 47 (43)                   ; 0 (0)         ; 0                 ; 0     ; 0          ; 0    ; 0            ; |top|SOC:u0|SOC_NIOS:nios|SOC_NIOS_cpu:cpu|SOC_NIOS_cpu_nios2_oci:the_SOC_NIOS_cpu_nios2_oci|SOC_NIOS_cpu_debug_slave_wrapper:the_SOC_NIOS_cpu_debug_slave_wrapper|SOC_NIOS_cpu_debug_slave_tck:the_SOC_NIOS_cpu_debug_slave_tck                                                                                                                ; SOC_NIOS_cpu_debug_slave_tck              ; SOC          ;
;                      |altera_std_synchronizer:the_altera_std_synchronizer1|                                                             ; 0.0 (0.0)            ; 0.8 (0.8)                        ; 0.8 (0.8)                                         ; 0.0 (0.0)                        ; 0.0 (0.0)            ; 0 (0)               ; 2 (2)                     ; 0 (0)         ; 0                 ; 0     ; 0          ; 0    ; 0            ; |top|SOC:u0|SOC_NIOS:nios|SOC_NIOS_cpu:cpu|SOC_NIOS_cpu_nios2_oci:the_SOC_NIOS_cpu_nios2_oci|SOC_NIOS_cpu_debug_slave_wrapper:the_SOC_NIOS_cpu_debug_slave_wrapper|SOC_NIOS_cpu_debug_slave_tck:the_SOC_NIOS_cpu_debug_slave_tck|altera_std_synchronizer:the_altera_std_synchronizer1                                                           ; altera_std_synchronizer                   ; work         ;
;                      |altera_std_synchronizer:the_altera_std_synchronizer2|                                                             ; 0.7 (0.7)            ; 0.8 (0.8)                        ; 0.1 (0.1)                                         ; 0.0 (0.0)                        ; 0.0 (0.0)            ; 0 (0)               ; 2 (2)                     ; 0 (0)         ; 0                 ; 0     ; 0          ; 0    ; 0            ; |top|SOC:u0|SOC_NIOS:nios|SOC_NIOS_cpu:cpu|SOC_NIOS_cpu_nios2_oci:the_SOC_NIOS_cpu_nios2_oci|SOC_NIOS_cpu_debug_slave_wrapper:the_SOC_NIOS_cpu_debug_slave_wrapper|SOC_NIOS_cpu_debug_slave_tck:the_SOC_NIOS_cpu_debug_slave_tck|altera_std_synchronizer:the_altera_std_synchronizer2                                                           ; altera_std_synchronizer                   ; work         ;
;                   |sld_virtual_jtag_basic:SOC_NIOS_cpu_debug_slave_phy|                                                                 ; 1.7 (1.7)            ; 1.7 (1.7)                        ; 0.0 (0.0)                                         ; 0.0 (0.0)                        ; 0.0 (0.0)            ; 4 (4)               ; 0 (0)                     ; 0 (0)         ; 0                 ; 0     ; 0          ; 0    ; 0            ; |top|SOC:u0|SOC_NIOS:nios|SOC_NIOS_cpu:cpu|SOC_NIOS_cpu_nios2_oci:the_SOC_NIOS_cpu_nios2_oci|SOC_NIOS_cpu_debug_slave_wrapper:the_SOC_NIOS_cpu_debug_slave_wrapper|sld_virtual_jtag_basic:SOC_NIOS_cpu_debug_slave_phy                                                                                                                          ; sld_virtual_jtag_basic                    ; work         ;
;                |SOC_NIOS_cpu_nios2_avalon_reg:the_SOC_NIOS_cpu_nios2_avalon_reg|                                                        ; 5.5 (5.5)            ; 6.0 (6.0)                        ; 0.5 (0.5)                                         ; 0.0 (0.0)                        ; 0.0 (0.0)            ; 10 (10)             ; 5 (5)                     ; 0 (0)         ; 0                 ; 0     ; 0          ; 0    ; 0            ; |top|SOC:u0|SOC_NIOS:nios|SOC_NIOS_cpu:cpu|SOC_NIOS_cpu_nios2_oci:the_SOC_NIOS_cpu_nios2_oci|SOC_NIOS_cpu_nios2_avalon_reg:the_SOC_NIOS_cpu_nios2_avalon_reg                                                                                                                                                                                    ; SOC_NIOS_cpu_nios2_avalon_reg             ; SOC          ;
;                |SOC_NIOS_cpu_nios2_oci_break:the_SOC_NIOS_cpu_nios2_oci_break|                                                          ; 0.6 (0.6)            ; 12.6 (12.6)                      ; 12.0 (12.0)                                       ; 0.0 (0.0)                        ; 0.0 (0.0)            ; 2 (2)               ; 32 (32)                   ; 0 (0)         ; 0                 ; 0     ; 0          ; 0    ; 0            ; |top|SOC:u0|SOC_NIOS:nios|SOC_NIOS_cpu:cpu|SOC_NIOS_cpu_nios2_oci:the_SOC_NIOS_cpu_nios2_oci|SOC_NIOS_cpu_nios2_oci_break:the_SOC_NIOS_cpu_nios2_oci_break                                                                                                                                                                                      ; SOC_NIOS_cpu_nios2_oci_break              ; SOC          ;
;                |SOC_NIOS_cpu_nios2_oci_debug:the_SOC_NIOS_cpu_nios2_oci_debug|                                                          ; 4.8 (4.5)            ; 6.3 (5.5)                        ; 1.5 (1.0)                                         ; 0.0 (0.0)                        ; 0.0 (0.0)            ; 6 (6)               ; 8 (6)                     ; 0 (0)         ; 0                 ; 0     ; 0          ; 0    ; 0            ; |top|SOC:u0|SOC_NIOS:nios|SOC_NIOS_cpu:cpu|SOC_NIOS_cpu_nios2_oci:the_SOC_NIOS_cpu_nios2_oci|SOC_NIOS_cpu_nios2_oci_debug:the_SOC_NIOS_cpu_nios2_oci_debug                                                                                                                                                                                      ; SOC_NIOS_cpu_nios2_oci_debug              ; SOC          ;
;                   |altera_std_synchronizer:the_altera_std_synchronizer|                                                                 ; 0.3 (0.3)            ; 0.8 (0.8)                        ; 0.5 (0.5)                                         ; 0.0 (0.0)                        ; 0.0 (0.0)            ; 0 (0)               ; 2 (2)                     ; 0 (0)         ; 0                 ; 0     ; 0          ; 0    ; 0            ; |top|SOC:u0|SOC_NIOS:nios|SOC_NIOS_cpu:cpu|SOC_NIOS_cpu_nios2_oci:the_SOC_NIOS_cpu_nios2_oci|SOC_NIOS_cpu_nios2_oci_debug:the_SOC_NIOS_cpu_nios2_oci_debug|altera_std_synchronizer:the_altera_std_synchronizer                                                                                                                                  ; altera_std_synchronizer                   ; work         ;
;                |SOC_NIOS_cpu_nios2_ocimem:the_SOC_NIOS_cpu_nios2_ocimem|                                                                ; 49.4 (49.4)          ; 49.4 (49.4)                      ; 0.0 (0.0)                                         ; 0.0 (0.0)                        ; 0.0 (0.0)            ; 82 (82)             ; 56 (56)                   ; 0 (0)         ; 8192              ; 1     ; 0          ; 0    ; 0            ; |top|SOC:u0|SOC_NIOS:nios|SOC_NIOS_cpu:cpu|SOC_NIOS_cpu_nios2_oci:the_SOC_NIOS_cpu_nios2_oci|SOC_NIOS_cpu_nios2_ocimem:the_SOC_NIOS_cpu_nios2_ocimem                                                                                                                                                                                            ; SOC_NIOS_cpu_nios2_ocimem                 ; SOC          ;
;                   |SOC_NIOS_cpu_ociram_sp_ram_module:SOC_NIOS_cpu_ociram_sp_ram|                                                        ; 0.0 (0.0)            ; 0.0 (0.0)                        ; 0.0 (0.0)                                         ; 0.0 (0.0)                        ; 0.0 (0.0)            ; 0 (0)               ; 0 (0)                     ; 0 (0)         ; 8192              ; 1     ; 0          ; 0    ; 0            ; |top|SOC:u0|SOC_NIOS:nios|SOC_NIOS_cpu:cpu|SOC_NIOS_cpu_nios2_oci:the_SOC_NIOS_cpu_nios2_oci|SOC_NIOS_cpu_nios2_ocimem:the_SOC_NIOS_cpu_nios2_ocimem|SOC_NIOS_cpu_ociram_sp_ram_module:SOC_NIOS_cpu_ociram_sp_ram                                                                                                                               ; SOC_NIOS_cpu_ociram_sp_ram_module         ; SOC          ;
;                      |altsyncram:the_altsyncram|                                                                                        ; 0.0 (0.0)            ; 0.0 (0.0)                        ; 0.0 (0.0)                                         ; 0.0 (0.0)                        ; 0.0 (0.0)            ; 0 (0)               ; 0 (0)                     ; 0 (0)         ; 8192              ; 1     ; 0          ; 0    ; 0            ; |top|SOC:u0|SOC_NIOS:nios|SOC_NIOS_cpu:cpu|SOC_NIOS_cpu_nios2_oci:the_SOC_NIOS_cpu_nios2_oci|SOC_NIOS_cpu_nios2_ocimem:the_SOC_NIOS_cpu_nios2_ocimem|SOC_NIOS_cpu_ociram_sp_ram_module:SOC_NIOS_cpu_ociram_sp_ram|altsyncram:the_altsyncram                                                                                                     ; altsyncram                                ; work         ;
;                         |altsyncram_qid1:auto_generated|                                                                                ; 0.0 (0.0)            ; 0.0 (0.0)                        ; 0.0 (0.0)                                         ; 0.0 (0.0)                        ; 0.0 (0.0)            ; 0 (0)               ; 0 (0)                     ; 0 (0)         ; 8192              ; 1     ; 0          ; 0    ; 0            ; |top|SOC:u0|SOC_NIOS:nios|SOC_NIOS_cpu:cpu|SOC_NIOS_cpu_nios2_oci:the_SOC_NIOS_cpu_nios2_oci|SOC_NIOS_cpu_nios2_ocimem:the_SOC_NIOS_cpu_nios2_ocimem|SOC_NIOS_cpu_ociram_sp_ram_module:SOC_NIOS_cpu_ociram_sp_ram|altsyncram:the_altsyncram|altsyncram_qid1:auto_generated                                                                      ; altsyncram_qid1                           ; work         ;
;             |SOC_NIOS_cpu_register_bank_a_module:SOC_NIOS_cpu_register_bank_a|                                                          ; 0.0 (0.0)            ; 0.0 (0.0)                        ; 0.0 (0.0)                                         ; 0.0 (0.0)                        ; 0.0 (0.0)            ; 0 (0)               ; 0 (0)                     ; 0 (0)         ; 1024              ; 1     ; 0          ; 0    ; 0            ; |top|SOC:u0|SOC_NIOS:nios|SOC_NIOS_cpu:cpu|SOC_NIOS_cpu_register_bank_a_module:SOC_NIOS_cpu_register_bank_a                                                                                                                                                                                                                                     ; SOC_NIOS_cpu_register_bank_a_module       ; SOC          ;
;                |altsyncram:the_altsyncram|                                                                                              ; 0.0 (0.0)            ; 0.0 (0.0)                        ; 0.0 (0.0)                                         ; 0.0 (0.0)                        ; 0.0 (0.0)            ; 0 (0)               ; 0 (0)                     ; 0 (0)         ; 1024              ; 1     ; 0          ; 0    ; 0            ; |top|SOC:u0|SOC_NIOS:nios|SOC_NIOS_cpu:cpu|SOC_NIOS_cpu_register_bank_a_module:SOC_NIOS_cpu_register_bank_a|altsyncram:the_altsyncram                                                                                                                                                                                                           ; altsyncram                                ; work         ;
;                   |altsyncram_voi1:auto_generated|                                                                                      ; 0.0 (0.0)            ; 0.0 (0.0)                        ; 0.0 (0.0)                                         ; 0.0 (0.0)                        ; 0.0 (0.0)            ; 0 (0)               ; 0 (0)                     ; 0 (0)         ; 1024              ; 1     ; 0          ; 0    ; 0            ; |top|SOC:u0|SOC_NIOS:nios|SOC_NIOS_cpu:cpu|SOC_NIOS_cpu_register_bank_a_module:SOC_NIOS_cpu_register_bank_a|altsyncram:the_altsyncram|altsyncram_voi1:auto_generated                                                                                                                                                                            ; altsyncram_voi1                           ; work         ;
;             |SOC_NIOS_cpu_register_bank_b_module:SOC_NIOS_cpu_register_bank_b|                                                          ; 0.0 (0.0)            ; 0.0 (0.0)                        ; 0.0 (0.0)                                         ; 0.0 (0.0)                        ; 0.0 (0.0)            ; 0 (0)               ; 0 (0)                     ; 0 (0)         ; 1024              ; 1     ; 0          ; 0    ; 0            ; |top|SOC:u0|SOC_NIOS:nios|SOC_NIOS_cpu:cpu|SOC_NIOS_cpu_register_bank_b_module:SOC_NIOS_cpu_register_bank_b                                                                                                                                                                                                                                     ; SOC_NIOS_cpu_register_bank_b_module       ; SOC          ;
;                |altsyncram:the_altsyncram|                                                                                              ; 0.0 (0.0)            ; 0.0 (0.0)                        ; 0.0 (0.0)                                         ; 0.0 (0.0)                        ; 0.0 (0.0)            ; 0 (0)               ; 0 (0)                     ; 0 (0)         ; 1024              ; 1     ; 0          ; 0    ; 0            ; |top|SOC:u0|SOC_NIOS:nios|SOC_NIOS_cpu:cpu|SOC_NIOS_cpu_register_bank_b_module:SOC_NIOS_cpu_register_bank_b|altsyncram:the_altsyncram                                                                                                                                                                                                           ; altsyncram                                ; work         ;
;                   |altsyncram_voi1:auto_generated|                                                                                      ; 0.0 (0.0)            ; 0.0 (0.0)                        ; 0.0 (0.0)                                         ; 0.0 (0.0)                        ; 0.0 (0.0)            ; 0 (0)               ; 0 (0)                     ; 0 (0)         ; 1024              ; 1     ; 0          ; 0    ; 0            ; |top|SOC:u0|SOC_NIOS:nios|SOC_NIOS_cpu:cpu|SOC_NIOS_cpu_register_bank_b_module:SOC_NIOS_cpu_register_bank_b|altsyncram:the_altsyncram|altsyncram_voi1:auto_generated                                                                                                                                                                            ; altsyncram_voi1                           ; work         ;
;       |SOC_RAM:ram|                                                                                                                     ; 1.0 (1.0)            ; 1.0 (1.0)                        ; 0.0 (0.0)                                         ; 0.0 (0.0)                        ; 0.0 (0.0)            ; 1 (1)               ; 0 (0)                     ; 0 (0)         ; 131072            ; 16    ; 0          ; 0    ; 0            ; |top|SOC:u0|SOC_RAM:ram                                                                                                                                                                                                                                                                                                                         ; SOC_RAM                                   ; SOC          ;
;          |altsyncram:the_altsyncram|                                                                                                    ; 0.0 (0.0)            ; 0.0 (0.0)                        ; 0.0 (0.0)                                         ; 0.0 (0.0)                        ; 0.0 (0.0)            ; 0 (0)               ; 0 (0)                     ; 0 (0)         ; 131072            ; 16    ; 0          ; 0    ; 0            ; |top|SOC:u0|SOC_RAM:ram|altsyncram:the_altsyncram                                                                                                                                                                                                                                                                                               ; altsyncram                                ; work         ;
;             |altsyncram_rml1:auto_generated|                                                                                            ; 0.0 (0.0)            ; 0.0 (0.0)                        ; 0.0 (0.0)                                         ; 0.0 (0.0)                        ; 0.0 (0.0)            ; 0 (0)               ; 0 (0)                     ; 0 (0)         ; 131072            ; 16    ; 0          ; 0    ; 0            ; |top|SOC:u0|SOC_RAM:ram|altsyncram:the_altsyncram|altsyncram_rml1:auto_generated                                                                                                                                                                                                                                                                ; altsyncram_rml1                           ; work         ;
;       |SOC_audio_0:audio_0|                                                                                                             ; 159.5 (25.4)         ; 175.8 (28.3)                     ; 17.7 (3.5)                                        ; 1.3 (0.6)                        ; 0.0 (0.0)            ; 286 (36)            ; 257 (42)                  ; 0 (0)         ; 8192              ; 4     ; 0          ; 0    ; 0            ; |top|SOC:u0|SOC_audio_0:audio_0                                                                                                                                                                                                                                                                                                                 ; SOC_audio_0                               ; SOC          ;
;          |altera_up_audio_in_deserializer:Audio_In_Deserializer|                                                                        ; 58.5 (3.9)           ; 69.4 (13.5)                      ; 11.1 (9.7)                                        ; 0.2 (0.0)                        ; 0.0 (0.0)            ; 111 (7)             ; 107 (32)                  ; 0 (0)         ; 4096              ; 2     ; 0          ; 0    ; 0            ; |top|SOC:u0|SOC_audio_0:audio_0|altera_up_audio_in_deserializer:Audio_In_Deserializer                                                                                                                                                                                                                                                           ; altera_up_audio_in_deserializer           ; SOC          ;
;             |altera_up_audio_bit_counter:Audio_Out_Bit_Counter|                                                                         ; 5.3 (5.3)            ; 6.0 (6.0)                        ; 0.7 (0.7)                                         ; 0.0 (0.0)                        ; 0.0 (0.0)            ; 10 (10)             ; 6 (6)                     ; 0 (0)         ; 0                 ; 0     ; 0          ; 0    ; 0            ; |top|SOC:u0|SOC_audio_0:audio_0|altera_up_audio_in_deserializer:Audio_In_Deserializer|altera_up_audio_bit_counter:Audio_Out_Bit_Counter                                                                                                                                                                                                         ; altera_up_audio_bit_counter               ; SOC          ;
;             |altera_up_sync_fifo:Audio_In_Left_Channel_FIFO|                                                                            ; 24.9 (0.0)           ; 25.3 (0.0)                       ; 0.5 (0.0)                                         ; 0.1 (0.0)                        ; 0.0 (0.0)            ; 47 (0)              ; 33 (0)                    ; 0 (0)         ; 2048              ; 1     ; 0          ; 0    ; 0            ; |top|SOC:u0|SOC_audio_0:audio_0|altera_up_audio_in_deserializer:Audio_In_Deserializer|altera_up_sync_fifo:Audio_In_Left_Channel_FIFO                                                                                                                                                                                                            ; altera_up_sync_fifo                       ; SOC          ;
;                |scfifo:Sync_FIFO|                                                                                                       ; 24.9 (0.0)           ; 25.3 (0.0)                       ; 0.5 (0.0)                                         ; 0.1 (0.0)                        ; 0.0 (0.0)            ; 47 (0)              ; 33 (0)                    ; 0 (0)         ; 2048              ; 1     ; 0          ; 0    ; 0            ; |top|SOC:u0|SOC_audio_0:audio_0|altera_up_audio_in_deserializer:Audio_In_Deserializer|altera_up_sync_fifo:Audio_In_Left_Channel_FIFO|scfifo:Sync_FIFO                                                                                                                                                                                           ; scfifo                                    ; work         ;
;                   |scfifo_9ba1:auto_generated|                                                                                          ; 24.9 (0.0)           ; 25.3 (0.0)                       ; 0.5 (0.0)                                         ; 0.1 (0.0)                        ; 0.0 (0.0)            ; 47 (0)              ; 33 (0)                    ; 0 (0)         ; 2048              ; 1     ; 0          ; 0    ; 0            ; |top|SOC:u0|SOC_audio_0:audio_0|altera_up_audio_in_deserializer:Audio_In_Deserializer|altera_up_sync_fifo:Audio_In_Left_Channel_FIFO|scfifo:Sync_FIFO|scfifo_9ba1:auto_generated                                                                                                                                                                ; scfifo_9ba1                               ; work         ;
;                      |a_dpfifo_s2a1:dpfifo|                                                                                             ; 24.9 (13.6)          ; 25.3 (13.7)                      ; 0.5 (0.3)                                         ; 0.1 (0.1)                        ; 0.0 (0.0)            ; 47 (24)             ; 33 (13)                   ; 0 (0)         ; 2048              ; 1     ; 0          ; 0    ; 0            ; |top|SOC:u0|SOC_audio_0:audio_0|altera_up_audio_in_deserializer:Audio_In_Deserializer|altera_up_sync_fifo:Audio_In_Left_Channel_FIFO|scfifo:Sync_FIFO|scfifo_9ba1:auto_generated|a_dpfifo_s2a1:dpfifo                                                                                                                                           ; a_dpfifo_s2a1                             ; work         ;
;                         |altsyncram_r3i1:FIFOram|                                                                                       ; 0.0 (0.0)            ; 0.0 (0.0)                        ; 0.0 (0.0)                                         ; 0.0 (0.0)                        ; 0.0 (0.0)            ; 0 (0)               ; 0 (0)                     ; 0 (0)         ; 2048              ; 1     ; 0          ; 0    ; 0            ; |top|SOC:u0|SOC_audio_0:audio_0|altera_up_audio_in_deserializer:Audio_In_Deserializer|altera_up_sync_fifo:Audio_In_Left_Channel_FIFO|scfifo:Sync_FIFO|scfifo_9ba1:auto_generated|a_dpfifo_s2a1:dpfifo|altsyncram_r3i1:FIFOram                                                                                                                   ; altsyncram_r3i1                           ; work         ;
;                         |cntr_h2b:rd_ptr_msb|                                                                                           ; 3.5 (3.5)            ; 3.5 (3.5)                        ; 0.0 (0.0)                                         ; 0.0 (0.0)                        ; 0.0 (0.0)            ; 7 (7)               ; 6 (6)                     ; 0 (0)         ; 0                 ; 0     ; 0          ; 0    ; 0            ; |top|SOC:u0|SOC_audio_0:audio_0|altera_up_audio_in_deserializer:Audio_In_Deserializer|altera_up_sync_fifo:Audio_In_Left_Channel_FIFO|scfifo:Sync_FIFO|scfifo_9ba1:auto_generated|a_dpfifo_s2a1:dpfifo|cntr_h2b:rd_ptr_msb                                                                                                                       ; cntr_h2b                                  ; work         ;
;                         |cntr_i2b:wr_ptr|                                                                                               ; 3.8 (3.8)            ; 4.0 (4.0)                        ; 0.2 (0.2)                                         ; 0.0 (0.0)                        ; 0.0 (0.0)            ; 8 (8)               ; 7 (7)                     ; 0 (0)         ; 0                 ; 0     ; 0          ; 0    ; 0            ; |top|SOC:u0|SOC_audio_0:audio_0|altera_up_audio_in_deserializer:Audio_In_Deserializer|altera_up_sync_fifo:Audio_In_Left_Channel_FIFO|scfifo:Sync_FIFO|scfifo_9ba1:auto_generated|a_dpfifo_s2a1:dpfifo|cntr_i2b:wr_ptr                                                                                                                           ; cntr_i2b                                  ; work         ;
;                         |cntr_u27:usedw_counter|                                                                                        ; 4.0 (4.0)            ; 4.0 (4.0)                        ; 0.0 (0.0)                                         ; 0.0 (0.0)                        ; 0.0 (0.0)            ; 8 (8)               ; 7 (7)                     ; 0 (0)         ; 0                 ; 0     ; 0          ; 0    ; 0            ; |top|SOC:u0|SOC_audio_0:audio_0|altera_up_audio_in_deserializer:Audio_In_Deserializer|altera_up_sync_fifo:Audio_In_Left_Channel_FIFO|scfifo:Sync_FIFO|scfifo_9ba1:auto_generated|a_dpfifo_s2a1:dpfifo|cntr_u27:usedw_counter                                                                                                                    ; cntr_u27                                  ; work         ;
;             |altera_up_sync_fifo:Audio_In_Right_Channel_FIFO|                                                                           ; 24.5 (0.0)           ; 24.7 (0.0)                       ; 0.2 (0.0)                                         ; 0.0 (0.0)                        ; 0.0 (0.0)            ; 47 (0)              ; 36 (0)                    ; 0 (0)         ; 2048              ; 1     ; 0          ; 0    ; 0            ; |top|SOC:u0|SOC_audio_0:audio_0|altera_up_audio_in_deserializer:Audio_In_Deserializer|altera_up_sync_fifo:Audio_In_Right_Channel_FIFO                                                                                                                                                                                                           ; altera_up_sync_fifo                       ; SOC          ;
;                |scfifo:Sync_FIFO|                                                                                                       ; 24.5 (0.0)           ; 24.7 (0.0)                       ; 0.2 (0.0)                                         ; 0.0 (0.0)                        ; 0.0 (0.0)            ; 47 (0)              ; 36 (0)                    ; 0 (0)         ; 2048              ; 1     ; 0          ; 0    ; 0            ; |top|SOC:u0|SOC_audio_0:audio_0|altera_up_audio_in_deserializer:Audio_In_Deserializer|altera_up_sync_fifo:Audio_In_Right_Channel_FIFO|scfifo:Sync_FIFO                                                                                                                                                                                          ; scfifo                                    ; work         ;
;                   |scfifo_9ba1:auto_generated|                                                                                          ; 24.5 (0.0)           ; 24.7 (0.0)                       ; 0.2 (0.0)                                         ; 0.0 (0.0)                        ; 0.0 (0.0)            ; 47 (0)              ; 36 (0)                    ; 0 (0)         ; 2048              ; 1     ; 0          ; 0    ; 0            ; |top|SOC:u0|SOC_audio_0:audio_0|altera_up_audio_in_deserializer:Audio_In_Deserializer|altera_up_sync_fifo:Audio_In_Right_Channel_FIFO|scfifo:Sync_FIFO|scfifo_9ba1:auto_generated                                                                                                                                                               ; scfifo_9ba1                               ; work         ;
;                      |a_dpfifo_s2a1:dpfifo|                                                                                             ; 24.5 (13.1)          ; 24.7 (13.3)                      ; 0.2 (0.2)                                         ; 0.0 (0.0)                        ; 0.0 (0.0)            ; 47 (24)             ; 36 (14)                   ; 0 (0)         ; 2048              ; 1     ; 0          ; 0    ; 0            ; |top|SOC:u0|SOC_audio_0:audio_0|altera_up_audio_in_deserializer:Audio_In_Deserializer|altera_up_sync_fifo:Audio_In_Right_Channel_FIFO|scfifo:Sync_FIFO|scfifo_9ba1:auto_generated|a_dpfifo_s2a1:dpfifo                                                                                                                                          ; a_dpfifo_s2a1                             ; work         ;
;                         |altsyncram_r3i1:FIFOram|                                                                                       ; 0.0 (0.0)            ; 0.0 (0.0)                        ; 0.0 (0.0)                                         ; 0.0 (0.0)                        ; 0.0 (0.0)            ; 0 (0)               ; 0 (0)                     ; 0 (0)         ; 2048              ; 1     ; 0          ; 0    ; 0            ; |top|SOC:u0|SOC_audio_0:audio_0|altera_up_audio_in_deserializer:Audio_In_Deserializer|altera_up_sync_fifo:Audio_In_Right_Channel_FIFO|scfifo:Sync_FIFO|scfifo_9ba1:auto_generated|a_dpfifo_s2a1:dpfifo|altsyncram_r3i1:FIFOram                                                                                                                  ; altsyncram_r3i1                           ; work         ;
;                         |cntr_h2b:rd_ptr_msb|                                                                                           ; 3.5 (3.5)            ; 3.5 (3.5)                        ; 0.0 (0.0)                                         ; 0.0 (0.0)                        ; 0.0 (0.0)            ; 7 (7)               ; 6 (6)                     ; 0 (0)         ; 0                 ; 0     ; 0          ; 0    ; 0            ; |top|SOC:u0|SOC_audio_0:audio_0|altera_up_audio_in_deserializer:Audio_In_Deserializer|altera_up_sync_fifo:Audio_In_Right_Channel_FIFO|scfifo:Sync_FIFO|scfifo_9ba1:auto_generated|a_dpfifo_s2a1:dpfifo|cntr_h2b:rd_ptr_msb                                                                                                                      ; cntr_h2b                                  ; work         ;
;                         |cntr_i2b:wr_ptr|                                                                                               ; 3.8 (3.8)            ; 3.8 (3.8)                        ; 0.0 (0.0)                                         ; 0.0 (0.0)                        ; 0.0 (0.0)            ; 8 (8)               ; 7 (7)                     ; 0 (0)         ; 0                 ; 0     ; 0          ; 0    ; 0            ; |top|SOC:u0|SOC_audio_0:audio_0|altera_up_audio_in_deserializer:Audio_In_Deserializer|altera_up_sync_fifo:Audio_In_Right_Channel_FIFO|scfifo:Sync_FIFO|scfifo_9ba1:auto_generated|a_dpfifo_s2a1:dpfifo|cntr_i2b:wr_ptr                                                                                                                          ; cntr_i2b                                  ; work         ;
;                         |cntr_u27:usedw_counter|                                                                                        ; 4.0 (4.0)            ; 4.0 (4.0)                        ; 0.0 (0.0)                                         ; 0.0 (0.0)                        ; 0.0 (0.0)            ; 8 (8)               ; 9 (9)                     ; 0 (0)         ; 0                 ; 0     ; 0          ; 0    ; 0            ; |top|SOC:u0|SOC_audio_0:audio_0|altera_up_audio_in_deserializer:Audio_In_Deserializer|altera_up_sync_fifo:Audio_In_Right_Channel_FIFO|scfifo:Sync_FIFO|scfifo_9ba1:auto_generated|a_dpfifo_s2a1:dpfifo|cntr_u27:usedw_counter                                                                                                                   ; cntr_u27                                  ; work         ;
;          |altera_up_audio_out_serializer:Audio_Out_Serializer|                                                                          ; 73.3 (22.2)          ; 75.0 (21.9)                      ; 2.2 (0.2)                                         ; 0.5 (0.4)                        ; 0.0 (0.0)            ; 138 (42)            ; 101 (34)                  ; 0 (0)         ; 4096              ; 2     ; 0          ; 0    ; 0            ; |top|SOC:u0|SOC_audio_0:audio_0|altera_up_audio_out_serializer:Audio_Out_Serializer                                                                                                                                                                                                                                                             ; altera_up_audio_out_serializer            ; SOC          ;
;             |altera_up_sync_fifo:Audio_Out_Left_Channel_FIFO|                                                                           ; 25.1 (0.0)           ; 25.6 (0.0)                       ; 0.5 (0.0)                                         ; 0.1 (0.0)                        ; 0.0 (0.0)            ; 48 (0)              ; 34 (0)                    ; 0 (0)         ; 2048              ; 1     ; 0          ; 0    ; 0            ; |top|SOC:u0|SOC_audio_0:audio_0|altera_up_audio_out_serializer:Audio_Out_Serializer|altera_up_sync_fifo:Audio_Out_Left_Channel_FIFO                                                                                                                                                                                                             ; altera_up_sync_fifo                       ; SOC          ;
;                |scfifo:Sync_FIFO|                                                                                                       ; 25.1 (0.0)           ; 25.6 (0.0)                       ; 0.5 (0.0)                                         ; 0.1 (0.0)                        ; 0.0 (0.0)            ; 48 (0)              ; 34 (0)                    ; 0 (0)         ; 2048              ; 1     ; 0          ; 0    ; 0            ; |top|SOC:u0|SOC_audio_0:audio_0|altera_up_audio_out_serializer:Audio_Out_Serializer|altera_up_sync_fifo:Audio_Out_Left_Channel_FIFO|scfifo:Sync_FIFO                                                                                                                                                                                            ; scfifo                                    ; work         ;
;                   |scfifo_9ba1:auto_generated|                                                                                          ; 25.1 (0.0)           ; 25.6 (0.0)                       ; 0.5 (0.0)                                         ; 0.1 (0.0)                        ; 0.0 (0.0)            ; 48 (0)              ; 34 (0)                    ; 0 (0)         ; 2048              ; 1     ; 0          ; 0    ; 0            ; |top|SOC:u0|SOC_audio_0:audio_0|altera_up_audio_out_serializer:Audio_Out_Serializer|altera_up_sync_fifo:Audio_Out_Left_Channel_FIFO|scfifo:Sync_FIFO|scfifo_9ba1:auto_generated                                                                                                                                                                 ; scfifo_9ba1                               ; work         ;
;                      |a_dpfifo_s2a1:dpfifo|                                                                                             ; 25.1 (14.8)          ; 25.6 (14.9)                      ; 0.5 (0.2)                                         ; 0.1 (0.1)                        ; 0.0 (0.0)            ; 48 (25)             ; 34 (13)                   ; 0 (0)         ; 2048              ; 1     ; 0          ; 0    ; 0            ; |top|SOC:u0|SOC_audio_0:audio_0|altera_up_audio_out_serializer:Audio_Out_Serializer|altera_up_sync_fifo:Audio_Out_Left_Channel_FIFO|scfifo:Sync_FIFO|scfifo_9ba1:auto_generated|a_dpfifo_s2a1:dpfifo                                                                                                                                            ; a_dpfifo_s2a1                             ; work         ;
;                         |altsyncram_r3i1:FIFOram|                                                                                       ; 0.0 (0.0)            ; 0.0 (0.0)                        ; 0.0 (0.0)                                         ; 0.0 (0.0)                        ; 0.0 (0.0)            ; 0 (0)               ; 0 (0)                     ; 0 (0)         ; 2048              ; 1     ; 0          ; 0    ; 0            ; |top|SOC:u0|SOC_audio_0:audio_0|altera_up_audio_out_serializer:Audio_Out_Serializer|altera_up_sync_fifo:Audio_Out_Left_Channel_FIFO|scfifo:Sync_FIFO|scfifo_9ba1:auto_generated|a_dpfifo_s2a1:dpfifo|altsyncram_r3i1:FIFOram                                                                                                                    ; altsyncram_r3i1                           ; work         ;
;                         |cntr_h2b:rd_ptr_msb|                                                                                           ; 3.3 (3.3)            ; 3.3 (3.3)                        ; 0.0 (0.0)                                         ; 0.0 (0.0)                        ; 0.0 (0.0)            ; 7 (7)               ; 6 (6)                     ; 0 (0)         ; 0                 ; 0     ; 0          ; 0    ; 0            ; |top|SOC:u0|SOC_audio_0:audio_0|altera_up_audio_out_serializer:Audio_Out_Serializer|altera_up_sync_fifo:Audio_Out_Left_Channel_FIFO|scfifo:Sync_FIFO|scfifo_9ba1:auto_generated|a_dpfifo_s2a1:dpfifo|cntr_h2b:rd_ptr_msb                                                                                                                        ; cntr_h2b                                  ; work         ;
;                         |cntr_i2b:wr_ptr|                                                                                               ; 3.5 (3.5)            ; 3.5 (3.5)                        ; 0.0 (0.0)                                         ; 0.0 (0.0)                        ; 0.0 (0.0)            ; 8 (8)               ; 7 (7)                     ; 0 (0)         ; 0                 ; 0     ; 0          ; 0    ; 0            ; |top|SOC:u0|SOC_audio_0:audio_0|altera_up_audio_out_serializer:Audio_Out_Serializer|altera_up_sync_fifo:Audio_Out_Left_Channel_FIFO|scfifo:Sync_FIFO|scfifo_9ba1:auto_generated|a_dpfifo_s2a1:dpfifo|cntr_i2b:wr_ptr                                                                                                                            ; cntr_i2b                                  ; work         ;
;                         |cntr_u27:usedw_counter|                                                                                        ; 3.5 (3.5)            ; 3.8 (3.8)                        ; 0.3 (0.3)                                         ; 0.0 (0.0)                        ; 0.0 (0.0)            ; 8 (8)               ; 8 (8)                     ; 0 (0)         ; 0                 ; 0     ; 0          ; 0    ; 0            ; |top|SOC:u0|SOC_audio_0:audio_0|altera_up_audio_out_serializer:Audio_Out_Serializer|altera_up_sync_fifo:Audio_Out_Left_Channel_FIFO|scfifo:Sync_FIFO|scfifo_9ba1:auto_generated|a_dpfifo_s2a1:dpfifo|cntr_u27:usedw_counter                                                                                                                     ; cntr_u27                                  ; work         ;
;             |altera_up_sync_fifo:Audio_Out_Right_Channel_FIFO|                                                                          ; 26.0 (0.0)           ; 27.5 (0.0)                       ; 1.5 (0.0)                                         ; 0.0 (0.0)                        ; 0.0 (0.0)            ; 48 (0)              ; 33 (0)                    ; 0 (0)         ; 2048              ; 1     ; 0          ; 0    ; 0            ; |top|SOC:u0|SOC_audio_0:audio_0|altera_up_audio_out_serializer:Audio_Out_Serializer|altera_up_sync_fifo:Audio_Out_Right_Channel_FIFO                                                                                                                                                                                                            ; altera_up_sync_fifo                       ; SOC          ;
;                |scfifo:Sync_FIFO|                                                                                                       ; 26.0 (0.0)           ; 27.5 (0.0)                       ; 1.5 (0.0)                                         ; 0.0 (0.0)                        ; 0.0 (0.0)            ; 48 (0)              ; 33 (0)                    ; 0 (0)         ; 2048              ; 1     ; 0          ; 0    ; 0            ; |top|SOC:u0|SOC_audio_0:audio_0|altera_up_audio_out_serializer:Audio_Out_Serializer|altera_up_sync_fifo:Audio_Out_Right_Channel_FIFO|scfifo:Sync_FIFO                                                                                                                                                                                           ; scfifo                                    ; work         ;
;                   |scfifo_9ba1:auto_generated|                                                                                          ; 26.0 (0.0)           ; 27.5 (0.0)                       ; 1.5 (0.0)                                         ; 0.0 (0.0)                        ; 0.0 (0.0)            ; 48 (0)              ; 33 (0)                    ; 0 (0)         ; 2048              ; 1     ; 0          ; 0    ; 0            ; |top|SOC:u0|SOC_audio_0:audio_0|altera_up_audio_out_serializer:Audio_Out_Serializer|altera_up_sync_fifo:Audio_Out_Right_Channel_FIFO|scfifo:Sync_FIFO|scfifo_9ba1:auto_generated                                                                                                                                                                ; scfifo_9ba1                               ; work         ;
;                      |a_dpfifo_s2a1:dpfifo|                                                                                             ; 26.0 (15.7)          ; 27.5 (17.2)                      ; 1.5 (1.5)                                         ; 0.0 (0.0)                        ; 0.0 (0.0)            ; 48 (25)             ; 33 (13)                   ; 0 (0)         ; 2048              ; 1     ; 0          ; 0    ; 0            ; |top|SOC:u0|SOC_audio_0:audio_0|altera_up_audio_out_serializer:Audio_Out_Serializer|altera_up_sync_fifo:Audio_Out_Right_Channel_FIFO|scfifo:Sync_FIFO|scfifo_9ba1:auto_generated|a_dpfifo_s2a1:dpfifo                                                                                                                                           ; a_dpfifo_s2a1                             ; work         ;
;                         |altsyncram_r3i1:FIFOram|                                                                                       ; 0.0 (0.0)            ; 0.0 (0.0)                        ; 0.0 (0.0)                                         ; 0.0 (0.0)                        ; 0.0 (0.0)            ; 0 (0)               ; 0 (0)                     ; 0 (0)         ; 2048              ; 1     ; 0          ; 0    ; 0            ; |top|SOC:u0|SOC_audio_0:audio_0|altera_up_audio_out_serializer:Audio_Out_Serializer|altera_up_sync_fifo:Audio_Out_Right_Channel_FIFO|scfifo:Sync_FIFO|scfifo_9ba1:auto_generated|a_dpfifo_s2a1:dpfifo|altsyncram_r3i1:FIFOram                                                                                                                   ; altsyncram_r3i1                           ; work         ;
;                         |cntr_h2b:rd_ptr_msb|                                                                                           ; 3.3 (3.3)            ; 3.3 (3.3)                        ; 0.0 (0.0)                                         ; 0.0 (0.0)                        ; 0.0 (0.0)            ; 7 (7)               ; 6 (6)                     ; 0 (0)         ; 0                 ; 0     ; 0          ; 0    ; 0            ; |top|SOC:u0|SOC_audio_0:audio_0|altera_up_audio_out_serializer:Audio_Out_Serializer|altera_up_sync_fifo:Audio_Out_Right_Channel_FIFO|scfifo:Sync_FIFO|scfifo_9ba1:auto_generated|a_dpfifo_s2a1:dpfifo|cntr_h2b:rd_ptr_msb                                                                                                                       ; cntr_h2b                                  ; work         ;
;                         |cntr_i2b:wr_ptr|                                                                                               ; 3.5 (3.5)            ; 3.5 (3.5)                        ; 0.0 (0.0)                                         ; 0.0 (0.0)                        ; 0.0 (0.0)            ; 8 (8)               ; 7 (7)                     ; 0 (0)         ; 0                 ; 0     ; 0          ; 0    ; 0            ; |top|SOC:u0|SOC_audio_0:audio_0|altera_up_audio_out_serializer:Audio_Out_Serializer|altera_up_sync_fifo:Audio_Out_Right_Channel_FIFO|scfifo:Sync_FIFO|scfifo_9ba1:auto_generated|a_dpfifo_s2a1:dpfifo|cntr_i2b:wr_ptr                                                                                                                           ; cntr_i2b                                  ; work         ;
;                         |cntr_u27:usedw_counter|                                                                                        ; 3.5 (3.5)            ; 3.5 (3.5)                        ; 0.0 (0.0)                                         ; 0.0 (0.0)                        ; 0.0 (0.0)            ; 8 (8)               ; 7 (7)                     ; 0 (0)         ; 0                 ; 0     ; 0          ; 0    ; 0            ; |top|SOC:u0|SOC_audio_0:audio_0|altera_up_audio_out_serializer:Audio_Out_Serializer|altera_up_sync_fifo:Audio_Out_Right_Channel_FIFO|scfifo:Sync_FIFO|scfifo_9ba1:auto_generated|a_dpfifo_s2a1:dpfifo|cntr_u27:usedw_counter                                                                                                                    ; cntr_u27                                  ; work         ;
;          |altera_up_clock_edge:ADC_Left_Right_Clock_Edges|                                                                              ; 1.0 (1.0)            ; 1.5 (1.5)                        ; 0.5 (0.5)                                         ; 0.0 (0.0)                        ; 0.0 (0.0)            ; 1 (1)               ; 3 (3)                     ; 0 (0)         ; 0                 ; 0     ; 0          ; 0    ; 0            ; |top|SOC:u0|SOC_audio_0:audio_0|altera_up_clock_edge:ADC_Left_Right_Clock_Edges                                                                                                                                                                                                                                                                 ; altera_up_clock_edge                      ; SOC          ;
;          |altera_up_clock_edge:Bit_Clock_Edges|                                                                                         ; 0.6 (0.6)            ; 0.8 (0.8)                        ; 0.3 (0.3)                                         ; 0.0 (0.0)                        ; 0.0 (0.0)            ; 0 (0)               ; 2 (2)                     ; 0 (0)         ; 0                 ; 0     ; 0          ; 0    ; 0            ; |top|SOC:u0|SOC_audio_0:audio_0|altera_up_clock_edge:Bit_Clock_Edges                                                                                                                                                                                                                                                                            ; altera_up_clock_edge                      ; SOC          ;
;          |altera_up_clock_edge:DAC_Left_Right_Clock_Edges|                                                                              ; 0.7 (0.7)            ; 0.8 (0.8)                        ; 0.2 (0.2)                                         ; 0.0 (0.0)                        ; 0.0 (0.0)            ; 0 (0)               ; 2 (2)                     ; 0 (0)         ; 0                 ; 0     ; 0          ; 0    ; 0            ; |top|SOC:u0|SOC_audio_0:audio_0|altera_up_clock_edge:DAC_Left_Right_Clock_Edges                                                                                                                                                                                                                                                                 ; altera_up_clock_edge                      ; SOC          ;
;       |SOC_audio_and_video_config_0:audio_and_video_config_0|                                                                           ; 77.1 (29.2)          ; 86.8 (38.8)                      ; 9.8 (9.6)                                         ; 0.0 (0.0)                        ; 0.0 (0.0)            ; 141 (49)            ; 141 (55)                  ; 0 (0)         ; 0                 ; 0     ; 0          ; 0    ; 0            ; |top|SOC:u0|SOC_audio_and_video_config_0:audio_and_video_config_0                                                                                                                                                                                                                                                                               ; SOC_audio_and_video_config_0              ; SOC          ;
;          |altera_up_av_config_serial_bus_controller:Serial_Bus_Controller|                                                              ; 48.0 (39.5)          ; 48.0 (39.8)                      ; 0.1 (0.3)                                         ; 0.0 (0.0)                        ; 0.0 (0.0)            ; 92 (76)             ; 86 (71)                   ; 0 (0)         ; 0                 ; 0     ; 0          ; 0    ; 0            ; |top|SOC:u0|SOC_audio_and_video_config_0:audio_and_video_config_0|altera_up_av_config_serial_bus_controller:Serial_Bus_Controller                                                                                                                                                                                                               ; altera_up_av_config_serial_bus_controller ; SOC          ;
;             |altera_up_slow_clock_generator:Serial_Config_Clock_Generator|                                                              ; 8.3 (8.3)            ; 8.3 (8.3)                        ; 0.0 (0.0)                                         ; 0.0 (0.0)                        ; 0.0 (0.0)            ; 16 (16)             ; 15 (15)                   ; 0 (0)         ; 0                 ; 0     ; 0          ; 0    ; 0            ; |top|SOC:u0|SOC_audio_and_video_config_0:audio_and_video_config_0|altera_up_av_config_serial_bus_controller:Serial_Bus_Controller|altera_up_slow_clock_generator:Serial_Config_Clock_Generator                                                                                                                                                  ; altera_up_slow_clock_generator            ; SOC          ;
;       |SOC_mm_interconnect_0:mm_interconnect_0|                                                                                         ; 157.3 (0.0)          ; 177.7 (0.0)                      ; 20.7 (0.0)                                        ; 0.4 (0.0)                        ; 0.0 (0.0)            ; 341 (0)             ; 118 (0)                   ; 0 (0)         ; 0                 ; 0     ; 0          ; 0    ; 0            ; |top|SOC:u0|SOC_mm_interconnect_0:mm_interconnect_0                                                                                                                                                                                                                                                                                             ; SOC_mm_interconnect_0                     ; SOC          ;
;          |SOC_mm_interconnect_0_cmd_demux:cmd_demux|                                                                                    ; 7.8 (7.8)            ; 8.7 (8.7)                        ; 0.8 (0.8)                                         ; 0.0 (0.0)                        ; 0.0 (0.0)            ; 12 (12)             ; 0 (0)                     ; 0 (0)         ; 0                 ; 0     ; 0          ; 0    ; 0            ; |top|SOC:u0|SOC_mm_interconnect_0:mm_interconnect_0|SOC_mm_interconnect_0_cmd_demux:cmd_demux                                                                                                                                                                                                                                                   ; SOC_mm_interconnect_0_cmd_demux           ; SOC          ;
;          |SOC_mm_interconnect_0_cmd_demux_001:cmd_demux_001|                                                                            ; 2.2 (2.2)            ; 2.2 (2.2)                        ; 0.0 (0.0)                                         ; 0.0 (0.0)                        ; 0.0 (0.0)            ; 6 (6)               ; 0 (0)                     ; 0 (0)         ; 0                 ; 0     ; 0          ; 0    ; 0            ; |top|SOC:u0|SOC_mm_interconnect_0:mm_interconnect_0|SOC_mm_interconnect_0_cmd_demux_001:cmd_demux_001                                                                                                                                                                                                                                           ; SOC_mm_interconnect_0_cmd_demux_001       ; SOC          ;
;          |SOC_mm_interconnect_0_cmd_mux_002:cmd_mux_002|                                                                                ; 17.7 (15.7)          ; 18.1 (16.1)                      ; 0.4 (0.4)                                         ; 0.0 (0.0)                        ; 0.0 (0.0)            ; 53 (49)             ; 5 (3)                     ; 0 (0)         ; 0                 ; 0     ; 0          ; 0    ; 0            ; |top|SOC:u0|SOC_mm_interconnect_0:mm_interconnect_0|SOC_mm_interconnect_0_cmd_mux_002:cmd_mux_002                                                                                                                                                                                                                                               ; SOC_mm_interconnect_0_cmd_mux_002         ; SOC          ;
;             |altera_merlin_arbitrator:arb|                                                                                              ; 2.0 (2.0)            ; 2.0 (2.0)                        ; 0.0 (0.0)                                         ; 0.0 (0.0)                        ; 0.0 (0.0)            ; 4 (4)               ; 2 (2)                     ; 0 (0)         ; 0                 ; 0     ; 0          ; 0    ; 0            ; |top|SOC:u0|SOC_mm_interconnect_0:mm_interconnect_0|SOC_mm_interconnect_0_cmd_mux_002:cmd_mux_002|altera_merlin_arbitrator:arb                                                                                                                                                                                                                  ; altera_merlin_arbitrator                  ; SOC          ;
;          |SOC_mm_interconnect_0_cmd_mux_002:cmd_mux_006|                                                                                ; 21.8 (19.6)          ; 25.2 (22.9)                      ; 3.3 (3.3)                                         ; 0.0 (0.0)                        ; 0.0 (0.0)            ; 54 (50)             ; 6 (4)                     ; 0 (0)         ; 0                 ; 0     ; 0          ; 0    ; 0            ; |top|SOC:u0|SOC_mm_interconnect_0:mm_interconnect_0|SOC_mm_interconnect_0_cmd_mux_002:cmd_mux_006                                                                                                                                                                                                                                               ; SOC_mm_interconnect_0_cmd_mux_002         ; SOC          ;
;             |altera_merlin_arbitrator:arb|                                                                                              ; 2.3 (2.3)            ; 2.3 (2.3)                        ; 0.0 (0.0)                                         ; 0.0 (0.0)                        ; 0.0 (0.0)            ; 4 (4)               ; 2 (2)                     ; 0 (0)         ; 0                 ; 0     ; 0          ; 0    ; 0            ; |top|SOC:u0|SOC_mm_interconnect_0:mm_interconnect_0|SOC_mm_interconnect_0_cmd_mux_002:cmd_mux_006|altera_merlin_arbitrator:arb                                                                                                                                                                                                                  ; altera_merlin_arbitrator                  ; SOC          ;
;          |SOC_mm_interconnect_0_router:router|                                                                                          ; 6.4 (6.4)            ; 8.3 (8.3)                        ; 1.9 (1.9)                                         ; 0.0 (0.0)                        ; 0.0 (0.0)            ; 16 (16)             ; 0 (0)                     ; 0 (0)         ; 0                 ; 0     ; 0          ; 0    ; 0            ; |top|SOC:u0|SOC_mm_interconnect_0:mm_interconnect_0|SOC_mm_interconnect_0_router:router                                                                                                                                                                                                                                                         ; SOC_mm_interconnect_0_router              ; SOC          ;
;          |SOC_mm_interconnect_0_router_001:router_001|                                                                                  ; 0.3 (0.3)            ; 0.5 (0.5)                        ; 0.3 (0.3)                                         ; 0.0 (0.0)                        ; 0.0 (0.0)            ; 1 (1)               ; 0 (0)                     ; 0 (0)         ; 0                 ; 0     ; 0          ; 0    ; 0            ; |top|SOC:u0|SOC_mm_interconnect_0:mm_interconnect_0|SOC_mm_interconnect_0_router_001:router_001                                                                                                                                                                                                                                                 ; SOC_mm_interconnect_0_router_001          ; SOC          ;
;          |SOC_mm_interconnect_0_rsp_demux_002:rsp_demux_002|                                                                            ; 0.5 (0.5)            ; 0.5 (0.5)                        ; 0.0 (0.0)                                         ; 0.0 (0.0)                        ; 0.0 (0.0)            ; 2 (2)               ; 0 (0)                     ; 0 (0)         ; 0                 ; 0     ; 0          ; 0    ; 0            ; |top|SOC:u0|SOC_mm_interconnect_0:mm_interconnect_0|SOC_mm_interconnect_0_rsp_demux_002:rsp_demux_002                                                                                                                                                                                                                                           ; SOC_mm_interconnect_0_rsp_demux_002       ; SOC          ;
;          |SOC_mm_interconnect_0_rsp_demux_002:rsp_demux_006|                                                                            ; 0.6 (0.6)            ; 0.6 (0.6)                        ; 0.0 (0.0)                                         ; 0.0 (0.0)                        ; 0.0 (0.0)            ; 2 (2)               ; 0 (0)                     ; 0 (0)         ; 0                 ; 0     ; 0          ; 0    ; 0            ; |top|SOC:u0|SOC_mm_interconnect_0:mm_interconnect_0|SOC_mm_interconnect_0_rsp_demux_002:rsp_demux_006                                                                                                                                                                                                                                           ; SOC_mm_interconnect_0_rsp_demux_002       ; SOC          ;
;          |SOC_mm_interconnect_0_rsp_mux:rsp_mux|                                                                                        ; 34.3 (34.3)          ; 37.8 (37.8)                      ; 3.7 (3.7)                                         ; 0.2 (0.2)                        ; 0.0 (0.0)            ; 76 (76)             ; 0 (0)                     ; 0 (0)         ; 0                 ; 0     ; 0          ; 0    ; 0            ; |top|SOC:u0|SOC_mm_interconnect_0:mm_interconnect_0|SOC_mm_interconnect_0_rsp_mux:rsp_mux                                                                                                                                                                                                                                                       ; SOC_mm_interconnect_0_rsp_mux             ; SOC          ;
;          |SOC_mm_interconnect_0_rsp_mux_001:rsp_mux_001|                                                                                ; 7.5 (7.5)            ; 7.4 (7.4)                        ; 0.0 (0.0)                                         ; 0.1 (0.1)                        ; 0.0 (0.0)            ; 33 (33)             ; 0 (0)                     ; 0 (0)         ; 0                 ; 0     ; 0          ; 0    ; 0            ; |top|SOC:u0|SOC_mm_interconnect_0:mm_interconnect_0|SOC_mm_interconnect_0_rsp_mux_001:rsp_mux_001                                                                                                                                                                                                                                               ; SOC_mm_interconnect_0_rsp_mux_001         ; SOC          ;
;          |altera_avalon_sc_fifo:audio_0_avalon_audio_slave_agent_rsp_fifo|                                                              ; 1.8 (1.8)            ; 1.8 (1.8)                        ; 0.0 (0.0)                                         ; 0.0 (0.0)                        ; 0.0 (0.0)            ; 4 (4)               ; 4 (4)                     ; 0 (0)         ; 0                 ; 0     ; 0          ; 0    ; 0            ; |top|SOC:u0|SOC_mm_interconnect_0:mm_interconnect_0|altera_avalon_sc_fifo:audio_0_avalon_audio_slave_agent_rsp_fifo                                                                                                                                                                                                                             ; altera_avalon_sc_fifo                     ; SOC          ;
;          |altera_avalon_sc_fifo:audio_and_video_config_0_avalon_av_config_slave_agent_rsp_fifo|                                         ; 2.2 (2.2)            ; 2.2 (2.2)                        ; 0.0 (0.0)                                         ; 0.0 (0.0)                        ; 0.0 (0.0)            ; 4 (4)               ; 4 (4)                     ; 0 (0)         ; 0                 ; 0     ; 0          ; 0    ; 0            ; |top|SOC:u0|SOC_mm_interconnect_0:mm_interconnect_0|altera_avalon_sc_fifo:audio_and_video_config_0_avalon_av_config_slave_agent_rsp_fifo                                                                                                                                                                                                        ; altera_avalon_sc_fifo                     ; SOC          ;
;          |altera_avalon_sc_fifo:fifo_in_agent_rsp_fifo|                                                                                 ; 2.7 (2.7)            ; 2.7 (2.7)                        ; 0.0 (0.0)                                         ; 0.0 (0.0)                        ; 0.0 (0.0)            ; 4 (4)               ; 5 (5)                     ; 0 (0)         ; 0                 ; 0     ; 0          ; 0    ; 0            ; |top|SOC:u0|SOC_mm_interconnect_0:mm_interconnect_0|altera_avalon_sc_fifo:fifo_in_agent_rsp_fifo                                                                                                                                                                                                                                                ; altera_avalon_sc_fifo                     ; SOC          ;
;          |altera_avalon_sc_fifo:fifo_in_csr_agent_rsp_fifo|                                                                             ; 2.7 (2.7)            ; 2.7 (2.7)                        ; 0.0 (0.0)                                         ; 0.0 (0.0)                        ; 0.0 (0.0)            ; 4 (4)               ; 5 (5)                     ; 0 (0)         ; 0                 ; 0     ; 0          ; 0    ; 0            ; |top|SOC:u0|SOC_mm_interconnect_0:mm_interconnect_0|altera_avalon_sc_fifo:fifo_in_csr_agent_rsp_fifo                                                                                                                                                                                                                                            ; altera_avalon_sc_fifo                     ; SOC          ;
;          |altera_avalon_sc_fifo:fifo_out_agent_rsp_fifo|                                                                                ; 3.7 (3.7)            ; 3.7 (3.7)                        ; 0.0 (0.0)                                         ; 0.0 (0.0)                        ; 0.0 (0.0)            ; 6 (6)               ; 4 (4)                     ; 0 (0)         ; 0                 ; 0     ; 0          ; 0    ; 0            ; |top|SOC:u0|SOC_mm_interconnect_0:mm_interconnect_0|altera_avalon_sc_fifo:fifo_out_agent_rsp_fifo                                                                                                                                                                                                                                               ; altera_avalon_sc_fifo                     ; SOC          ;
;          |altera_avalon_sc_fifo:nios_debug_mem_slave_agent_rsp_fifo|                                                                    ; 4.7 (4.7)            ; 4.8 (4.8)                        ; 0.2 (0.2)                                         ; 0.0 (0.0)                        ; 0.0 (0.0)            ; 7 (7)               ; 8 (8)                     ; 0 (0)         ; 0                 ; 0     ; 0          ; 0    ; 0            ; |top|SOC:u0|SOC_mm_interconnect_0:mm_interconnect_0|altera_avalon_sc_fifo:nios_debug_mem_slave_agent_rsp_fifo                                                                                                                                                                                                                                   ; altera_avalon_sc_fifo                     ; SOC          ;
;          |altera_avalon_sc_fifo:ram_s1_agent_rsp_fifo|                                                                                  ; 4.6 (4.6)            ; 4.8 (4.8)                        ; 0.3 (0.3)                                         ; 0.0 (0.0)                        ; 0.0 (0.0)            ; 6 (6)               ; 8 (8)                     ; 0 (0)         ; 0                 ; 0     ; 0          ; 0    ; 0            ; |top|SOC:u0|SOC_mm_interconnect_0:mm_interconnect_0|altera_avalon_sc_fifo:ram_s1_agent_rsp_fifo                                                                                                                                                                                                                                                 ; altera_avalon_sc_fifo                     ; SOC          ;
;          |altera_merlin_master_agent:nios_data_master_agent|                                                                            ; 1.3 (1.3)            ; 2.5 (2.5)                        ; 1.2 (1.2)                                         ; 0.0 (0.0)                        ; 0.0 (0.0)            ; 5 (5)               ; 1 (1)                     ; 0 (0)         ; 0                 ; 0     ; 0          ; 0    ; 0            ; |top|SOC:u0|SOC_mm_interconnect_0:mm_interconnect_0|altera_merlin_master_agent:nios_data_master_agent                                                                                                                                                                                                                                           ; altera_merlin_master_agent                ; SOC          ;
;          |altera_merlin_slave_agent:audio_and_video_config_0_avalon_av_config_slave_agent|                                              ; 1.3 (1.3)            ; 1.3 (1.3)                        ; 0.0 (0.0)                                         ; 0.0 (0.0)                        ; 0.0 (0.0)            ; 2 (2)               ; 0 (0)                     ; 0 (0)         ; 0                 ; 0     ; 0          ; 0    ; 0            ; |top|SOC:u0|SOC_mm_interconnect_0:mm_interconnect_0|altera_merlin_slave_agent:audio_and_video_config_0_avalon_av_config_slave_agent                                                                                                                                                                                                             ; altera_merlin_slave_agent                 ; SOC          ;
;          |altera_merlin_slave_agent:fifo_in_csr_agent|                                                                                  ; 0.5 (0.5)            ; 0.5 (0.5)                        ; 0.0 (0.0)                                         ; 0.0 (0.0)                        ; 0.0 (0.0)            ; 1 (1)               ; 0 (0)                     ; 0 (0)         ; 0                 ; 0     ; 0          ; 0    ; 0            ; |top|SOC:u0|SOC_mm_interconnect_0:mm_interconnect_0|altera_merlin_slave_agent:fifo_in_csr_agent                                                                                                                                                                                                                                                 ; altera_merlin_slave_agent                 ; SOC          ;
;          |altera_merlin_slave_agent:fifo_out_agent|                                                                                     ; 0.5 (0.5)            ; 0.5 (0.5)                        ; 0.0 (0.0)                                         ; 0.0 (0.0)                        ; 0.0 (0.0)            ; 1 (1)               ; 0 (0)                     ; 0 (0)         ; 0                 ; 0     ; 0          ; 0    ; 0            ; |top|SOC:u0|SOC_mm_interconnect_0:mm_interconnect_0|altera_merlin_slave_agent:fifo_out_agent                                                                                                                                                                                                                                                    ; altera_merlin_slave_agent                 ; SOC          ;
;          |altera_merlin_slave_agent:nios_debug_mem_slave_agent|                                                                         ; 0.7 (0.7)            ; 1.0 (1.0)                        ; 0.3 (0.3)                                         ; 0.0 (0.0)                        ; 0.0 (0.0)            ; 1 (1)               ; 0 (0)                     ; 0 (0)         ; 0                 ; 0     ; 0          ; 0    ; 0            ; |top|SOC:u0|SOC_mm_interconnect_0:mm_interconnect_0|altera_merlin_slave_agent:nios_debug_mem_slave_agent                                                                                                                                                                                                                                        ; altera_merlin_slave_agent                 ; SOC          ;
;          |altera_merlin_slave_agent:ram_s1_agent|                                                                                       ; 1.0 (1.0)            ; 1.0 (1.0)                        ; 0.0 (0.0)                                         ; 0.0 (0.0)                        ; 0.0 (0.0)            ; 1 (1)               ; 0 (0)                     ; 0 (0)         ; 0                 ; 0     ; 0          ; 0    ; 0            ; |top|SOC:u0|SOC_mm_interconnect_0:mm_interconnect_0|altera_merlin_slave_agent:ram_s1_agent                                                                                                                                                                                                                                                      ; altera_merlin_slave_agent                 ; SOC          ;
;          |altera_merlin_slave_translator:audio_0_avalon_audio_slave_translator|                                                         ; 1.5 (1.5)            ; 1.5 (1.5)                        ; 0.0 (0.0)                                         ; 0.0 (0.0)                        ; 0.0 (0.0)            ; 2 (2)               ; 1 (1)                     ; 0 (0)         ; 0                 ; 0     ; 0          ; 0    ; 0            ; |top|SOC:u0|SOC_mm_interconnect_0:mm_interconnect_0|altera_merlin_slave_translator:audio_0_avalon_audio_slave_translator                                                                                                                                                                                                                        ; altera_merlin_slave_translator            ; SOC          ;
;          |altera_merlin_slave_translator:audio_and_video_config_0_avalon_av_config_slave_translator|                                    ; 1.2 (1.2)            ; 1.5 (1.5)                        ; 0.3 (0.3)                                         ; 0.0 (0.0)                        ; 0.0 (0.0)            ; 2 (2)               ; 1 (1)                     ; 0 (0)         ; 0                 ; 0     ; 0          ; 0    ; 0            ; |top|SOC:u0|SOC_mm_interconnect_0:mm_interconnect_0|altera_merlin_slave_translator:audio_and_video_config_0_avalon_av_config_slave_translator                                                                                                                                                                                                   ; altera_merlin_slave_translator            ; SOC          ;
;          |altera_merlin_slave_translator:fifo_in_csr_translator|                                                                        ; 6.9 (6.9)            ; 6.8 (6.8)                        ; 0.0 (0.0)                                         ; 0.1 (0.1)                        ; 0.0 (0.0)            ; 8 (8)               ; 14 (14)                   ; 0 (0)         ; 0                 ; 0     ; 0          ; 0    ; 0            ; |top|SOC:u0|SOC_mm_interconnect_0:mm_interconnect_0|altera_merlin_slave_translator:fifo_in_csr_translator                                                                                                                                                                                                                                       ; altera_merlin_slave_translator            ; SOC          ;
;          |altera_merlin_slave_translator:fifo_in_translator|                                                                            ; 0.7 (0.7)            ; 1.3 (1.3)                        ; 0.7 (0.7)                                         ; 0.0 (0.0)                        ; 0.0 (0.0)            ; 3 (3)               ; 2 (2)                     ; 0 (0)         ; 0                 ; 0     ; 0          ; 0    ; 0            ; |top|SOC:u0|SOC_mm_interconnect_0:mm_interconnect_0|altera_merlin_slave_translator:fifo_in_translator                                                                                                                                                                                                                                           ; altera_merlin_slave_translator            ; SOC          ;
;          |altera_merlin_slave_translator:fifo_out_translator|                                                                           ; 0.7 (0.7)            ; 0.8 (0.8)                        ; 0.1 (0.1)                                         ; 0.0 (0.0)                        ; 0.0 (0.0)            ; 1 (1)               ; 1 (1)                     ; 0 (0)         ; 0                 ; 0     ; 0          ; 0    ; 0            ; |top|SOC:u0|SOC_mm_interconnect_0:mm_interconnect_0|altera_merlin_slave_translator:fifo_out_translator                                                                                                                                                                                                                                          ; altera_merlin_slave_translator            ; SOC          ;
;          |altera_merlin_slave_translator:nios_debug_mem_slave_translator|                                                               ; 4.4 (4.4)            ; 13.2 (13.2)                      ; 8.7 (8.7)                                         ; 0.0 (0.0)                        ; 0.0 (0.0)            ; 1 (1)               ; 33 (33)                   ; 0 (0)         ; 0                 ; 0     ; 0          ; 0    ; 0            ; |top|SOC:u0|SOC_mm_interconnect_0:mm_interconnect_0|altera_merlin_slave_translator:nios_debug_mem_slave_translator                                                                                                                                                                                                                              ; altera_merlin_slave_translator            ; SOC          ;
;          |altera_merlin_slave_translator:ram_s1_translator|                                                                             ; 0.6 (0.6)            ; 0.8 (0.8)                        ; 0.3 (0.3)                                         ; 0.0 (0.0)                        ; 0.0 (0.0)            ; 2 (2)               ; 1 (1)                     ; 0 (0)         ; 0                 ; 0     ; 0          ; 0    ; 0            ; |top|SOC:u0|SOC_mm_interconnect_0:mm_interconnect_0|altera_merlin_slave_translator:ram_s1_translator                                                                                                                                                                                                                                            ; altera_merlin_slave_translator            ; SOC          ;
;          |altera_merlin_traffic_limiter:nios_data_master_limiter|                                                                       ; 8.6 (8.6)            ; 8.6 (8.6)                        ; 0.0 (0.0)                                         ; 0.0 (0.0)                        ; 0.0 (0.0)            ; 13 (13)             ; 11 (11)                   ; 0 (0)         ; 0                 ; 0     ; 0          ; 0    ; 0            ; |top|SOC:u0|SOC_mm_interconnect_0:mm_interconnect_0|altera_merlin_traffic_limiter:nios_data_master_limiter                                                                                                                                                                                                                                      ; altera_merlin_traffic_limiter             ; SOC          ;
;          |altera_merlin_traffic_limiter:nios_instruction_master_limiter|                                                                ; 4.4 (4.4)            ; 4.5 (4.5)                        ; 0.1 (0.1)                                         ; 0.0 (0.0)                        ; 0.0 (0.0)            ; 8 (8)               ; 4 (4)                     ; 0 (0)         ; 0                 ; 0     ; 0          ; 0    ; 0            ; |top|SOC:u0|SOC_mm_interconnect_0:mm_interconnect_0|altera_merlin_traffic_limiter:nios_instruction_master_limiter                                                                                                                                                                                                                               ; altera_merlin_traffic_limiter             ; SOC          ;
;       |altera_reset_controller:rst_controller|                                                                                          ; 3.0 (2.3)            ; 8.5 (5.2)                        ; 5.5 (2.8)                                         ; 0.0 (0.0)                        ; 0.0 (0.0)            ; 7 (5)               ; 16 (10)                   ; 0 (0)         ; 0                 ; 0     ; 0          ; 0    ; 0            ; |top|SOC:u0|altera_reset_controller:rst_controller                                                                                                                                                                                                                                                                                              ; altera_reset_controller                   ; SOC          ;
;          |altera_reset_synchronizer:alt_rst_req_sync_uq1|                                                                               ; 0.7 (0.7)            ; 1.8 (1.8)                        ; 1.2 (1.2)                                         ; 0.0 (0.0)                        ; 0.0 (0.0)            ; 1 (1)               ; 3 (3)                     ; 0 (0)         ; 0                 ; 0     ; 0          ; 0    ; 0            ; |top|SOC:u0|altera_reset_controller:rst_controller|altera_reset_synchronizer:alt_rst_req_sync_uq1                                                                                                                                                                                                                                               ; altera_reset_synchronizer                 ; SOC          ;
;          |altera_reset_synchronizer:alt_rst_sync_uq1|                                                                                   ; 0.0 (0.0)            ; 1.5 (1.5)                        ; 1.5 (1.5)                                         ; 0.0 (0.0)                        ; 0.0 (0.0)            ; 1 (1)               ; 3 (3)                     ; 0 (0)         ; 0                 ; 0     ; 0          ; 0    ; 0            ; |top|SOC:u0|altera_reset_controller:rst_controller|altera_reset_synchronizer:alt_rst_sync_uq1                                                                                                                                                                                                                                                   ; altera_reset_synchronizer                 ; SOC          ;
;    |pzdyqx:nabboc|                                                                                                                      ; 62.0 (0.0)           ; 73.5 (0.0)                       ; 11.5 (0.0)                                        ; 0.0 (0.0)                        ; 0.0 (0.0)            ; 94 (0)              ; 76 (0)                    ; 0 (0)         ; 0                 ; 0     ; 0          ; 0    ; 0            ; |top|pzdyqx:nabboc                                                                                                                                                                                                                                                                                                                              ; pzdyqx                                    ; work         ;
;       |pzdyqx_impl:pzdyqx_impl_inst|                                                                                                    ; 62.0 (6.5)           ; 73.5 (7.5)                       ; 11.5 (1.0)                                        ; 0.0 (0.0)                        ; 0.0 (0.0)            ; 94 (12)             ; 76 (9)                    ; 0 (0)         ; 0                 ; 0     ; 0          ; 0    ; 0            ; |top|pzdyqx:nabboc|pzdyqx_impl:pzdyqx_impl_inst                                                                                                                                                                                                                                                                                                 ; pzdyqx_impl                               ; work         ;
;          |GHVD5181:\stratixiii_BITP7563_gen_0:stratixiii_BITP7563_gen_1|                                                                ; 28.0 (11.8)          ; 33.0 (15.3)                      ; 5.0 (3.5)                                         ; 0.0 (0.0)                        ; 0.0 (0.0)            ; 49 (24)             ; 29 (8)                    ; 0 (0)         ; 0                 ; 0     ; 0          ; 0    ; 0            ; |top|pzdyqx:nabboc|pzdyqx_impl:pzdyqx_impl_inst|GHVD5181:\stratixiii_BITP7563_gen_0:stratixiii_BITP7563_gen_1                                                                                                                                                                                                                                   ; GHVD5181                                  ; work         ;
;             |LQYT7093:MBPH5020|                                                                                                         ; 16.2 (16.2)          ; 17.7 (17.7)                      ; 1.5 (1.5)                                         ; 0.0 (0.0)                        ; 0.0 (0.0)            ; 25 (25)             ; 21 (21)                   ; 0 (0)         ; 0                 ; 0     ; 0          ; 0    ; 0            ; |top|pzdyqx:nabboc|pzdyqx_impl:pzdyqx_impl_inst|GHVD5181:\stratixiii_BITP7563_gen_0:stratixiii_BITP7563_gen_1|LQYT7093:MBPH5020                                                                                                                                                                                                                 ; LQYT7093                                  ; work         ;
;          |KIFI3548:TPOO7242|                                                                                                            ; 6.8 (6.8)            ; 7.5 (7.5)                        ; 0.7 (0.7)                                         ; 0.0 (0.0)                        ; 0.0 (0.0)            ; 1 (1)               ; 13 (13)                   ; 0 (0)         ; 0                 ; 0     ; 0          ; 0    ; 0            ; |top|pzdyqx:nabboc|pzdyqx_impl:pzdyqx_impl_inst|KIFI3548:TPOO7242                                                                                                                                                                                                                                                                               ; KIFI3548                                  ; work         ;
;          |LQYT7093:LRYQ7721|                                                                                                            ; 11.2 (11.2)          ; 15.5 (15.5)                      ; 4.3 (4.3)                                         ; 0.0 (0.0)                        ; 0.0 (0.0)            ; 18 (18)             ; 16 (16)                   ; 0 (0)         ; 0                 ; 0     ; 0          ; 0    ; 0            ; |top|pzdyqx:nabboc|pzdyqx_impl:pzdyqx_impl_inst|LQYT7093:LRYQ7721                                                                                                                                                                                                                                                                               ; LQYT7093                                  ; work         ;
;          |PUDL0439:ESUL0435|                                                                                                            ; 9.5 (9.5)            ; 10.0 (10.0)                      ; 0.5 (0.5)                                         ; 0.0 (0.0)                        ; 0.0 (0.0)            ; 14 (14)             ; 9 (9)                     ; 0 (0)         ; 0                 ; 0     ; 0          ; 0    ; 0            ; |top|pzdyqx:nabboc|pzdyqx_impl:pzdyqx_impl_inst|PUDL0439:ESUL0435                                                                                                                                                                                                                                                                               ; PUDL0439                                  ; work         ;
;    |sld_hub:auto_hub|                                                                                                                   ; 71.0 (0.5)           ; 83.5 (0.5)                       ; 12.5 (0.0)                                        ; 0.0 (0.0)                        ; 0.0 (0.0)            ; 118 (1)             ; 99 (0)                    ; 0 (0)         ; 0                 ; 0     ; 0          ; 0    ; 0            ; |top|sld_hub:auto_hub                                                                                                                                                                                                                                                                                                                           ; sld_hub                                   ; altera_sld   ;
;       |alt_sld_fab_with_jtag_input:\instrumentation_fabric_with_node_gen:fabric_gen_new_way:with_jtag_input_gen:instrumentation_fabric| ; 70.5 (0.0)           ; 83.0 (0.0)                       ; 12.5 (0.0)                                        ; 0.0 (0.0)                        ; 0.0 (0.0)            ; 117 (0)             ; 99 (0)                    ; 0 (0)         ; 0                 ; 0     ; 0          ; 0    ; 0            ; |top|sld_hub:auto_hub|alt_sld_fab_with_jtag_input:\instrumentation_fabric_with_node_gen:fabric_gen_new_way:with_jtag_input_gen:instrumentation_fabric                                                                                                                                                                                           ; alt_sld_fab_with_jtag_input               ; altera_sld   ;
;          |alt_sld_fab:instrumentation_fabric|                                                                                           ; 70.5 (0.0)           ; 83.0 (0.0)                       ; 12.5 (0.0)                                        ; 0.0 (0.0)                        ; 0.0 (0.0)            ; 117 (0)             ; 99 (0)                    ; 0 (0)         ; 0                 ; 0     ; 0          ; 0    ; 0            ; |top|sld_hub:auto_hub|alt_sld_fab_with_jtag_input:\instrumentation_fabric_with_node_gen:fabric_gen_new_way:with_jtag_input_gen:instrumentation_fabric|alt_sld_fab:instrumentation_fabric                                                                                                                                                        ; alt_sld_fab                               ; alt_sld_fab  ;
;             |alt_sld_fab_alt_sld_fab:alt_sld_fab|                                                                                       ; 70.5 (1.5)           ; 83.0 (2.5)                       ; 12.5 (1.0)                                        ; 0.0 (0.0)                        ; 0.0 (0.0)            ; 117 (1)             ; 99 (6)                    ; 0 (0)         ; 0                 ; 0     ; 0          ; 0    ; 0            ; |top|sld_hub:auto_hub|alt_sld_fab_with_jtag_input:\instrumentation_fabric_with_node_gen:fabric_gen_new_way:with_jtag_input_gen:instrumentation_fabric|alt_sld_fab:instrumentation_fabric|alt_sld_fab_alt_sld_fab:alt_sld_fab                                                                                                                    ; alt_sld_fab_alt_sld_fab                   ; alt_sld_fab  ;
;                |alt_sld_fab_alt_sld_fab_sldfabric:sldfabric|                                                                            ; 69.0 (0.0)           ; 80.5 (0.0)                       ; 11.5 (0.0)                                        ; 0.0 (0.0)                        ; 0.0 (0.0)            ; 116 (0)             ; 93 (0)                    ; 0 (0)         ; 0                 ; 0     ; 0          ; 0    ; 0            ; |top|sld_hub:auto_hub|alt_sld_fab_with_jtag_input:\instrumentation_fabric_with_node_gen:fabric_gen_new_way:with_jtag_input_gen:instrumentation_fabric|alt_sld_fab:instrumentation_fabric|alt_sld_fab_alt_sld_fab:alt_sld_fab|alt_sld_fab_alt_sld_fab_sldfabric:sldfabric                                                                        ; alt_sld_fab_alt_sld_fab_sldfabric         ; alt_sld_fab  ;
;                   |sld_jtag_hub:\jtag_hub_gen:real_sld_jtag_hub|                                                                        ; 69.0 (46.4)          ; 80.5 (53.8)                      ; 11.5 (7.4)                                        ; 0.0 (0.0)                        ; 0.0 (0.0)            ; 116 (79)            ; 93 (60)                   ; 0 (0)         ; 0                 ; 0     ; 0          ; 0    ; 0            ; |top|sld_hub:auto_hub|alt_sld_fab_with_jtag_input:\instrumentation_fabric_with_node_gen:fabric_gen_new_way:with_jtag_input_gen:instrumentation_fabric|alt_sld_fab:instrumentation_fabric|alt_sld_fab_alt_sld_fab:alt_sld_fab|alt_sld_fab_alt_sld_fab_sldfabric:sldfabric|sld_jtag_hub:\jtag_hub_gen:real_sld_jtag_hub                           ; sld_jtag_hub                              ; work         ;
;                      |sld_rom_sr:hub_info_reg|                                                                                          ; 11.5 (11.5)          ; 13.4 (13.4)                      ; 1.9 (1.9)                                         ; 0.0 (0.0)                        ; 0.0 (0.0)            ; 18 (18)             ; 14 (14)                   ; 0 (0)         ; 0                 ; 0     ; 0          ; 0    ; 0            ; |top|sld_hub:auto_hub|alt_sld_fab_with_jtag_input:\instrumentation_fabric_with_node_gen:fabric_gen_new_way:with_jtag_input_gen:instrumentation_fabric|alt_sld_fab:instrumentation_fabric|alt_sld_fab_alt_sld_fab:alt_sld_fab|alt_sld_fab_alt_sld_fab_sldfabric:sldfabric|sld_jtag_hub:\jtag_hub_gen:real_sld_jtag_hub|sld_rom_sr:hub_info_reg   ; sld_rom_sr                                ; work         ;
;                      |sld_shadow_jsm:shadow_jsm|                                                                                        ; 11.1 (11.1)          ; 13.2 (13.2)                      ; 2.2 (2.2)                                         ; 0.0 (0.0)                        ; 0.0 (0.0)            ; 19 (19)             ; 19 (19)                   ; 0 (0)         ; 0                 ; 0     ; 0          ; 0    ; 0            ; |top|sld_hub:auto_hub|alt_sld_fab_with_jtag_input:\instrumentation_fabric_with_node_gen:fabric_gen_new_way:with_jtag_input_gen:instrumentation_fabric|alt_sld_fab:instrumentation_fabric|alt_sld_fab_alt_sld_fab:alt_sld_fab|alt_sld_fab_alt_sld_fab_sldfabric:sldfabric|sld_jtag_hub:\jtag_hub_gen:real_sld_jtag_hub|sld_shadow_jsm:shadow_jsm ; sld_shadow_jsm                            ; altera_sld   ;
+-----------------------------------------------------------------------------------------------------------------------------------------+----------------------+----------------------------------+---------------------------------------------------+----------------------------------+----------------------+---------------------+---------------------------+---------------+-------------------+-------+------------+------+--------------+-------------------------------------------------------------------------------------------------------------------------------------------------------------------------------------------------------------------------------------------------------------------------------------------------------------------------------------------------+-------------------------------------------+--------------+
Note: For table entries with two numbers listed, the numbers in parentheses indicate the number of resources of the given type used by the specific entity alone. The numbers listed outside of parentheses indicate the total resources of the given type used by the specific entity and all of its sub-entities in the hierarchy.


+-----------------------------------------------------------------------------------------------------------------------------+
; Delay Chain Summary                                                                                                         ;
+--------------+----------+----+------+------+----+------+-------+--------+------------------------+--------------------------+
; Name         ; Pin Type ; D1 ; D3_0 ; D3_1 ; D4 ; D5   ; D5 OE ; D5 OCT ; T11 (Postamble Gating) ; T11 (Postamble Ungating) ;
+--------------+----------+----+------+------+----+------+-------+--------+------------------------+--------------------------+
; KEY[1]       ; Input    ; -- ; --   ; --   ; -- ; --   ; --    ; --     ; --                     ; --                       ;
; KEY[2]       ; Input    ; -- ; --   ; --   ; -- ; --   ; --    ; --     ; --                     ; --                       ;
; KEY[3]       ; Input    ; -- ; --   ; --   ; -- ; --   ; --    ; --     ; --                     ; --                       ;
; AUD_I2C_SCLK ; Output   ; -- ; --   ; --   ; -- ; (0)  ; (31)  ; --     ; --                     ; --                       ;
; AUD_DACDAT   ; Output   ; -- ; --   ; --   ; -- ; (0)  ; (31)  ; --     ; --                     ; --                       ;
; AUD_I2C_SDAT ; Bidir    ; -- ; (0)  ; --   ; -- ; (0)  ; (31)  ; --     ; --                     ; --                       ;
; AUD_ADCLRCK  ; Bidir    ; -- ; (0)  ; --   ; -- ; (0)  ; (31)  ; --     ; --                     ; --                       ;
; AUD_DACLRCK  ; Bidir    ; -- ; --   ; (0)  ; -- ; (0)  ; (31)  ; --     ; --                     ; --                       ;
; AUD_BCLK     ; Bidir    ; -- ; --   ; (0)  ; -- ; (0)  ; (31)  ; --     ; --                     ; --                       ;
; CLOCK_50     ; Input    ; -- ; (0)  ; --   ; -- ; --   ; --    ; --     ; --                     ; --                       ;
; KEY[0]       ; Input    ; -- ; (0)  ; --   ; -- ; --   ; --    ; --     ; --                     ; --                       ;
; AUD_ADCDAT   ; Input    ; -- ; --   ; (0)  ; -- ; --   ; --    ; --     ; --                     ; --                       ;
+--------------+----------+----+------+------+----+------+-------+--------+------------------------+--------------------------+


+------------------------------------------------------------------------------------------------------------------------------------------------------------------------------+
; Pad To Core Delay Chain Fanout                                                                                                                                               ;
+------------------------------------------------------------------------------------------------------------------------------------------------+-------------------+---------+
; Source Pin / Fanout                                                                                                                            ; Pad To Core Index ; Setting ;
+------------------------------------------------------------------------------------------------------------------------------------------------+-------------------+---------+
; KEY[1]                                                                                                                                         ;                   ;         ;
; KEY[2]                                                                                                                                         ;                   ;         ;
; KEY[3]                                                                                                                                         ;                   ;         ;
; AUD_I2C_SDAT                                                                                                                                   ;                   ;         ;
;      - SOC:u0|SOC_audio_and_video_config_0:audio_and_video_config_0|altera_up_av_config_serial_bus_controller:Serial_Bus_Controller|new_data~0 ; 0                 ; 0       ;
; AUD_ADCLRCK                                                                                                                                    ;                   ;         ;
;      - SOC:u0|SOC_audio_0:audio_0|altera_up_clock_edge:ADC_Left_Right_Clock_Edges|cur_test_clk~feeder                                          ; 0                 ; 0       ;
; AUD_DACLRCK                                                                                                                                    ;                   ;         ;
;      - SOC:u0|SOC_audio_0:audio_0|altera_up_clock_edge:DAC_Left_Right_Clock_Edges|cur_test_clk                                                 ; 1                 ; 0       ;
; AUD_BCLK                                                                                                                                       ;                   ;         ;
;      - SOC:u0|SOC_audio_0:audio_0|altera_up_clock_edge:Bit_Clock_Edges|cur_test_clk~feeder                                                     ; 1                 ; 0       ;
; CLOCK_50                                                                                                                                       ;                   ;         ;
; KEY[0]                                                                                                                                         ;                   ;         ;
;      - SOC:u0|altera_reset_controller:rst_controller|altera_reset_synchronizer:alt_rst_sync_uq1|altera_reset_synchronizer_int_chain_out        ; 0                 ; 0       ;
;      - SOC:u0|altera_reset_controller:rst_controller|altera_reset_synchronizer:alt_rst_sync_uq1|altera_reset_synchronizer_int_chain[0]         ; 0                 ; 0       ;
;      - SOC:u0|altera_reset_controller:rst_controller|altera_reset_synchronizer:alt_rst_sync_uq1|altera_reset_synchronizer_int_chain[1]         ; 0                 ; 0       ;
; AUD_ADCDAT                                                                                                                                     ;                   ;         ;
;      - SOC:u0|SOC_audio_0:audio_0|altera_up_audio_in_deserializer:Audio_In_Deserializer|data_in_shift_reg[0]~feeder                            ; 1                 ; 0       ;
+------------------------------------------------------------------------------------------------------------------------------------------------+-------------------+---------+


+---------------------------------------------------------------------------------------------------------------------------------------------------------------------------------------------------------------------------------------------------------------------------------------------------------------------------------------------------------------------------------------------------------------------------------------------------------------------------------------------------------------------------------+
; Control Signals                                                                                                                                                                                                                                                                                                                                                                                                                                                                                                                 ;
+------------------------------------------------------------------------------------------------------------------------------------------------------------------------------------------------------------------------------------------------------------------------------------------------------------------------------------------------------------+----------------------+---------+----------------------------------------------------+--------+----------------------+------------------+---------------------------+
; Name                                                                                                                                                                                                                                                                                                                                                       ; Location             ; Fan-Out ; Usage                                              ; Global ; Global Resource Used ; Global Line Name ; Enable Signal Source Name ;
+------------------------------------------------------------------------------------------------------------------------------------------------------------------------------------------------------------------------------------------------------------------------------------------------------------------------------------------------------------+----------------------+---------+----------------------------------------------------+--------+----------------------+------------------+---------------------------+
; CLOCK_50                                                                                                                                                                                                                                                                                                                                                   ; PIN_N16              ; 2146    ; Clock                                              ; yes    ; Global Clock         ; GCLK9            ; --                        ;
; KEY[0]                                                                                                                                                                                                                                                                                                                                                     ; PIN_V6               ; 3       ; Async. clear                                       ; no     ; --                   ; --               ; --                        ;
; SOC:u0|SOC_FIFO:fifo|SOC_FIFO_scfifo_with_controls:the_scfifo_with_controls|SOC_FIFO_single_clock_fifo:the_scfifo|scfifo:single_clock_fifo|scfifo_h6a1:auto_generated|a_dpfifo_oca1:dpfifo|a_fefifo_jaf:fifo_state|_~0                                                                                                                                     ; LABCELL_X22_Y4_N48   ; 10      ; Clock enable                                       ; no     ; --                   ; --               ; --                        ;
; SOC:u0|SOC_FIFO:fifo|SOC_FIFO_scfifo_with_controls:the_scfifo_with_controls|SOC_FIFO_single_clock_fifo:the_scfifo|scfifo:single_clock_fifo|scfifo_h6a1:auto_generated|a_dpfifo_oca1:dpfifo|a_fefifo_jaf:fifo_state|valid_wreq~2                                                                                                                            ; LABCELL_X24_Y4_N6    ; 23      ; Clock enable, Write enable                         ; no     ; --                   ; --               ; --                        ;
; SOC:u0|SOC_FIFO:fifo|SOC_FIFO_scfifo_with_controls:the_scfifo_with_controls|always4~2                                                                                                                                                                                                                                                                      ; LABCELL_X22_Y3_N54   ; 10      ; Clock enable                                       ; no     ; --                   ; --               ; --                        ;
; SOC:u0|SOC_FIFO:fifo|SOC_FIFO_scfifo_with_controls:the_scfifo_with_controls|always5~0                                                                                                                                                                                                                                                                      ; MLABCELL_X21_Y3_N21  ; 11      ; Clock enable                                       ; no     ; --                   ; --               ; --                        ;
; SOC:u0|SOC_FIFO:fifo|SOC_FIFO_scfifo_with_controls:the_scfifo_with_controls|always6~0                                                                                                                                                                                                                                                                      ; LABCELL_X17_Y5_N12   ; 7       ; Clock enable                                       ; no     ; --                   ; --               ; --                        ;
; SOC:u0|SOC_NIOS:nios|SOC_NIOS_cpu:cpu|A_dc_rd_addr_cnt[2]~0                                                                                                                                                                                                                                                                                                ; LABCELL_X29_Y5_N6    ; 4       ; Clock enable                                       ; no     ; --                   ; --               ; --                        ;
; SOC:u0|SOC_NIOS:nios|SOC_NIOS_cpu:cpu|A_dc_rd_data_cnt[3]~0                                                                                                                                                                                                                                                                                                ; LABCELL_X31_Y3_N51   ; 4       ; Clock enable                                       ; no     ; --                   ; --               ; --                        ;
; SOC:u0|SOC_NIOS:nios|SOC_NIOS_cpu:cpu|A_dc_rd_data_cnt[3]~1                                                                                                                                                                                                                                                                                                ; LABCELL_X31_Y3_N54   ; 5       ; Clock enable                                       ; no     ; --                   ; --               ; --                        ;
; SOC:u0|SOC_NIOS:nios|SOC_NIOS_cpu:cpu|A_dc_wr_data_cnt[1]~0                                                                                                                                                                                                                                                                                                ; LABCELL_X29_Y5_N51   ; 4       ; Clock enable                                       ; no     ; --                   ; --               ; --                        ;
; SOC:u0|SOC_NIOS:nios|SOC_NIOS_cpu:cpu|A_dc_xfer_rd_data_starting                                                                                                                                                                                                                                                                                           ; FF_X34_Y4_N23        ; 11      ; Clock enable                                       ; no     ; --                   ; --               ; --                        ;
; SOC:u0|SOC_NIOS:nios|SOC_NIOS_cpu:cpu|A_dc_xfer_wr_active                                                                                                                                                                                                                                                                                                  ; FF_X28_Y7_N40        ; 1       ; Write enable                                       ; no     ; --                   ; --               ; --                        ;
; SOC:u0|SOC_NIOS:nios|SOC_NIOS_cpu:cpu|A_exc_active_no_break                                                                                                                                                                                                                                                                                                ; LABCELL_X35_Y6_N21   ; 4       ; Clock enable                                       ; no     ; --                   ; --               ; --                        ;
; SOC:u0|SOC_NIOS:nios|SOC_NIOS_cpu:cpu|A_inst_result[16]~2                                                                                                                                                                                                                                                                                                  ; LABCELL_X40_Y4_N33   ; 20      ; Sync. clear                                        ; no     ; --                   ; --               ; --                        ;
; SOC:u0|SOC_NIOS:nios|SOC_NIOS_cpu:cpu|A_inst_result[7]~3                                                                                                                                                                                                                                                                                                   ; MLABCELL_X39_Y5_N9   ; 10      ; Sync. clear                                        ; no     ; --                   ; --               ; --                        ;
; SOC:u0|SOC_NIOS:nios|SOC_NIOS_cpu:cpu|A_ld_align_byte2_byte3_fill                                                                                                                                                                                                                                                                                          ; FF_X40_Y4_N20        ; 32      ; Sync. load                                         ; no     ; --                   ; --               ; --                        ;
; SOC:u0|SOC_NIOS:nios|SOC_NIOS_cpu:cpu|A_mem_stall                                                                                                                                                                                                                                                                                                          ; FF_X31_Y4_N14        ; 793     ; Clock enable, Sync. clear                          ; no     ; --                   ; --               ; --                        ;
; SOC:u0|SOC_NIOS:nios|SOC_NIOS_cpu:cpu|A_pipe_flush_waddr[7]~0                                                                                                                                                                                                                                                                                              ; LABCELL_X35_Y7_N39   ; 11      ; Sync. clear                                        ; no     ; --                   ; --               ; --                        ;
; SOC:u0|SOC_NIOS:nios|SOC_NIOS_cpu:cpu|A_slow_inst_result_en~0                                                                                                                                                                                                                                                                                              ; LABCELL_X31_Y3_N27   ; 32      ; Clock enable                                       ; no     ; --                   ; --               ; --                        ;
; SOC:u0|SOC_NIOS:nios|SOC_NIOS_cpu:cpu|A_wr_dst_reg~0                                                                                                                                                                                                                                                                                                       ; LABCELL_X42_Y10_N45  ; 4       ; Write enable                                       ; no     ; --                   ; --               ; --                        ;
; SOC:u0|SOC_NIOS:nios|SOC_NIOS_cpu:cpu|Add10~1                                                                                                                                                                                                                                                                                                              ; LABCELL_X51_Y4_N54   ; 32      ; Sync. load                                         ; no     ; --                   ; --               ; --                        ;
; SOC:u0|SOC_NIOS:nios|SOC_NIOS_cpu:cpu|D_br_pred_not_taken                                                                                                                                                                                                                                                                                                  ; LABCELL_X40_Y9_N21   ; 16      ; Sync. load                                         ; no     ; --                   ; --               ; --                        ;
; SOC:u0|SOC_NIOS:nios|SOC_NIOS_cpu:cpu|D_ctrl_src2_choose_imm                                                                                                                                                                                                                                                                                               ; FF_X42_Y8_N38        ; 47      ; Sync. load                                         ; no     ; --                   ; --               ; --                        ;
; SOC:u0|SOC_NIOS:nios|SOC_NIOS_cpu:cpu|D_ic_fill_starting                                                                                                                                                                                                                                                                                                   ; LABCELL_X40_Y10_N0   ; 20      ; Clock enable                                       ; no     ; --                   ; --               ; --                        ;
; SOC:u0|SOC_NIOS:nios|SOC_NIOS_cpu:cpu|D_iw[4]                                                                                                                                                                                                                                                                                                              ; FF_X40_Y7_N26        ; 22      ; Sync. clear                                        ; no     ; --                   ; --               ; --                        ;
; SOC:u0|SOC_NIOS:nios|SOC_NIOS_cpu:cpu|D_src1_hazard_E                                                                                                                                                                                                                                                                                                      ; LABCELL_X51_Y9_N24   ; 33      ; Sync. load                                         ; no     ; --                   ; --               ; --                        ;
; SOC:u0|SOC_NIOS:nios|SOC_NIOS_cpu:cpu|E_ctrl_mem8                                                                                                                                                                                                                                                                                                          ; FF_X40_Y7_N53        ; 22      ; Sync. load                                         ; no     ; --                   ; --               ; --                        ;
; SOC:u0|SOC_NIOS:nios|SOC_NIOS_cpu:cpu|E_src2[5]~2                                                                                                                                                                                                                                                                                                          ; LABCELL_X48_Y7_N51   ; 11      ; Sync. clear                                        ; no     ; --                   ; --               ; --                        ;
; SOC:u0|SOC_NIOS:nios|SOC_NIOS_cpu:cpu|E_st_data[23]~0                                                                                                                                                                                                                                                                                                      ; LABCELL_X36_Y5_N6    ; 8       ; Sync. load                                         ; no     ; --                   ; --               ; --                        ;
; SOC:u0|SOC_NIOS:nios|SOC_NIOS_cpu:cpu|Equal313~0                                                                                                                                                                                                                                                                                                           ; LABCELL_X46_Y8_N45   ; 33      ; Sync. clear                                        ; no     ; --                   ; --               ; --                        ;
; SOC:u0|SOC_NIOS:nios|SOC_NIOS_cpu:cpu|F_stall~0                                                                                                                                                                                                                                                                                                            ; LABCELL_X43_Y9_N51   ; 146     ; Clock enable, Read enable, Sync. clear, Sync. load ; no     ; --                   ; --               ; --                        ;
; SOC:u0|SOC_NIOS:nios|SOC_NIOS_cpu:cpu|M_bht_wr_en_unfiltered                                                                                                                                                                                                                                                                                               ; LABCELL_X37_Y9_N42   ; 1       ; Write enable                                       ; no     ; --                   ; --               ; --                        ;
; SOC:u0|SOC_NIOS:nios|SOC_NIOS_cpu:cpu|M_br_cond_taken_history[0]~0                                                                                                                                                                                                                                                                                         ; MLABCELL_X39_Y9_N21  ; 8       ; Clock enable                                       ; no     ; --                   ; --               ; --                        ;
; SOC:u0|SOC_NIOS:nios|SOC_NIOS_cpu:cpu|M_ctrl_dc_index_nowb_inv                                                                                                                                                                                                                                                                                             ; FF_X37_Y4_N23        ; 33      ; Sync. clear                                        ; no     ; --                   ; --               ; --                        ;
; SOC:u0|SOC_NIOS:nios|SOC_NIOS_cpu:cpu|M_ctrl_ld                                                                                                                                                                                                                                                                                                            ; FF_X40_Y3_N20        ; 29      ; Sync. load                                         ; no     ; --                   ; --               ; --                        ;
; SOC:u0|SOC_NIOS:nios|SOC_NIOS_cpu:cpu|SOC_NIOS_cpu_nios2_oci:the_SOC_NIOS_cpu_nios2_oci|SOC_NIOS_cpu_debug_slave_wrapper:the_SOC_NIOS_cpu_debug_slave_wrapper|SOC_NIOS_cpu_debug_slave_sysclk:the_SOC_NIOS_cpu_debug_slave_sysclk|jxuir                                                                                                                    ; FF_X4_Y3_N19         ; 2       ; Clock enable                                       ; no     ; --                   ; --               ; --                        ;
; SOC:u0|SOC_NIOS:nios|SOC_NIOS_cpu:cpu|SOC_NIOS_cpu_nios2_oci:the_SOC_NIOS_cpu_nios2_oci|SOC_NIOS_cpu_debug_slave_wrapper:the_SOC_NIOS_cpu_debug_slave_wrapper|SOC_NIOS_cpu_debug_slave_sysclk:the_SOC_NIOS_cpu_debug_slave_sysclk|take_action_ocimem_a                                                                                                     ; LABCELL_X10_Y5_N15   ; 17      ; Sync. load                                         ; no     ; --                   ; --               ; --                        ;
; SOC:u0|SOC_NIOS:nios|SOC_NIOS_cpu:cpu|SOC_NIOS_cpu_nios2_oci:the_SOC_NIOS_cpu_nios2_oci|SOC_NIOS_cpu_debug_slave_wrapper:the_SOC_NIOS_cpu_debug_slave_wrapper|SOC_NIOS_cpu_debug_slave_sysclk:the_SOC_NIOS_cpu_debug_slave_sysclk|take_action_ocimem_a~0                                                                                                   ; MLABCELL_X8_Y4_N30   ; 17      ; Clock enable                                       ; no     ; --                   ; --               ; --                        ;
; SOC:u0|SOC_NIOS:nios|SOC_NIOS_cpu:cpu|SOC_NIOS_cpu_nios2_oci:the_SOC_NIOS_cpu_nios2_oci|SOC_NIOS_cpu_debug_slave_wrapper:the_SOC_NIOS_cpu_debug_slave_wrapper|SOC_NIOS_cpu_debug_slave_sysclk:the_SOC_NIOS_cpu_debug_slave_sysclk|take_action_ocimem_a~1                                                                                                   ; LABCELL_X10_Y5_N12   ; 5       ; Clock enable                                       ; no     ; --                   ; --               ; --                        ;
; SOC:u0|SOC_NIOS:nios|SOC_NIOS_cpu:cpu|SOC_NIOS_cpu_nios2_oci:the_SOC_NIOS_cpu_nios2_oci|SOC_NIOS_cpu_debug_slave_wrapper:the_SOC_NIOS_cpu_debug_slave_wrapper|SOC_NIOS_cpu_debug_slave_sysclk:the_SOC_NIOS_cpu_debug_slave_sysclk|take_action_ocimem_b                                                                                                     ; LABCELL_X10_Y5_N33   ; 38      ; Clock enable, Sync. load                           ; no     ; --                   ; --               ; --                        ;
; SOC:u0|SOC_NIOS:nios|SOC_NIOS_cpu:cpu|SOC_NIOS_cpu_nios2_oci:the_SOC_NIOS_cpu_nios2_oci|SOC_NIOS_cpu_debug_slave_wrapper:the_SOC_NIOS_cpu_debug_slave_wrapper|SOC_NIOS_cpu_debug_slave_sysclk:the_SOC_NIOS_cpu_debug_slave_sysclk|update_jdo_strobe                                                                                                        ; FF_X4_Y3_N53         ; 39      ; Clock enable                                       ; no     ; --                   ; --               ; --                        ;
; SOC:u0|SOC_NIOS:nios|SOC_NIOS_cpu:cpu|SOC_NIOS_cpu_nios2_oci:the_SOC_NIOS_cpu_nios2_oci|SOC_NIOS_cpu_debug_slave_wrapper:the_SOC_NIOS_cpu_debug_slave_wrapper|SOC_NIOS_cpu_debug_slave_tck:the_SOC_NIOS_cpu_debug_slave_tck|sr[12]~10                                                                                                                      ; MLABCELL_X6_Y4_N15   ; 13      ; Clock enable                                       ; no     ; --                   ; --               ; --                        ;
; SOC:u0|SOC_NIOS:nios|SOC_NIOS_cpu:cpu|SOC_NIOS_cpu_nios2_oci:the_SOC_NIOS_cpu_nios2_oci|SOC_NIOS_cpu_debug_slave_wrapper:the_SOC_NIOS_cpu_debug_slave_wrapper|SOC_NIOS_cpu_debug_slave_tck:the_SOC_NIOS_cpu_debug_slave_tck|sr[12]~9                                                                                                                       ; MLABCELL_X6_Y4_N12   ; 13      ; Sync. clear                                        ; no     ; --                   ; --               ; --                        ;
; SOC:u0|SOC_NIOS:nios|SOC_NIOS_cpu:cpu|SOC_NIOS_cpu_nios2_oci:the_SOC_NIOS_cpu_nios2_oci|SOC_NIOS_cpu_debug_slave_wrapper:the_SOC_NIOS_cpu_debug_slave_wrapper|SOC_NIOS_cpu_debug_slave_tck:the_SOC_NIOS_cpu_debug_slave_tck|sr[25]~14                                                                                                                      ; LABCELL_X7_Y4_N0     ; 18      ; Clock enable                                       ; no     ; --                   ; --               ; --                        ;
; SOC:u0|SOC_NIOS:nios|SOC_NIOS_cpu:cpu|SOC_NIOS_cpu_nios2_oci:the_SOC_NIOS_cpu_nios2_oci|SOC_NIOS_cpu_debug_slave_wrapper:the_SOC_NIOS_cpu_debug_slave_wrapper|SOC_NIOS_cpu_debug_slave_tck:the_SOC_NIOS_cpu_debug_slave_tck|sr[25]~17                                                                                                                      ; LABCELL_X7_Y4_N57    ; 16      ; Sync. clear                                        ; no     ; --                   ; --               ; --                        ;
; SOC:u0|SOC_NIOS:nios|SOC_NIOS_cpu:cpu|SOC_NIOS_cpu_nios2_oci:the_SOC_NIOS_cpu_nios2_oci|SOC_NIOS_cpu_debug_slave_wrapper:the_SOC_NIOS_cpu_debug_slave_wrapper|SOC_NIOS_cpu_debug_slave_tck:the_SOC_NIOS_cpu_debug_slave_tck|sr[37]~21                                                                                                                      ; MLABCELL_X6_Y4_N36   ; 2       ; Clock enable                                       ; no     ; --                   ; --               ; --                        ;
; SOC:u0|SOC_NIOS:nios|SOC_NIOS_cpu:cpu|SOC_NIOS_cpu_nios2_oci:the_SOC_NIOS_cpu_nios2_oci|SOC_NIOS_cpu_debug_slave_wrapper:the_SOC_NIOS_cpu_debug_slave_wrapper|sld_virtual_jtag_basic:SOC_NIOS_cpu_debug_slave_phy|virtual_state_uir                                                                                                                        ; MLABCELL_X6_Y4_N9    ; 4       ; Clock enable                                       ; no     ; --                   ; --               ; --                        ;
; SOC:u0|SOC_NIOS:nios|SOC_NIOS_cpu:cpu|SOC_NIOS_cpu_nios2_oci:the_SOC_NIOS_cpu_nios2_oci|SOC_NIOS_cpu_nios2_avalon_reg:the_SOC_NIOS_cpu_nios2_avalon_reg|take_action_oci_intr_mask_reg~0                                                                                                                                                                    ; LABCELL_X12_Y5_N0    ; 4       ; Clock enable                                       ; no     ; --                   ; --               ; --                        ;
; SOC:u0|SOC_NIOS:nios|SOC_NIOS_cpu:cpu|SOC_NIOS_cpu_nios2_oci:the_SOC_NIOS_cpu_nios2_oci|SOC_NIOS_cpu_nios2_oci_break:the_SOC_NIOS_cpu_nios2_oci_break|break_readreg[9]~0                                                                                                                                                                                   ; LABCELL_X10_Y4_N54   ; 33      ; Clock enable                                       ; no     ; --                   ; --               ; --                        ;
; SOC:u0|SOC_NIOS:nios|SOC_NIOS_cpu:cpu|SOC_NIOS_cpu_nios2_oci:the_SOC_NIOS_cpu_nios2_oci|SOC_NIOS_cpu_nios2_oci_break:the_SOC_NIOS_cpu_nios2_oci_break|break_readreg[9]~1                                                                                                                                                                                   ; LABCELL_X9_Y4_N21    ; 32      ; Sync. clear                                        ; no     ; --                   ; --               ; --                        ;
; SOC:u0|SOC_NIOS:nios|SOC_NIOS_cpu:cpu|SOC_NIOS_cpu_nios2_oci:the_SOC_NIOS_cpu_nios2_oci|SOC_NIOS_cpu_nios2_ocimem:the_SOC_NIOS_cpu_nios2_ocimem|MonDReg[0]~2                                                                                                                                                                                               ; LABCELL_X9_Y5_N39    ; 35      ; Clock enable                                       ; no     ; --                   ; --               ; --                        ;
; SOC:u0|SOC_NIOS:nios|SOC_NIOS_cpu:cpu|SOC_NIOS_cpu_nios2_oci:the_SOC_NIOS_cpu_nios2_oci|SOC_NIOS_cpu_nios2_ocimem:the_SOC_NIOS_cpu_nios2_ocimem|MonDReg[31]~6                                                                                                                                                                                              ; MLABCELL_X8_Y5_N51   ; 22      ; Sync. clear                                        ; no     ; --                   ; --               ; --                        ;
; SOC:u0|SOC_NIOS:nios|SOC_NIOS_cpu:cpu|SOC_NIOS_cpu_nios2_oci:the_SOC_NIOS_cpu_nios2_oci|SOC_NIOS_cpu_nios2_ocimem:the_SOC_NIOS_cpu_nios2_ocimem|ociram_reset_req                                                                                                                                                                                           ; MLABCELL_X8_Y3_N51   ; 2       ; Clock enable                                       ; no     ; --                   ; --               ; --                        ;
; SOC:u0|SOC_NIOS:nios|SOC_NIOS_cpu:cpu|SOC_NIOS_cpu_nios2_oci:the_SOC_NIOS_cpu_nios2_oci|SOC_NIOS_cpu_nios2_ocimem:the_SOC_NIOS_cpu_nios2_ocimem|ociram_wr_en~0                                                                                                                                                                                             ; LABCELL_X12_Y5_N12   ; 2       ; Read enable, Write enable                          ; no     ; --                   ; --               ; --                        ;
; SOC:u0|SOC_NIOS:nios|SOC_NIOS_cpu:cpu|SOC_NIOS_cpu_nios2_oci:the_SOC_NIOS_cpu_nios2_oci|address[8]                                                                                                                                                                                                                                                         ; FF_X28_Y6_N14        ; 35      ; Sync. load                                         ; no     ; --                   ; --               ; --                        ;
; SOC:u0|SOC_NIOS:nios|SOC_NIOS_cpu:cpu|W_ienable_reg_irq0_nxt~0                                                                                                                                                                                                                                                                                             ; LABCELL_X36_Y6_N54   ; 2       ; Clock enable                                       ; no     ; --                   ; --               ; --                        ;
; SOC:u0|SOC_NIOS:nios|SOC_NIOS_cpu:cpu|d_address_offset_field[1]~2                                                                                                                                                                                                                                                                                          ; LABCELL_X29_Y5_N0    ; 5       ; Clock enable                                       ; no     ; --                   ; --               ; --                        ;
; SOC:u0|SOC_NIOS:nios|SOC_NIOS_cpu:cpu|dc_data_wr_port_en~0                                                                                                                                                                                                                                                                                                 ; MLABCELL_X34_Y4_N36  ; 2       ; Clock enable, Write enable                         ; no     ; --                   ; --               ; --                        ;
; SOC:u0|SOC_NIOS:nios|SOC_NIOS_cpu:cpu|dc_tag_wr_port_en~0                                                                                                                                                                                                                                                                                                  ; MLABCELL_X34_Y4_N33  ; 1       ; Write enable                                       ; no     ; --                   ; --               ; --                        ;
; SOC:u0|SOC_NIOS:nios|SOC_NIOS_cpu:cpu|dc_wb_rd_port_en                                                                                                                                                                                                                                                                                                     ; LABCELL_X29_Y5_N48   ; 4       ; Clock enable, Read enable                          ; no     ; --                   ; --               ; --                        ;
; SOC:u0|SOC_NIOS:nios|SOC_NIOS_cpu:cpu|hq3myc14108phmpo7y7qmhbp98hy0vq~0                                                                                                                                                                                                                                                                                    ; LABCELL_X10_Y4_N39   ; 1260    ; Async. clear                                       ; no     ; --                   ; --               ; --                        ;
; SOC:u0|SOC_NIOS:nios|SOC_NIOS_cpu:cpu|i_readdatavalid_d1                                                                                                                                                                                                                                                                                                   ; FF_X25_Y6_N4         ; 7       ; Clock enable, Write enable                         ; no     ; --                   ; --               ; --                        ;
; SOC:u0|SOC_NIOS:nios|SOC_NIOS_cpu:cpu|ic_fill_ap_cnt[0]~0                                                                                                                                                                                                                                                                                                  ; MLABCELL_X28_Y7_N54  ; 7       ; Clock enable                                       ; no     ; --                   ; --               ; --                        ;
; SOC:u0|SOC_NIOS:nios|SOC_NIOS_cpu:cpu|ic_fill_dp_offset_en~0                                                                                                                                                                                                                                                                                               ; LABCELL_X37_Y10_N33  ; 4       ; Clock enable                                       ; no     ; --                   ; --               ; --                        ;
; SOC:u0|SOC_NIOS:nios|SOC_NIOS_cpu:cpu|ic_fill_valid_bits_en                                                                                                                                                                                                                                                                                                ; LABCELL_X37_Y10_N6   ; 8       ; Clock enable                                       ; no     ; --                   ; --               ; --                        ;
; SOC:u0|SOC_NIOS:nios|SOC_NIOS_cpu:cpu|ic_tag_clr_valid_bits_nxt                                                                                                                                                                                                                                                                                            ; LABCELL_X35_Y8_N42   ; 10      ; Sync. clear                                        ; no     ; --                   ; --               ; --                        ;
; SOC:u0|SOC_NIOS:nios|SOC_NIOS_cpu:cpu|ic_tag_wren                                                                                                                                                                                                                                                                                                          ; LABCELL_X37_Y10_N15  ; 1       ; Write enable                                       ; no     ; --                   ; --               ; --                        ;
; SOC:u0|SOC_NIOS:nios|d_writedata[7]~0                                                                                                                                                                                                                                                                                                                      ; LABCELL_X29_Y5_N45   ; 32      ; Clock enable                                       ; no     ; --                   ; --               ; --                        ;
; SOC:u0|SOC_RAM:ram|wren~0                                                                                                                                                                                                                                                                                                                                  ; MLABCELL_X21_Y6_N42  ; 16      ; Read enable, Write enable                          ; no     ; --                   ; --               ; --                        ;
; SOC:u0|SOC_audio_0:audio_0|altera_up_audio_in_deserializer:Audio_In_Deserializer|altera_up_sync_fifo:Audio_In_Left_Channel_FIFO|scfifo:Sync_FIFO|scfifo_9ba1:auto_generated|a_dpfifo_s2a1:dpfifo|cntr_h2b:rd_ptr_msb|_~0                                                                                                                                   ; LABCELL_X17_Y8_N36   ; 6       ; Clock enable                                       ; no     ; --                   ; --               ; --                        ;
; SOC:u0|SOC_audio_0:audio_0|altera_up_audio_in_deserializer:Audio_In_Deserializer|altera_up_sync_fifo:Audio_In_Left_Channel_FIFO|scfifo:Sync_FIFO|scfifo_9ba1:auto_generated|a_dpfifo_s2a1:dpfifo|cntr_i2b:wr_ptr|_~0                                                                                                                                       ; MLABCELL_X15_Y11_N3  ; 7       ; Clock enable                                       ; no     ; --                   ; --               ; --                        ;
; SOC:u0|SOC_audio_0:audio_0|altera_up_audio_in_deserializer:Audio_In_Deserializer|altera_up_sync_fifo:Audio_In_Left_Channel_FIFO|scfifo:Sync_FIFO|scfifo_9ba1:auto_generated|a_dpfifo_s2a1:dpfifo|cntr_u27:usedw_counter|_~0                                                                                                                                ; LABCELL_X16_Y9_N45   ; 7       ; Clock enable                                       ; no     ; --                   ; --               ; --                        ;
; SOC:u0|SOC_audio_0:audio_0|altera_up_audio_in_deserializer:Audio_In_Deserializer|altera_up_sync_fifo:Audio_In_Left_Channel_FIFO|scfifo:Sync_FIFO|scfifo_9ba1:auto_generated|a_dpfifo_s2a1:dpfifo|rd_ptr_lsb~1                                                                                                                                              ; LABCELL_X17_Y8_N54   ; 1       ; Clock enable                                       ; no     ; --                   ; --               ; --                        ;
; SOC:u0|SOC_audio_0:audio_0|altera_up_audio_in_deserializer:Audio_In_Deserializer|altera_up_sync_fifo:Audio_In_Right_Channel_FIFO|scfifo:Sync_FIFO|scfifo_9ba1:auto_generated|a_dpfifo_s2a1:dpfifo|cntr_h2b:rd_ptr_msb|_~0                                                                                                                                  ; LABCELL_X16_Y10_N30  ; 6       ; Clock enable                                       ; no     ; --                   ; --               ; --                        ;
; SOC:u0|SOC_audio_0:audio_0|altera_up_audio_in_deserializer:Audio_In_Deserializer|altera_up_sync_fifo:Audio_In_Right_Channel_FIFO|scfifo:Sync_FIFO|scfifo_9ba1:auto_generated|a_dpfifo_s2a1:dpfifo|cntr_i2b:wr_ptr|_~0                                                                                                                                      ; LABCELL_X13_Y10_N0   ; 7       ; Clock enable                                       ; no     ; --                   ; --               ; --                        ;
; SOC:u0|SOC_audio_0:audio_0|altera_up_audio_in_deserializer:Audio_In_Deserializer|altera_up_sync_fifo:Audio_In_Right_Channel_FIFO|scfifo:Sync_FIFO|scfifo_9ba1:auto_generated|a_dpfifo_s2a1:dpfifo|cntr_u27:usedw_counter|_~0                                                                                                                               ; LABCELL_X17_Y10_N27  ; 9       ; Clock enable                                       ; no     ; --                   ; --               ; --                        ;
; SOC:u0|SOC_audio_0:audio_0|altera_up_audio_in_deserializer:Audio_In_Deserializer|altera_up_sync_fifo:Audio_In_Right_Channel_FIFO|scfifo:Sync_FIFO|scfifo_9ba1:auto_generated|a_dpfifo_s2a1:dpfifo|rd_ptr_lsb~1                                                                                                                                             ; MLABCELL_X15_Y10_N54 ; 2       ; Clock enable                                       ; no     ; --                   ; --               ; --                        ;
; SOC:u0|SOC_audio_0:audio_0|altera_up_audio_in_deserializer:Audio_In_Deserializer|comb~2                                                                                                                                                                                                                                                                    ; LABCELL_X16_Y8_N0    ; 14      ; Clock enable, Write enable                         ; no     ; --                   ; --               ; --                        ;
; SOC:u0|SOC_audio_0:audio_0|altera_up_audio_in_deserializer:Audio_In_Deserializer|comb~5                                                                                                                                                                                                                                                                    ; MLABCELL_X15_Y8_N48  ; 14      ; Clock enable, Write enable                         ; no     ; --                   ; --               ; --                        ;
; SOC:u0|SOC_audio_0:audio_0|altera_up_audio_in_deserializer:Audio_In_Deserializer|data_in_shift_reg[15]~0                                                                                                                                                                                                                                                   ; MLABCELL_X15_Y8_N42  ; 16      ; Clock enable                                       ; no     ; --                   ; --               ; --                        ;
; SOC:u0|SOC_audio_0:audio_0|altera_up_audio_out_serializer:Audio_Out_Serializer|altera_up_sync_fifo:Audio_Out_Left_Channel_FIFO|scfifo:Sync_FIFO|scfifo_9ba1:auto_generated|a_dpfifo_s2a1:dpfifo|cntr_h2b:rd_ptr_msb|_~0                                                                                                                                    ; LABCELL_X16_Y6_N42   ; 6       ; Clock enable                                       ; no     ; --                   ; --               ; --                        ;
; SOC:u0|SOC_audio_0:audio_0|altera_up_audio_out_serializer:Audio_Out_Serializer|altera_up_sync_fifo:Audio_Out_Left_Channel_FIFO|scfifo:Sync_FIFO|scfifo_9ba1:auto_generated|a_dpfifo_s2a1:dpfifo|cntr_i2b:wr_ptr|_~0                                                                                                                                        ; LABCELL_X16_Y6_N48   ; 7       ; Clock enable                                       ; no     ; --                   ; --               ; --                        ;
; SOC:u0|SOC_audio_0:audio_0|altera_up_audio_out_serializer:Audio_Out_Serializer|altera_up_sync_fifo:Audio_Out_Left_Channel_FIFO|scfifo:Sync_FIFO|scfifo_9ba1:auto_generated|a_dpfifo_s2a1:dpfifo|cntr_u27:usedw_counter|_~0                                                                                                                                 ; MLABCELL_X15_Y7_N21  ; 8       ; Clock enable                                       ; no     ; --                   ; --               ; --                        ;
; SOC:u0|SOC_audio_0:audio_0|altera_up_audio_out_serializer:Audio_Out_Serializer|altera_up_sync_fifo:Audio_Out_Left_Channel_FIFO|scfifo:Sync_FIFO|scfifo_9ba1:auto_generated|a_dpfifo_s2a1:dpfifo|rd_ptr_lsb~1                                                                                                                                               ; LABCELL_X16_Y6_N36   ; 1       ; Clock enable                                       ; no     ; --                   ; --               ; --                        ;
; SOC:u0|SOC_audio_0:audio_0|altera_up_audio_out_serializer:Audio_Out_Serializer|altera_up_sync_fifo:Audio_Out_Right_Channel_FIFO|scfifo:Sync_FIFO|scfifo_9ba1:auto_generated|a_dpfifo_s2a1:dpfifo|cntr_h2b:rd_ptr_msb|_~0                                                                                                                                   ; LABCELL_X13_Y7_N36   ; 6       ; Clock enable                                       ; no     ; --                   ; --               ; --                        ;
; SOC:u0|SOC_audio_0:audio_0|altera_up_audio_out_serializer:Audio_Out_Serializer|altera_up_sync_fifo:Audio_Out_Right_Channel_FIFO|scfifo:Sync_FIFO|scfifo_9ba1:auto_generated|a_dpfifo_s2a1:dpfifo|cntr_i2b:wr_ptr|_~0                                                                                                                                       ; LABCELL_X13_Y6_N6    ; 7       ; Clock enable                                       ; no     ; --                   ; --               ; --                        ;
; SOC:u0|SOC_audio_0:audio_0|altera_up_audio_out_serializer:Audio_Out_Serializer|altera_up_sync_fifo:Audio_Out_Right_Channel_FIFO|scfifo:Sync_FIFO|scfifo_9ba1:auto_generated|a_dpfifo_s2a1:dpfifo|cntr_u27:usedw_counter|_~0                                                                                                                                ; MLABCELL_X21_Y7_N39  ; 7       ; Clock enable                                       ; no     ; --                   ; --               ; --                        ;
; SOC:u0|SOC_audio_0:audio_0|altera_up_audio_out_serializer:Audio_Out_Serializer|altera_up_sync_fifo:Audio_Out_Right_Channel_FIFO|scfifo:Sync_FIFO|scfifo_9ba1:auto_generated|a_dpfifo_s2a1:dpfifo|rd_ptr_lsb~1                                                                                                                                              ; MLABCELL_X15_Y7_N36  ; 1       ; Clock enable                                       ; no     ; --                   ; --               ; --                        ;
; SOC:u0|SOC_audio_0:audio_0|altera_up_audio_out_serializer:Audio_Out_Serializer|comb~0                                                                                                                                                                                                                                                                      ; MLABCELL_X21_Y7_N45  ; 14      ; Clock enable, Write enable                         ; no     ; --                   ; --               ; --                        ;
; SOC:u0|SOC_audio_0:audio_0|altera_up_audio_out_serializer:Audio_Out_Serializer|comb~1                                                                                                                                                                                                                                                                      ; MLABCELL_X21_Y7_N42  ; 14      ; Clock enable, Write enable                         ; no     ; --                   ; --               ; --                        ;
; SOC:u0|SOC_audio_0:audio_0|altera_up_audio_out_serializer:Audio_Out_Serializer|data_out_shift_reg[15]~1                                                                                                                                                                                                                                                    ; LABCELL_X13_Y6_N27   ; 15      ; Sync. clear                                        ; no     ; --                   ; --               ; --                        ;
; SOC:u0|SOC_audio_0:audio_0|altera_up_audio_out_serializer:Audio_Out_Serializer|data_out_shift_reg[15]~3                                                                                                                                                                                                                                                    ; LABCELL_X13_Y8_N54   ; 15      ; Clock enable                                       ; no     ; --                   ; --               ; --                        ;
; SOC:u0|SOC_audio_0:audio_0|comb~0                                                                                                                                                                                                                                                                                                                          ; MLABCELL_X15_Y8_N39  ; 93      ; Sync. clear                                        ; no     ; --                   ; --               ; --                        ;
; SOC:u0|SOC_audio_0:audio_0|comb~1                                                                                                                                                                                                                                                                                                                          ; MLABCELL_X15_Y8_N30  ; 114     ; Sync. clear                                        ; no     ; --                   ; --               ; --                        ;
; SOC:u0|SOC_audio_0:audio_0|read_interrupt_en~0                                                                                                                                                                                                                                                                                                             ; LABCELL_X22_Y7_N51   ; 4       ; Clock enable                                       ; no     ; --                   ; --               ; --                        ;
; SOC:u0|SOC_audio_0:audio_0|readdata[12]~6                                                                                                                                                                                                                                                                                                                  ; LABCELL_X17_Y9_N3    ; 10      ; Sync. clear                                        ; no     ; --                   ; --               ; --                        ;
; SOC:u0|SOC_audio_0:audio_0|readdata[21]~3                                                                                                                                                                                                                                                                                                                  ; LABCELL_X23_Y6_N18   ; 16      ; Sync. clear                                        ; no     ; --                   ; --               ; --                        ;
; SOC:u0|SOC_audio_0:audio_0|readdata[3]~2                                                                                                                                                                                                                                                                                                                   ; LABCELL_X22_Y9_N51   ; 32      ; Clock enable                                       ; no     ; --                   ; --               ; --                        ;
; SOC:u0|SOC_audio_and_video_config_0:audio_and_video_config_0|address_reg[5]~0                                                                                                                                                                                                                                                                              ; MLABCELL_X21_Y4_N24  ; 8       ; Clock enable                                       ; no     ; --                   ; --               ; --                        ;
; SOC:u0|SOC_audio_and_video_config_0:audio_and_video_config_0|altera_up_av_config_serial_bus_controller:Serial_Bus_Controller|counter[0]~1                                                                                                                                                                                                                  ; LABCELL_X17_Y4_N54   ; 62      ; Clock enable                                       ; no     ; --                   ; --               ; --                        ;
; SOC:u0|SOC_audio_and_video_config_0:audio_and_video_config_0|altera_up_av_config_serial_bus_controller:Serial_Bus_Controller|s_serial_protocol.STATE_1_INITIALIZE                                                                                                                                                                                          ; FF_X17_Y4_N38        ; 61      ; Sync. clear, Sync. load                            ; no     ; --                   ; --               ; --                        ;
; SOC:u0|SOC_audio_and_video_config_0:audio_and_video_config_0|altera_up_av_config_serial_bus_controller:Serial_Bus_Controller|serial_data~2                                                                                                                                                                                                                 ; LABCELL_X17_Y4_N39   ; 1       ; Output enable                                      ; no     ; --                   ; --               ; --                        ;
; SOC:u0|SOC_audio_and_video_config_0:audio_and_video_config_0|altera_up_av_config_serial_bus_controller:Serial_Bus_Controller|shiftreg_data[15]~10                                                                                                                                                                                                          ; LABCELL_X17_Y4_N9    ; 9       ; Sync. clear                                        ; no     ; --                   ; --               ; --                        ;
; SOC:u0|SOC_audio_and_video_config_0:audio_and_video_config_0|control_reg[16]~2                                                                                                                                                                                                                                                                             ; MLABCELL_X21_Y4_N54  ; 2       ; Clock enable                                       ; no     ; --                   ; --               ; --                        ;
; SOC:u0|SOC_audio_and_video_config_0:audio_and_video_config_0|control_reg[1]~5                                                                                                                                                                                                                                                                              ; MLABCELL_X21_Y4_N27  ; 2       ; Clock enable                                       ; no     ; --                   ; --               ; --                        ;
; SOC:u0|SOC_audio_and_video_config_0:audio_and_video_config_0|data_reg[6]~0                                                                                                                                                                                                                                                                                 ; MLABCELL_X21_Y4_N6   ; 8       ; Clock enable                                       ; no     ; --                   ; --               ; --                        ;
; SOC:u0|SOC_audio_and_video_config_0:audio_and_video_config_0|device_for_transfer[0]~1                                                                                                                                                                                                                                                                      ; LABCELL_X19_Y4_N18   ; 2       ; Clock enable                                       ; no     ; --                   ; --               ; --                        ;
; SOC:u0|SOC_audio_and_video_config_0:audio_and_video_config_0|external_read_transfer~0                                                                                                                                                                                                                                                                      ; LABCELL_X19_Y4_N39   ; 10      ; Clock enable                                       ; no     ; --                   ; --               ; --                        ;
; SOC:u0|SOC_audio_and_video_config_0:audio_and_video_config_0|internal_reset                                                                                                                                                                                                                                                                                ; LABCELL_X23_Y4_N30   ; 120     ; Sync. clear                                        ; no     ; --                   ; --               ; --                        ;
; SOC:u0|SOC_audio_and_video_config_0:audio_and_video_config_0|readdata[17]~2                                                                                                                                                                                                                                                                                ; LABCELL_X23_Y4_N6    ; 7       ; Clock enable                                       ; no     ; --                   ; --               ; --                        ;
; SOC:u0|SOC_audio_and_video_config_0:audio_and_video_config_0|s_serial_transfer~12                                                                                                                                                                                                                                                                          ; LABCELL_X17_Y4_N51   ; 12      ; Sync. clear                                        ; no     ; --                   ; --               ; --                        ;
; SOC:u0|SOC_mm_interconnect_0:mm_interconnect_0|SOC_mm_interconnect_0_cmd_mux_002:cmd_mux_002|altera_merlin_arbitrator:arb|top_priority_reg[0]~0                                                                                                                                                                                                            ; LABCELL_X23_Y8_N36   ; 2       ; Clock enable                                       ; no     ; --                   ; --               ; --                        ;
; SOC:u0|SOC_mm_interconnect_0:mm_interconnect_0|SOC_mm_interconnect_0_cmd_mux_002:cmd_mux_002|update_grant~0                                                                                                                                                                                                                                                ; LABCELL_X23_Y8_N9    ; 3       ; Clock enable                                       ; no     ; --                   ; --               ; --                        ;
; SOC:u0|SOC_mm_interconnect_0:mm_interconnect_0|SOC_mm_interconnect_0_cmd_mux_002:cmd_mux_006|altera_merlin_arbitrator:arb|top_priority_reg[0]~0                                                                                                                                                                                                            ; MLABCELL_X21_Y6_N0   ; 2       ; Clock enable                                       ; no     ; --                   ; --               ; --                        ;
; SOC:u0|SOC_mm_interconnect_0:mm_interconnect_0|SOC_mm_interconnect_0_cmd_mux_002:cmd_mux_006|update_grant~0                                                                                                                                                                                                                                                ; MLABCELL_X21_Y6_N6   ; 4       ; Clock enable                                       ; no     ; --                   ; --               ; --                        ;
; SOC:u0|SOC_mm_interconnect_0:mm_interconnect_0|altera_avalon_sc_fifo:nios_debug_mem_slave_agent_rsp_fifo|mem_used[1]~1                                                                                                                                                                                                                                     ; LABCELL_X23_Y7_N54   ; 3       ; Clock enable                                       ; no     ; --                   ; --               ; --                        ;
; SOC:u0|SOC_mm_interconnect_0:mm_interconnect_0|altera_avalon_sc_fifo:ram_s1_agent_rsp_fifo|mem_used[1]~1                                                                                                                                                                                                                                                   ; LABCELL_X27_Y7_N24   ; 3       ; Clock enable                                       ; no     ; --                   ; --               ; --                        ;
; SOC:u0|SOC_mm_interconnect_0:mm_interconnect_0|altera_merlin_slave_translator:fifo_in_csr_translator|read_latency_shift_reg~2                                                                                                                                                                                                                              ; LABCELL_X23_Y7_N27   ; 12      ; Clock enable                                       ; no     ; --                   ; --               ; --                        ;
; SOC:u0|SOC_mm_interconnect_0:mm_interconnect_0|altera_merlin_slave_translator:fifo_out_translator|read_latency_shift_reg~0                                                                                                                                                                                                                                 ; LABCELL_X22_Y4_N24   ; 15      ; Clock enable                                       ; no     ; --                   ; --               ; --                        ;
; SOC:u0|SOC_mm_interconnect_0:mm_interconnect_0|altera_merlin_traffic_limiter:nios_data_master_limiter|save_dest_id~1                                                                                                                                                                                                                                       ; LABCELL_X27_Y6_N6    ; 10      ; Clock enable                                       ; no     ; --                   ; --               ; --                        ;
; SOC:u0|SOC_mm_interconnect_0:mm_interconnect_0|altera_merlin_traffic_limiter:nios_instruction_master_limiter|save_dest_id~0                                                                                                                                                                                                                                ; LABCELL_X27_Y7_N45   ; 2       ; Clock enable                                       ; no     ; --                   ; --               ; --                        ;
; SOC:u0|altera_reset_controller:rst_controller|r_early_rst                                                                                                                                                                                                                                                                                                  ; FF_X9_Y3_N28         ; 17      ; Clock enable                                       ; no     ; --                   ; --               ; --                        ;
; SOC:u0|altera_reset_controller:rst_controller|r_sync_rst                                                                                                                                                                                                                                                                                                   ; FF_X9_Y3_N50         ; 242     ; Async. clear, Sync. clear                          ; no     ; --                   ; --               ; --                        ;
; altera_internal_jtag~TCKUTAP                                                                                                                                                                                                                                                                                                                               ; JTAG_X0_Y2_N3        ; 173     ; Clock                                              ; no     ; --                   ; --               ; --                        ;
; altera_internal_jtag~TMSUTAP                                                                                                                                                                                                                                                                                                                               ; JTAG_X0_Y2_N3        ; 28      ; Sync. clear                                        ; no     ; --                   ; --               ; --                        ;
; pzdyqx:nabboc|pzdyqx_impl:pzdyqx_impl_inst|GHVD5181:\stratixiii_BITP7563_gen_0:stratixiii_BITP7563_gen_1|BITP7563_0                                                                                                                                                                                                                                        ; LABCELL_X4_Y7_N57    ; 20      ; Clock                                              ; no     ; --                   ; --               ; --                        ;
; pzdyqx:nabboc|pzdyqx_impl:pzdyqx_impl_inst|GHVD5181:\stratixiii_BITP7563_gen_0:stratixiii_BITP7563_gen_1|JEQQ5299_0                                                                                                                                                                                                                                        ; FF_X1_Y8_N59         ; 2       ; Clock                                              ; no     ; --                   ; --               ; --                        ;
; pzdyqx:nabboc|pzdyqx_impl:pzdyqx_impl_inst|GHVD5181:\stratixiii_BITP7563_gen_0:stratixiii_BITP7563_gen_1|JEQQ5299_1                                                                                                                                                                                                                                        ; FF_X1_Y8_N41         ; 2       ; Clock                                              ; no     ; --                   ; --               ; --                        ;
; pzdyqx:nabboc|pzdyqx_impl:pzdyqx_impl_inst|GHVD5181:\stratixiii_BITP7563_gen_0:stratixiii_BITP7563_gen_1|JEQQ5299_2                                                                                                                                                                                                                                        ; FF_X1_Y7_N20         ; 2       ; Clock                                              ; no     ; --                   ; --               ; --                        ;
; pzdyqx:nabboc|pzdyqx_impl:pzdyqx_impl_inst|GHVD5181:\stratixiii_BITP7563_gen_0:stratixiii_BITP7563_gen_1|JEQQ5299_3                                                                                                                                                                                                                                        ; FF_X4_Y7_N56         ; 2       ; Clock                                              ; no     ; --                   ; --               ; --                        ;
; pzdyqx:nabboc|pzdyqx_impl:pzdyqx_impl_inst|GHVD5181:\stratixiii_BITP7563_gen_0:stratixiii_BITP7563_gen_1|JEQQ5299_4                                                                                                                                                                                                                                        ; FF_X2_Y7_N20         ; 2       ; Clock                                              ; no     ; --                   ; --               ; --                        ;
; pzdyqx:nabboc|pzdyqx_impl:pzdyqx_impl_inst|GHVD5181:\stratixiii_BITP7563_gen_0:stratixiii_BITP7563_gen_1|JEQQ5299_5                                                                                                                                                                                                                                        ; FF_X2_Y7_N26         ; 2       ; Clock                                              ; no     ; --                   ; --               ; --                        ;
; pzdyqx:nabboc|pzdyqx_impl:pzdyqx_impl_inst|GHVD5181:\stratixiii_BITP7563_gen_0:stratixiii_BITP7563_gen_1|JEQQ5299_6                                                                                                                                                                                                                                        ; FF_X1_Y7_N38         ; 2       ; Clock                                              ; no     ; --                   ; --               ; --                        ;
; pzdyqx:nabboc|pzdyqx_impl:pzdyqx_impl_inst|GHVD5181:\stratixiii_BITP7563_gen_0:stratixiii_BITP7563_gen_1|JEQQ5299_7                                                                                                                                                                                                                                        ; FF_X3_Y7_N35         ; 22      ; Clock                                              ; no     ; --                   ; --               ; --                        ;
; pzdyqx:nabboc|pzdyqx_impl:pzdyqx_impl_inst|GHVD5181:\stratixiii_BITP7563_gen_0:stratixiii_BITP7563_gen_1|LQYT7093:MBPH5020|BMIN0175[0]                                                                                                                                                                                                                     ; FF_X4_Y7_N26         ; 20      ; Sync. clear                                        ; no     ; --                   ; --               ; --                        ;
; pzdyqx:nabboc|pzdyqx_impl:pzdyqx_impl_inst|GHVD5181:\stratixiii_BITP7563_gen_0:stratixiii_BITP7563_gen_1|\BWHK8171:14:QXXQ6833_1                                                                                                                                                                                                                           ; LABCELL_X1_Y8_N57    ; 2       ; Clock                                              ; no     ; --                   ; --               ; --                        ;
; pzdyqx:nabboc|pzdyqx_impl:pzdyqx_impl_inst|PUDL0439:ESUL0435|JAQF4326~0                                                                                                                                                                                                                                                                                    ; MLABCELL_X3_Y2_N45   ; 9       ; Async. clear                                       ; no     ; --                   ; --               ; --                        ;
; pzdyqx:nabboc|pzdyqx_impl:pzdyqx_impl_inst|PUDL0439:ESUL0435|LCFH1028[0]~0                                                                                                                                                                                                                                                                                 ; MLABCELL_X3_Y2_N39   ; 5       ; Clock enable                                       ; no     ; --                   ; --               ; --                        ;
; pzdyqx:nabboc|pzdyqx_impl:pzdyqx_impl_inst|SQHZ7915_2                                                                                                                                                                                                                                                                                                      ; FF_X3_Y2_N49         ; 2       ; Async. clear                                       ; no     ; --                   ; --               ; --                        ;
; pzdyqx:nabboc|pzdyqx_impl:pzdyqx_impl_inst|VKSG2550[0]                                                                                                                                                                                                                                                                                                     ; FF_X3_Y2_N35         ; 14      ; Clock enable                                       ; no     ; --                   ; --               ; --                        ;
; pzdyqx:nabboc|pzdyqx_impl:pzdyqx_impl_inst|comb~0                                                                                                                                                                                                                                                                                                          ; MLABCELL_X3_Y2_N36   ; 4       ; Clock enable                                       ; no     ; --                   ; --               ; --                        ;
; pzdyqx:nabboc|pzdyqx_impl:pzdyqx_impl_inst|dr_scan                                                                                                                                                                                                                                                                                                         ; MLABCELL_X3_Y2_N42   ; 1       ; Async. clear                                       ; no     ; --                   ; --               ; --                        ;
; pzdyqx:nabboc|pzdyqx_impl:pzdyqx_impl_inst|process_0~0                                                                                                                                                                                                                                                                                                     ; MLABCELL_X3_Y2_N48   ; 4       ; Async. clear                                       ; no     ; --                   ; --               ; --                        ;
; pzdyqx:nabboc|pzdyqx_impl:pzdyqx_impl_inst|process_0~1                                                                                                                                                                                                                                                                                                     ; MLABCELL_X3_Y2_N51   ; 4       ; Clock enable                                       ; no     ; --                   ; --               ; --                        ;
; pzdyqx:nabboc|pzdyqx_impl:pzdyqx_impl_inst|sdr                                                                                                                                                                                                                                                                                                             ; MLABCELL_X3_Y2_N3    ; 12      ; Sync. load                                         ; no     ; --                   ; --               ; --                        ;
; sld_hub:auto_hub|alt_sld_fab_with_jtag_input:\instrumentation_fabric_with_node_gen:fabric_gen_new_way:with_jtag_input_gen:instrumentation_fabric|alt_sld_fab:instrumentation_fabric|alt_sld_fab_alt_sld_fab:alt_sld_fab|alt_sld_fab_alt_sld_fab_sldfabric:sldfabric|sld_jtag_hub:\jtag_hub_gen:real_sld_jtag_hub|clr_reg                                   ; FF_X2_Y2_N23         ; 24      ; Async. clear                                       ; no     ; --                   ; --               ; --                        ;
; sld_hub:auto_hub|alt_sld_fab_with_jtag_input:\instrumentation_fabric_with_node_gen:fabric_gen_new_way:with_jtag_input_gen:instrumentation_fabric|alt_sld_fab:instrumentation_fabric|alt_sld_fab_alt_sld_fab:alt_sld_fab|alt_sld_fab_alt_sld_fab_sldfabric:sldfabric|sld_jtag_hub:\jtag_hub_gen:real_sld_jtag_hub|design_hash_reg[0]~6                      ; MLABCELL_X3_Y1_N33   ; 4       ; Clock enable                                       ; no     ; --                   ; --               ; --                        ;
; sld_hub:auto_hub|alt_sld_fab_with_jtag_input:\instrumentation_fabric_with_node_gen:fabric_gen_new_way:with_jtag_input_gen:instrumentation_fabric|alt_sld_fab:instrumentation_fabric|alt_sld_fab_alt_sld_fab:alt_sld_fab|alt_sld_fab_alt_sld_fab_sldfabric:sldfabric|sld_jtag_hub:\jtag_hub_gen:real_sld_jtag_hub|hub_info_reg_ena~0                        ; LABCELL_X4_Y2_N45    ; 6       ; Clock enable                                       ; no     ; --                   ; --               ; --                        ;
; sld_hub:auto_hub|alt_sld_fab_with_jtag_input:\instrumentation_fabric_with_node_gen:fabric_gen_new_way:with_jtag_input_gen:instrumentation_fabric|alt_sld_fab:instrumentation_fabric|alt_sld_fab_alt_sld_fab:alt_sld_fab|alt_sld_fab_alt_sld_fab_sldfabric:sldfabric|sld_jtag_hub:\jtag_hub_gen:real_sld_jtag_hub|identity_contrib_shift_reg[0]~0           ; LABCELL_X2_Y2_N24    ; 4       ; Clock enable                                       ; no     ; --                   ; --               ; --                        ;
; sld_hub:auto_hub|alt_sld_fab_with_jtag_input:\instrumentation_fabric_with_node_gen:fabric_gen_new_way:with_jtag_input_gen:instrumentation_fabric|alt_sld_fab:instrumentation_fabric|alt_sld_fab_alt_sld_fab:alt_sld_fab|alt_sld_fab_alt_sld_fab_sldfabric:sldfabric|sld_jtag_hub:\jtag_hub_gen:real_sld_jtag_hub|irf_reg[1][0]~2                           ; LABCELL_X2_Y3_N12    ; 2       ; Clock enable                                       ; no     ; --                   ; --               ; --                        ;
; sld_hub:auto_hub|alt_sld_fab_with_jtag_input:\instrumentation_fabric_with_node_gen:fabric_gen_new_way:with_jtag_input_gen:instrumentation_fabric|alt_sld_fab:instrumentation_fabric|alt_sld_fab_alt_sld_fab:alt_sld_fab|alt_sld_fab_alt_sld_fab_sldfabric:sldfabric|sld_jtag_hub:\jtag_hub_gen:real_sld_jtag_hub|irf_reg[2][0]~6                           ; LABCELL_X4_Y2_N30    ; 2       ; Clock enable                                       ; no     ; --                   ; --               ; --                        ;
; sld_hub:auto_hub|alt_sld_fab_with_jtag_input:\instrumentation_fabric_with_node_gen:fabric_gen_new_way:with_jtag_input_gen:instrumentation_fabric|alt_sld_fab:instrumentation_fabric|alt_sld_fab_alt_sld_fab:alt_sld_fab|alt_sld_fab_alt_sld_fab_sldfabric:sldfabric|sld_jtag_hub:\jtag_hub_gen:real_sld_jtag_hub|irsr_reg[2]~2                             ; LABCELL_X4_Y2_N33    ; 7       ; Clock enable                                       ; no     ; --                   ; --               ; --                        ;
; sld_hub:auto_hub|alt_sld_fab_with_jtag_input:\instrumentation_fabric_with_node_gen:fabric_gen_new_way:with_jtag_input_gen:instrumentation_fabric|alt_sld_fab:instrumentation_fabric|alt_sld_fab_alt_sld_fab:alt_sld_fab|alt_sld_fab_alt_sld_fab_sldfabric:sldfabric|sld_jtag_hub:\jtag_hub_gen:real_sld_jtag_hub|mixer_addr_reg_internal[0]~1              ; MLABCELL_X3_Y2_N12   ; 7       ; Clock enable                                       ; no     ; --                   ; --               ; --                        ;
; sld_hub:auto_hub|alt_sld_fab_with_jtag_input:\instrumentation_fabric_with_node_gen:fabric_gen_new_way:with_jtag_input_gen:instrumentation_fabric|alt_sld_fab:instrumentation_fabric|alt_sld_fab_alt_sld_fab:alt_sld_fab|alt_sld_fab_alt_sld_fab_sldfabric:sldfabric|sld_jtag_hub:\jtag_hub_gen:real_sld_jtag_hub|node_ena~2                                ; LABCELL_X2_Y3_N30    ; 2       ; Clock enable                                       ; no     ; --                   ; --               ; --                        ;
; sld_hub:auto_hub|alt_sld_fab_with_jtag_input:\instrumentation_fabric_with_node_gen:fabric_gen_new_way:with_jtag_input_gen:instrumentation_fabric|alt_sld_fab:instrumentation_fabric|alt_sld_fab_alt_sld_fab:alt_sld_fab|alt_sld_fab_alt_sld_fab_sldfabric:sldfabric|sld_jtag_hub:\jtag_hub_gen:real_sld_jtag_hub|reset_ena_reg_proc~0                      ; LABCELL_X4_Y2_N21    ; 5       ; Clock enable                                       ; no     ; --                   ; --               ; --                        ;
; sld_hub:auto_hub|alt_sld_fab_with_jtag_input:\instrumentation_fabric_with_node_gen:fabric_gen_new_way:with_jtag_input_gen:instrumentation_fabric|alt_sld_fab:instrumentation_fabric|alt_sld_fab_alt_sld_fab:alt_sld_fab|alt_sld_fab_alt_sld_fab_sldfabric:sldfabric|sld_jtag_hub:\jtag_hub_gen:real_sld_jtag_hub|shadow_irf_reg[1][0]~2                    ; LABCELL_X2_Y3_N18    ; 2       ; Clock enable                                       ; no     ; --                   ; --               ; --                        ;
; sld_hub:auto_hub|alt_sld_fab_with_jtag_input:\instrumentation_fabric_with_node_gen:fabric_gen_new_way:with_jtag_input_gen:instrumentation_fabric|alt_sld_fab:instrumentation_fabric|alt_sld_fab_alt_sld_fab:alt_sld_fab|alt_sld_fab_alt_sld_fab_sldfabric:sldfabric|sld_jtag_hub:\jtag_hub_gen:real_sld_jtag_hub|shadow_irf_reg[2][0]~5                    ; LABCELL_X2_Y3_N21    ; 2       ; Clock enable                                       ; no     ; --                   ; --               ; --                        ;
; sld_hub:auto_hub|alt_sld_fab_with_jtag_input:\instrumentation_fabric_with_node_gen:fabric_gen_new_way:with_jtag_input_gen:instrumentation_fabric|alt_sld_fab:instrumentation_fabric|alt_sld_fab_alt_sld_fab:alt_sld_fab|alt_sld_fab_alt_sld_fab_sldfabric:sldfabric|sld_jtag_hub:\jtag_hub_gen:real_sld_jtag_hub|sld_rom_sr:hub_info_reg|WORD_SR[1]~5      ; MLABCELL_X3_Y2_N15   ; 4       ; Clock enable                                       ; no     ; --                   ; --               ; --                        ;
; sld_hub:auto_hub|alt_sld_fab_with_jtag_input:\instrumentation_fabric_with_node_gen:fabric_gen_new_way:with_jtag_input_gen:instrumentation_fabric|alt_sld_fab:instrumentation_fabric|alt_sld_fab_alt_sld_fab:alt_sld_fab|alt_sld_fab_alt_sld_fab_sldfabric:sldfabric|sld_jtag_hub:\jtag_hub_gen:real_sld_jtag_hub|sld_rom_sr:hub_info_reg|word_counter[0]~1 ; MLABCELL_X3_Y2_N21   ; 10      ; Clock enable                                       ; no     ; --                   ; --               ; --                        ;
; sld_hub:auto_hub|alt_sld_fab_with_jtag_input:\instrumentation_fabric_with_node_gen:fabric_gen_new_way:with_jtag_input_gen:instrumentation_fabric|alt_sld_fab:instrumentation_fabric|alt_sld_fab_alt_sld_fab:alt_sld_fab|alt_sld_fab_alt_sld_fab_sldfabric:sldfabric|sld_jtag_hub:\jtag_hub_gen:real_sld_jtag_hub|sld_shadow_jsm:shadow_jsm|state[0]        ; FF_X1_Y3_N23         ; 18      ; Async. clear                                       ; no     ; --                   ; --               ; --                        ;
; sld_hub:auto_hub|alt_sld_fab_with_jtag_input:\instrumentation_fabric_with_node_gen:fabric_gen_new_way:with_jtag_input_gen:instrumentation_fabric|alt_sld_fab:instrumentation_fabric|alt_sld_fab_alt_sld_fab:alt_sld_fab|alt_sld_fab_alt_sld_fab_sldfabric:sldfabric|sld_jtag_hub:\jtag_hub_gen:real_sld_jtag_hub|sld_shadow_jsm:shadow_jsm|state[11]       ; FF_X2_Y3_N35         ; 15      ; Clock enable                                       ; no     ; --                   ; --               ; --                        ;
; sld_hub:auto_hub|alt_sld_fab_with_jtag_input:\instrumentation_fabric_with_node_gen:fabric_gen_new_way:with_jtag_input_gen:instrumentation_fabric|alt_sld_fab:instrumentation_fabric|alt_sld_fab_alt_sld_fab:alt_sld_fab|alt_sld_fab_alt_sld_fab_sldfabric:sldfabric|sld_jtag_hub:\jtag_hub_gen:real_sld_jtag_hub|sld_shadow_jsm:shadow_jsm|state[3]        ; FF_X2_Y2_N29         ; 40      ; Sync. load                                         ; no     ; --                   ; --               ; --                        ;
; sld_hub:auto_hub|alt_sld_fab_with_jtag_input:\instrumentation_fabric_with_node_gen:fabric_gen_new_way:with_jtag_input_gen:instrumentation_fabric|alt_sld_fab:instrumentation_fabric|alt_sld_fab_alt_sld_fab:alt_sld_fab|alt_sld_fab_alt_sld_fab_sldfabric:sldfabric|sld_jtag_hub:\jtag_hub_gen:real_sld_jtag_hub|virtual_ir_dr_scan_proc~0                 ; MLABCELL_X3_Y3_N3    ; 3       ; Clock enable                                       ; no     ; --                   ; --               ; --                        ;
; sld_hub:auto_hub|alt_sld_fab_with_jtag_input:\instrumentation_fabric_with_node_gen:fabric_gen_new_way:with_jtag_input_gen:instrumentation_fabric|alt_sld_fab:instrumentation_fabric|alt_sld_fab_alt_sld_fab:alt_sld_fab|alt_sld_fab_alt_sld_fab_sldfabric:sldfabric|sld_jtag_hub:\jtag_hub_gen:real_sld_jtag_hub|virtual_ir_scan_reg                       ; FF_X2_Y3_N44         ; 42      ; Async. clear                                       ; no     ; --                   ; --               ; --                        ;
; sld_hub:auto_hub|alt_sld_fab_with_jtag_input:\instrumentation_fabric_with_node_gen:fabric_gen_new_way:with_jtag_input_gen:instrumentation_fabric|alt_sld_fab:instrumentation_fabric|alt_sld_fab_alt_sld_fab:alt_sld_fab|sldfabric_ident_writedata[0]~0                                                                                                     ; LABCELL_X1_Y4_N54    ; 4       ; Clock enable                                       ; no     ; --                   ; --               ; --                        ;
+------------------------------------------------------------------------------------------------------------------------------------------------------------------------------------------------------------------------------------------------------------------------------------------------------------------------------------------------------------+----------------------+---------+----------------------------------------------------+--------+----------------------+------------------+---------------------------+


+-----------------------------------------------------------------------------------------------------+
; Global & Other Fast Signals                                                                         ;
+----------+----------+---------+----------------------+------------------+---------------------------+
; Name     ; Location ; Fan-Out ; Global Resource Used ; Global Line Name ; Enable Signal Source Name ;
+----------+----------+---------+----------------------+------------------+---------------------------+
; CLOCK_50 ; PIN_N16  ; 2146    ; Global Clock         ; GCLK9            ; --                        ;
+----------+----------+---------+----------------------+------------------+---------------------------+


+-----------------------------------------------------------------------------------+
; Non-Global High Fan-Out Signals                                                   ;
+-------------------------------------------------------------------------+---------+
; Name                                                                    ; Fan-Out ;
+-------------------------------------------------------------------------+---------+
; SOC:u0|SOC_NIOS:nios|SOC_NIOS_cpu:cpu|hq3myc14108phmpo7y7qmhbp98hy0vq~0 ; 1261    ;
; SOC:u0|SOC_NIOS:nios|SOC_NIOS_cpu:cpu|A_mem_stall                       ; 793     ;
+-------------------------------------------------------------------------+---------+


+-------------------------------------------------------------------------------------------------------------------------------------------------------------------------------------------------------------------------------------------------------------------------------------------------------------------------------------------------------------------------------------------------------------------------------------------------------------------------------------------------------------------------------------------------------------------------------------------------------------------------------------------------------------------------------------------------------------------------------------------------------------------------------------------------------------------------------------------------------------------------------------------------------------------------------------------------------------------------------------------------------------------------------------------------------------------------------------------------+
; Fitter RAM Summary                                                                                                                                                                                                                                                                                                                                                                                                                                                                                                                                                                                                                                                                                                                                                                                                                                                                                                                                                                                                                                                                              ;
+----------------------------------------------------------------------------------------------------------------------------------------------------------------------------------------------------------------------------------------------------------------------------------+------+------------------+--------------+--------------+--------------+--------------+--------------+------------------------+-------------------------+------------------------+-------------------------+--------+-----------------------------+-----------------------------+-----------------------------+-----------------------------+---------------------+-------------+-------+-------------+-----------------------------------------------------------------------------------------------------------------------------------------------------------------------------------------------------------------------------------------------------------+----------------------+-----------------+-----------------+----------+------------------------+---------------------------------------------+
; Name                                                                                                                                                                                                                                                                             ; Type ; Mode             ; Clock Mode   ; Port A Depth ; Port A Width ; Port B Depth ; Port B Width ; Port A Input Registers ; Port A Output Registers ; Port B Input Registers ; Port B Output Registers ; Size   ; Implementation Port A Depth ; Implementation Port A Width ; Implementation Port B Depth ; Implementation Port B Width ; Implementation Bits ; M10K blocks ; MLABs ; MIF         ; Location                                                                                                                                                                                                                                                  ; Mixed Width RDW Mode ; Port A RDW Mode ; Port B RDW Mode ; ECC Mode ; ECC Pipeline Registers ; Fits in MLABs                               ;
+----------------------------------------------------------------------------------------------------------------------------------------------------------------------------------------------------------------------------------------------------------------------------------+------+------------------+--------------+--------------+--------------+--------------+--------------+------------------------+-------------------------+------------------------+-------------------------+--------+-----------------------------+-----------------------------+-----------------------------+-----------------------------+---------------------+-------------+-------+-------------+-----------------------------------------------------------------------------------------------------------------------------------------------------------------------------------------------------------------------------------------------------------+----------------------+-----------------+-----------------+----------+------------------------+---------------------------------------------+
; SOC:u0|SOC_FIFO:fifo|SOC_FIFO_scfifo_with_controls:the_scfifo_with_controls|SOC_FIFO_single_clock_fifo:the_scfifo|scfifo:single_clock_fifo|scfifo_h6a1:auto_generated|a_dpfifo_oca1:dpfifo|altsyncram_c3t1:FIFOram|ALTSYNCRAM                                                    ; AUTO ; Simple Dual Port ; Single Clock ; 1024         ; 32           ; 1024         ; 32           ; yes                    ; no                      ; yes                    ; no                      ; 32768  ; 1024                        ; 32                          ; 1024                        ; 32                          ; 32768               ; 4           ; 0     ; None        ; M10K_X26_Y4_N0, M10K_X26_Y6_N0, M10K_X26_Y5_N0, M10K_X26_Y3_N0                                                                                                                                                                                            ; Don't care           ; New data        ; New data        ; Off      ; No                     ; No - Address Too Wide                       ;
; SOC:u0|SOC_NIOS:nios|SOC_NIOS_cpu:cpu|SOC_NIOS_cpu_bht_module:SOC_NIOS_cpu_bht|altsyncram:the_altsyncram|altsyncram_pdj1:auto_generated|ALTSYNCRAM                                                                                                                               ; AUTO ; Simple Dual Port ; Single Clock ; 256          ; 2            ; 256          ; 2            ; yes                    ; no                      ; yes                    ; yes                     ; 512    ; 256                         ; 2                           ; 256                         ; 2                           ; 512                 ; 1           ; 0     ; None        ; M10K_X38_Y9_N0                                                                                                                                                                                                                                            ; Old data             ; New data        ; New data        ; Off      ; No                     ; No - Unsupported Mixed Feed Through Setting ;
; SOC:u0|SOC_NIOS:nios|SOC_NIOS_cpu:cpu|SOC_NIOS_cpu_dc_data_module:SOC_NIOS_cpu_dc_data|altsyncram:the_altsyncram|altsyncram_4kl1:auto_generated|ALTSYNCRAM                                                                                                                       ; AUTO ; Simple Dual Port ; Single Clock ; 512          ; 32           ; 512          ; 32           ; yes                    ; no                      ; yes                    ; no                      ; 16384  ; 512                         ; 32                          ; 512                         ; 32                          ; 16384               ; 2           ; 0     ; None        ; M10K_X38_Y4_N0, M10K_X38_Y5_N0                                                                                                                                                                                                                            ; Don't care           ; New data        ; New data        ; Off      ; No                     ; No - Address Too Wide                       ;
; SOC:u0|SOC_NIOS:nios|SOC_NIOS_cpu:cpu|SOC_NIOS_cpu_dc_tag_module:SOC_NIOS_cpu_dc_tag|altsyncram:the_altsyncram|altsyncram_dmi1:auto_generated|ALTSYNCRAM                                                                                                                         ; AUTO ; Simple Dual Port ; Single Clock ; 64           ; 6            ; 64           ; 6            ; yes                    ; no                      ; yes                    ; no                      ; 384    ; 64                          ; 6                           ; 64                          ; 6                           ; 384                 ; 1           ; 0     ; None        ; M10K_X38_Y6_N0                                                                                                                                                                                                                                            ; Old data             ; New data        ; New data        ; Off      ; No                     ; No - Unsupported Mixed Feed Through Setting ;
; SOC:u0|SOC_NIOS:nios|SOC_NIOS_cpu:cpu|SOC_NIOS_cpu_dc_victim_module:SOC_NIOS_cpu_dc_victim|altsyncram:the_altsyncram|altsyncram_baj1:auto_generated|ALTSYNCRAM                                                                                                                   ; AUTO ; Simple Dual Port ; Single Clock ; 8            ; 32           ; 8            ; 32           ; yes                    ; no                      ; yes                    ; no                      ; 256    ; 8                           ; 32                          ; 8                           ; 32                          ; 256                 ; 1           ; 0     ; None        ; M10K_X38_Y3_N0                                                                                                                                                                                                                                            ; Old data             ; New data        ; New data        ; Off      ; No                     ; No - Unsupported Mixed Feed Through Setting ;
; SOC:u0|SOC_NIOS:nios|SOC_NIOS_cpu:cpu|SOC_NIOS_cpu_ic_data_module:SOC_NIOS_cpu_ic_data|altsyncram:the_altsyncram|altsyncram_spj1:auto_generated|ALTSYNCRAM                                                                                                                       ; AUTO ; Simple Dual Port ; Single Clock ; 1024         ; 32           ; 1024         ; 32           ; yes                    ; no                      ; yes                    ; no                      ; 32768  ; 1024                        ; 32                          ; 1024                        ; 32                          ; 32768               ; 4           ; 0     ; None        ; M10K_X41_Y9_N0, M10K_X41_Y8_N0, M10K_X41_Y7_N0, M10K_X38_Y7_N0                                                                                                                                                                                            ; Don't care           ; New data        ; New data        ; Off      ; No                     ; No - Address Too Wide                       ;
; SOC:u0|SOC_NIOS:nios|SOC_NIOS_cpu:cpu|SOC_NIOS_cpu_ic_tag_module:SOC_NIOS_cpu_ic_tag|altsyncram:the_altsyncram|altsyncram_jgj1:auto_generated|ALTSYNCRAM                                                                                                                         ; AUTO ; Simple Dual Port ; Single Clock ; 128          ; 11           ; 128          ; 11           ; yes                    ; no                      ; yes                    ; no                      ; 1408   ; 128                         ; 11                          ; 128                         ; 11                          ; 1408                ; 1           ; 0     ; None        ; M10K_X38_Y8_N0                                                                                                                                                                                                                                            ; Old data             ; New data        ; New data        ; Off      ; No                     ; No - Unsupported Mixed Feed Through Setting ;
; SOC:u0|SOC_NIOS:nios|SOC_NIOS_cpu:cpu|SOC_NIOS_cpu_nios2_oci:the_SOC_NIOS_cpu_nios2_oci|SOC_NIOS_cpu_nios2_ocimem:the_SOC_NIOS_cpu_nios2_ocimem|SOC_NIOS_cpu_ociram_sp_ram_module:SOC_NIOS_cpu_ociram_sp_ram|altsyncram:the_altsyncram|altsyncram_qid1:auto_generated|ALTSYNCRAM ; AUTO ; Single Port      ; Single Clock ; 256          ; 32           ; --           ; --           ; yes                    ; no                      ; --                     ; --                      ; 8192   ; 256                         ; 32                          ; --                          ; --                          ; 8192                ; 1           ; 0     ; None        ; M10K_X5_Y5_N0                                                                                                                                                                                                                                             ; Don't care           ; Don't care      ; New data        ; Off      ; No                     ; No - Unsupported Depth                      ;
; SOC:u0|SOC_NIOS:nios|SOC_NIOS_cpu:cpu|SOC_NIOS_cpu_register_bank_a_module:SOC_NIOS_cpu_register_bank_a|altsyncram:the_altsyncram|altsyncram_voi1:auto_generated|ALTSYNCRAM                                                                                                       ; AUTO ; Simple Dual Port ; Single Clock ; 32           ; 32           ; 32           ; 32           ; yes                    ; no                      ; yes                    ; no                      ; 1024   ; 32                          ; 32                          ; 32                          ; 32                          ; 1024                ; 1           ; 0     ; None        ; M10K_X49_Y6_N0                                                                                                                                                                                                                                            ; Old data             ; New data        ; New data        ; Off      ; No                     ; No - Unsupported Mixed Feed Through Setting ;
; SOC:u0|SOC_NIOS:nios|SOC_NIOS_cpu:cpu|SOC_NIOS_cpu_register_bank_b_module:SOC_NIOS_cpu_register_bank_b|altsyncram:the_altsyncram|altsyncram_voi1:auto_generated|ALTSYNCRAM                                                                                                       ; AUTO ; Simple Dual Port ; Single Clock ; 32           ; 32           ; 32           ; 32           ; yes                    ; no                      ; yes                    ; no                      ; 1024   ; 32                          ; 32                          ; 32                          ; 32                          ; 1024                ; 1           ; 0     ; None        ; M10K_X49_Y7_N0                                                                                                                                                                                                                                            ; Old data             ; New data        ; New data        ; Off      ; No                     ; No - Unsupported Mixed Feed Through Setting ;
; SOC:u0|SOC_RAM:ram|altsyncram:the_altsyncram|altsyncram_rml1:auto_generated|ALTSYNCRAM                                                                                                                                                                                           ; AUTO ; Single Port      ; Single Clock ; 4096         ; 32           ; --           ; --           ; yes                    ; no                      ; --                     ; --                      ; 131072 ; 4096                        ; 32                          ; --                          ; --                          ; 131072              ; 16          ; 0     ; SOC_RAM.hex ; M10K_X14_Y1_N0, M10K_X26_Y7_N0, M10K_X14_Y3_N0, M10K_X26_Y8_N0, M10K_X5_Y2_N0, M10K_X14_Y4_N0, M10K_X26_Y9_N0, M10K_X5_Y3_N0, M10K_X26_Y2_N0, M10K_X26_Y1_N0, M10K_X14_Y5_N0, M10K_X5_Y4_N0, M10K_X5_Y7_N0, M10K_X5_Y6_N0, M10K_X14_Y7_N0, M10K_X14_Y2_N0 ; Don't care           ; Don't care      ; New data        ; Off      ; No                     ; No - Address Too Wide                       ;
; SOC:u0|SOC_audio_0:audio_0|altera_up_audio_in_deserializer:Audio_In_Deserializer|altera_up_sync_fifo:Audio_In_Left_Channel_FIFO|scfifo:Sync_FIFO|scfifo_9ba1:auto_generated|a_dpfifo_s2a1:dpfifo|altsyncram_r3i1:FIFOram|ALTSYNCRAM                                              ; AUTO ; Simple Dual Port ; Single Clock ; 128          ; 16           ; 128          ; 16           ; yes                    ; no                      ; yes                    ; no                      ; 2048   ; 128                         ; 16                          ; 128                         ; 16                          ; 2048                ; 1           ; 0     ; None        ; M10K_X14_Y9_N0                                                                                                                                                                                                                                            ; Don't care           ; New data        ; New data        ; Off      ; No                     ; Yes                                         ;
; SOC:u0|SOC_audio_0:audio_0|altera_up_audio_in_deserializer:Audio_In_Deserializer|altera_up_sync_fifo:Audio_In_Right_Channel_FIFO|scfifo:Sync_FIFO|scfifo_9ba1:auto_generated|a_dpfifo_s2a1:dpfifo|altsyncram_r3i1:FIFOram|ALTSYNCRAM                                             ; AUTO ; Simple Dual Port ; Single Clock ; 128          ; 16           ; 128          ; 16           ; yes                    ; no                      ; yes                    ; no                      ; 2048   ; 128                         ; 16                          ; 128                         ; 16                          ; 2048                ; 1           ; 0     ; None        ; M10K_X14_Y10_N0                                                                                                                                                                                                                                           ; Don't care           ; New data        ; New data        ; Off      ; No                     ; Yes                                         ;
; SOC:u0|SOC_audio_0:audio_0|altera_up_audio_out_serializer:Audio_Out_Serializer|altera_up_sync_fifo:Audio_Out_Left_Channel_FIFO|scfifo:Sync_FIFO|scfifo_9ba1:auto_generated|a_dpfifo_s2a1:dpfifo|altsyncram_r3i1:FIFOram|ALTSYNCRAM                                               ; AUTO ; Simple Dual Port ; Single Clock ; 128          ; 16           ; 128          ; 16           ; yes                    ; no                      ; yes                    ; no                      ; 2048   ; 128                         ; 16                          ; 128                         ; 16                          ; 2048                ; 1           ; 0     ; None        ; M10K_X14_Y6_N0                                                                                                                                                                                                                                            ; Don't care           ; New data        ; New data        ; Off      ; No                     ; Yes                                         ;
; SOC:u0|SOC_audio_0:audio_0|altera_up_audio_out_serializer:Audio_Out_Serializer|altera_up_sync_fifo:Audio_Out_Right_Channel_FIFO|scfifo:Sync_FIFO|scfifo_9ba1:auto_generated|a_dpfifo_s2a1:dpfifo|altsyncram_r3i1:FIFOram|ALTSYNCRAM                                              ; AUTO ; Simple Dual Port ; Single Clock ; 128          ; 16           ; 128          ; 16           ; yes                    ; no                      ; yes                    ; no                      ; 2048   ; 128                         ; 16                          ; 128                         ; 16                          ; 2048                ; 1           ; 0     ; None        ; M10K_X14_Y8_N0                                                                                                                                                                                                                                            ; Don't care           ; New data        ; New data        ; Off      ; No                     ; Yes                                         ;
+----------------------------------------------------------------------------------------------------------------------------------------------------------------------------------------------------------------------------------------------------------------------------------+------+------------------+--------------+--------------+--------------+--------------+--------------+------------------------+-------------------------+------------------------+-------------------------+--------+-----------------------------+-----------------------------+-----------------------------+-----------------------------+---------------------+-------------+-------+-------------+-----------------------------------------------------------------------------------------------------------------------------------------------------------------------------------------------------------------------------------------------------------+----------------------+-----------------+-----------------+----------+------------------------+---------------------------------------------+
Note: Fitter may spread logical memories into multiple blocks to improve timing. The actual required RAM blocks can be found in the Fitter Resource Usage section.


+-----------------------------------------------+
; Fitter DSP Block Usage Summary                ;
+---------------------------------+-------------+
; Statistic                       ; Number Used ;
+---------------------------------+-------------+
; Two Independent 18x18           ; 3           ;
; Total number of DSP blocks      ; 3           ;
;                                 ;             ;
; Fixed Point Unsigned Multiplier ; 3           ;
+---------------------------------+-------------+


+-------------------------------------------------------------------------------------------------------------------------------------------------------------------------------------------------------------------------------------------------------------------------------------------------------------------------------------------------------------------------------------------------------------------------------------------------------------------------------------------------------------------------------------------------------------------------------------------------------------------------------------------------------+
; DSP Block Details                                                                                                                                                                                                                                                                                                                                                                                                                                                                                                                                                                                                                                     ;
+------------------------------------------------------------------------------------------------------------------------------------------------------------------------------------------------------------------------------------------------------------+-----------------------+---------------+---------------------+------------------------+------------------------+------------------------+------------------------+------------------------+------------------------+-----------------+--------------------------------+---------------------+-------------------------------+------------------------------+------------------------------+
; Name                                                                                                                                                                                                                                                       ; Mode                  ; Location      ; Sign Representation ; Data AX Input Register ; Data AY Input Register ; Data AZ Input Register ; Data BX Input Register ; Data BY Input Register ; Data BZ Input Register ; Output Register ; Dedicated Shift Register Chain ; Dedicated Pre-Adder ; Dedicated Coefficient Storage ; Dedicated Output Adder Chain ; Dedicated Output Accumulator ;
+------------------------------------------------------------------------------------------------------------------------------------------------------------------------------------------------------------------------------------------------------------+-----------------------+---------------+---------------------+------------------------+------------------------+------------------------+------------------------+------------------------+------------------------+-----------------+--------------------------------+---------------------+-------------------------------+------------------------------+------------------------------+
; SOC:u0|SOC_NIOS:nios|SOC_NIOS_cpu:cpu|SOC_NIOS_cpu_mult_cell:the_SOC_NIOS_cpu_mult_cell|altera_mult_add:the_altmult_add_p1|altera_mult_add_37p2:auto_generated|altera_mult_add_rtl:altera_mult_add_rtl1|ama_multiplier_function:multiplier_block|Mult0~mac ; Two Independent 18x18 ; DSP_X54_Y6_N0 ; Unsigned            ; no                     ; no                     ; --                     ; --                     ; --                     ; --                     ; yes             ; no                             ; no                  ; no                            ; no                           ; no                           ;
; SOC:u0|SOC_NIOS:nios|SOC_NIOS_cpu:cpu|SOC_NIOS_cpu_mult_cell:the_SOC_NIOS_cpu_mult_cell|altera_mult_add:the_altmult_add_p3|altera_mult_add_37p2:auto_generated|altera_mult_add_rtl:altera_mult_add_rtl1|ama_multiplier_function:multiplier_block|Mult0~mac ; Two Independent 18x18 ; DSP_X54_Y4_N0 ; Unsigned            ; no                     ; no                     ; --                     ; --                     ; --                     ; --                     ; yes             ; no                             ; no                  ; no                            ; no                           ; no                           ;
; SOC:u0|SOC_NIOS:nios|SOC_NIOS_cpu:cpu|SOC_NIOS_cpu_mult_cell:the_SOC_NIOS_cpu_mult_cell|altera_mult_add:the_altmult_add_p2|altera_mult_add_37p2:auto_generated|altera_mult_add_rtl:altera_mult_add_rtl1|ama_multiplier_function:multiplier_block|Mult0~mac ; Two Independent 18x18 ; DSP_X54_Y8_N0 ; Unsigned            ; yes                    ; no                     ; --                     ; --                     ; --                     ; --                     ; yes             ; no                             ; no                  ; no                            ; no                           ; no                           ;
+------------------------------------------------------------------------------------------------------------------------------------------------------------------------------------------------------------------------------------------------------------+-----------------------+---------------+---------------------+------------------------+------------------------+------------------------+------------------------+------------------------+------------------------+-----------------+--------------------------------+---------------------+-------------------------------+------------------------------+------------------------------+


+----------------------------------------------------------+
; Routing Usage Summary                                    ;
+------------------------------+---------------------------+
; Routing Resource Type        ; Usage                     ;
+------------------------------+---------------------------+
; Block interconnects          ; 6,284 / 374,484 ( 2 % )   ;
; C12 interconnects            ; 5 / 16,664 ( < 1 % )      ;
; C2 interconnects             ; 1,879 / 155,012 ( 1 % )   ;
; C4 interconnects             ; 868 / 72,600 ( 1 % )      ;
; DQS bus muxes                ; 0 / 30 ( 0 % )            ;
; DQS-18 I/O buses             ; 0 / 30 ( 0 % )            ;
; DQS-9 I/O buses              ; 0 / 30 ( 0 % )            ;
; Direct links                 ; 520 / 374,484 ( < 1 % )   ;
; Global clocks                ; 1 / 16 ( 6 % )            ;
; Horizontal periphery clocks  ; 0 / 72 ( 0 % )            ;
; Local interconnects          ; 1,114 / 112,960 ( < 1 % ) ;
; Quadrant clocks              ; 0 / 88 ( 0 % )            ;
; R14 interconnects            ; 75 / 15,868 ( < 1 % )     ;
; R14/C12 interconnect drivers ; 75 / 27,256 ( < 1 % )     ;
; R3 interconnects             ; 2,562 / 169,296 ( 2 % )   ;
; R6 interconnects             ; 4,320 / 330,800 ( 1 % )   ;
; Spine clocks                 ; 3 / 480 ( < 1 % )         ;
; Wire stub REs                ; 0 / 20,834 ( 0 % )        ;
+------------------------------+---------------------------+


+------------------------------------------+
; I/O Rules Summary                        ;
+----------------------------------+-------+
; I/O Rules Statistic              ; Total ;
+----------------------------------+-------+
; Total I/O Rules                  ; 28    ;
; Number of I/O Rules Passed       ; 7     ;
; Number of I/O Rules Failed       ; 0     ;
; Number of I/O Rules Unchecked    ; 0     ;
; Number of I/O Rules Inapplicable ; 21    ;
+----------------------------------+-------+


+-----------------------------------------------------------------------------------------------------------------------------------------------------------------------------------------------------------------------------------------------------------------------------------+
; I/O Rules Details                                                                                                                                                                                                                                                                 ;
+--------------+-----------+-----------------------------------+------------------------------------------------------------------------------------+----------+--------------------------------------------------------------------------+---------------------+-------------------+
; Status       ; ID        ; Category                          ; Rule Description                                                                   ; Severity ; Information                                                              ; Area                ; Extra Information ;
+--------------+-----------+-----------------------------------+------------------------------------------------------------------------------------+----------+--------------------------------------------------------------------------+---------------------+-------------------+
; Inapplicable ; IO_000001 ; Capacity Checks                   ; Number of pins in an I/O bank should not exceed the number of locations available. ; Critical ; No Location assignments found.                                           ; I/O                 ;                   ;
; Inapplicable ; IO_000002 ; Capacity Checks                   ; Number of clocks in an I/O bank should not exceed the number of clocks available.  ; Critical ; No Global Signal assignments found.                                      ; I/O                 ;                   ;
; Inapplicable ; IO_000003 ; Capacity Checks                   ; Number of pins in a Vrefgroup should not exceed the number of locations available. ; Critical ; No Location assignments found.                                           ; I/O                 ;                   ;
; Inapplicable ; IO_000004 ; Voltage Compatibility Checks      ; The I/O bank should support the requested VCCIO.                                   ; Critical ; No IOBANK_VCCIO assignments found.                                       ; I/O                 ;                   ;
; Inapplicable ; IO_000005 ; Voltage Compatibility Checks      ; The I/O bank should not have competing VREF values.                                ; Critical ; No VREF I/O Standard assignments found.                                  ; I/O                 ;                   ;
; Pass         ; IO_000006 ; Voltage Compatibility Checks      ; The I/O bank should not have competing VCCIO values.                               ; Critical ; 0 such failures found.                                                   ; I/O                 ;                   ;
; Inapplicable ; IO_000007 ; Valid Location Checks             ; Checks for unavailable locations.                                                  ; Critical ; No Location assignments found.                                           ; I/O                 ;                   ;
; Inapplicable ; IO_000008 ; Valid Location Checks             ; Checks for reserved locations.                                                     ; Critical ; No reserved LogicLock region found.                                      ; I/O                 ;                   ;
; Pass         ; IO_000009 ; I/O Properties Checks for One I/O ; The location should support the requested I/O standard.                            ; Critical ; 0 such failures found.                                                   ; I/O                 ;                   ;
; Pass         ; IO_000010 ; I/O Properties Checks for One I/O ; The location should support the requested I/O direction.                           ; Critical ; 0 such failures found.                                                   ; I/O                 ;                   ;
; Inapplicable ; IO_000011 ; I/O Properties Checks for One I/O ; The location should support the requested Current Strength.                        ; Critical ; No Current Strength assignments found.                                   ; I/O                 ;                   ;
; Pass         ; IO_000012 ; I/O Properties Checks for One I/O ; The location should support the requested On Chip Termination value.               ; Critical ; 0 such failures found.                                                   ; I/O                 ;                   ;
; Inapplicable ; IO_000013 ; I/O Properties Checks for One I/O ; The location should support the requested Bus Hold value.                          ; Critical ; No Enable Bus-Hold Circuitry assignments found.                          ; I/O                 ;                   ;
; Inapplicable ; IO_000014 ; I/O Properties Checks for One I/O ; The location should support the requested Weak Pull Up value.                      ; Critical ; No Weak Pull-Up Resistor assignments found.                              ; I/O                 ;                   ;
; Inapplicable ; IO_000015 ; I/O Properties Checks for One I/O ; The location should support the requested PCI Clamp Diode.                         ; Critical ; No Clamping Diode assignments found.                                     ; I/O                 ;                   ;
; Inapplicable ; IO_000018 ; I/O Properties Checks for One I/O ; The I/O standard should support the requested Current Strength.                    ; Critical ; No Current Strength assignments found.                                   ; I/O                 ;                   ;
; Pass         ; IO_000019 ; I/O Properties Checks for One I/O ; The I/O standard should support the requested On Chip Termination value.           ; Critical ; 0 such failures found.                                                   ; I/O                 ;                   ;
; Inapplicable ; IO_000020 ; I/O Properties Checks for One I/O ; The I/O standard should support the requested PCI Clamp Diode.                     ; Critical ; No Clamping Diode assignments found.                                     ; I/O                 ;                   ;
; Inapplicable ; IO_000021 ; I/O Properties Checks for One I/O ; The I/O standard should support the requested Weak Pull Up value.                  ; Critical ; No Weak Pull-Up Resistor assignments found.                              ; I/O                 ;                   ;
; Inapplicable ; IO_000022 ; I/O Properties Checks for One I/O ; The I/O standard should support the requested Bus Hold value.                      ; Critical ; No Enable Bus-Hold Circuitry assignments found.                          ; I/O                 ;                   ;
; Pass         ; IO_000023 ; I/O Properties Checks for One I/O ; The I/O standard should support the Open Drain value.                              ; Critical ; 0 such failures found.                                                   ; I/O                 ;                   ;
; Pass         ; IO_000024 ; I/O Properties Checks for One I/O ; The I/O direction should support the On Chip Termination value.                    ; Critical ; 0 such failures found.                                                   ; I/O                 ;                   ;
; Inapplicable ; IO_000026 ; I/O Properties Checks for One I/O ; On Chip Termination and Current Strength should not be used at the same time.      ; Critical ; No Current Strength assignments found.                                   ; I/O                 ;                   ;
; Inapplicable ; IO_000027 ; I/O Properties Checks for One I/O ; Weak Pull Up and Bus Hold should not be used at the same time.                     ; Critical ; No Enable Bus-Hold Circuitry or Weak Pull-Up Resistor assignments found. ; I/O                 ;                   ;
; Inapplicable ; IO_000045 ; I/O Properties Checks for One I/O ; The I/O standard should support the requested Slew Rate value.                     ; Critical ; No Slew Rate assignments found.                                          ; I/O                 ;                   ;
; Inapplicable ; IO_000046 ; I/O Properties Checks for One I/O ; The location should support the requested Slew Rate value.                         ; Critical ; No Slew Rate assignments found.                                          ; I/O                 ;                   ;
; Inapplicable ; IO_000047 ; I/O Properties Checks for One I/O ; On Chip Termination and Slew Rate should not be used at the same time.             ; Critical ; No Slew Rate assignments found.                                          ; I/O                 ;                   ;
; Inapplicable ; IO_000034 ; SI Related Distance Checks        ; Single-ended outputs should be 0 LAB row(s) away from a differential I/O.          ; High     ; No Differential I/O Standard assignments found.                          ; I/O                 ;                   ;
; ----         ; ----      ; Disclaimer                        ; OCT rules are checked but not reported.                                            ; None     ; ----                                                                     ; On Chip Termination ;                   ;
+--------------+-----------+-----------------------------------+------------------------------------------------------------------------------------+----------+--------------------------------------------------------------------------+---------------------+-------------------+


+------------------------------------------------------------------------------------------------------------------------------------------------------------------------------------------------------------------------------------------------------------------------------------------------------------------------------------------------------------------------------------------------------------------------------------------------+
; I/O Rules Matrix                                                                                                                                                                                                                                                                                                                                                                                                                               ;
+---------------------+--------------+--------------+--------------+--------------+--------------+-----------+--------------+--------------+-----------+-----------+--------------+--------------+--------------+--------------+--------------+--------------+--------------+--------------+--------------+--------------+--------------+--------------+--------------+--------------+--------------+--------------+--------------+--------------+
; Pin/Rules           ; IO_000001    ; IO_000002    ; IO_000003    ; IO_000004    ; IO_000005    ; IO_000006 ; IO_000007    ; IO_000008    ; IO_000009 ; IO_000010 ; IO_000011    ; IO_000012    ; IO_000013    ; IO_000014    ; IO_000015    ; IO_000018    ; IO_000019    ; IO_000020    ; IO_000021    ; IO_000022    ; IO_000023    ; IO_000024    ; IO_000026    ; IO_000027    ; IO_000045    ; IO_000046    ; IO_000047    ; IO_000034    ;
+---------------------+--------------+--------------+--------------+--------------+--------------+-----------+--------------+--------------+-----------+-----------+--------------+--------------+--------------+--------------+--------------+--------------+--------------+--------------+--------------+--------------+--------------+--------------+--------------+--------------+--------------+--------------+--------------+--------------+
; Total Pass          ; 0            ; 0            ; 0            ; 0            ; 0            ; 16        ; 0            ; 0            ; 16        ; 16        ; 0            ; 6            ; 0            ; 0            ; 0            ; 0            ; 6            ; 0            ; 0            ; 0            ; 3            ; 6            ; 0            ; 0            ; 0            ; 0            ; 0            ; 0            ;
; Total Unchecked     ; 0            ; 0            ; 0            ; 0            ; 0            ; 0         ; 0            ; 0            ; 0         ; 0         ; 0            ; 0            ; 0            ; 0            ; 0            ; 0            ; 0            ; 0            ; 0            ; 0            ; 0            ; 0            ; 0            ; 0            ; 0            ; 0            ; 0            ; 0            ;
; Total Inapplicable  ; 16           ; 16           ; 16           ; 16           ; 16           ; 0         ; 16           ; 16           ; 0         ; 0         ; 16           ; 10           ; 16           ; 16           ; 16           ; 16           ; 10           ; 16           ; 16           ; 16           ; 13           ; 10           ; 16           ; 16           ; 16           ; 16           ; 16           ; 16           ;
; Total Fail          ; 0            ; 0            ; 0            ; 0            ; 0            ; 0         ; 0            ; 0            ; 0         ; 0         ; 0            ; 0            ; 0            ; 0            ; 0            ; 0            ; 0            ; 0            ; 0            ; 0            ; 0            ; 0            ; 0            ; 0            ; 0            ; 0            ; 0            ; 0            ;
; KEY[1]              ; Inapplicable ; Inapplicable ; Inapplicable ; Inapplicable ; Inapplicable ; Pass      ; Inapplicable ; Inapplicable ; Pass      ; Pass      ; Inapplicable ; Inapplicable ; Inapplicable ; Inapplicable ; Inapplicable ; Inapplicable ; Inapplicable ; Inapplicable ; Inapplicable ; Inapplicable ; Inapplicable ; Inapplicable ; Inapplicable ; Inapplicable ; Inapplicable ; Inapplicable ; Inapplicable ; Inapplicable ;
; KEY[2]              ; Inapplicable ; Inapplicable ; Inapplicable ; Inapplicable ; Inapplicable ; Pass      ; Inapplicable ; Inapplicable ; Pass      ; Pass      ; Inapplicable ; Inapplicable ; Inapplicable ; Inapplicable ; Inapplicable ; Inapplicable ; Inapplicable ; Inapplicable ; Inapplicable ; Inapplicable ; Inapplicable ; Inapplicable ; Inapplicable ; Inapplicable ; Inapplicable ; Inapplicable ; Inapplicable ; Inapplicable ;
; KEY[3]              ; Inapplicable ; Inapplicable ; Inapplicable ; Inapplicable ; Inapplicable ; Pass      ; Inapplicable ; Inapplicable ; Pass      ; Pass      ; Inapplicable ; Inapplicable ; Inapplicable ; Inapplicable ; Inapplicable ; Inapplicable ; Inapplicable ; Inapplicable ; Inapplicable ; Inapplicable ; Inapplicable ; Inapplicable ; Inapplicable ; Inapplicable ; Inapplicable ; Inapplicable ; Inapplicable ; Inapplicable ;
; AUD_I2C_SCLK        ; Inapplicable ; Inapplicable ; Inapplicable ; Inapplicable ; Inapplicable ; Pass      ; Inapplicable ; Inapplicable ; Pass      ; Pass      ; Inapplicable ; Pass         ; Inapplicable ; Inapplicable ; Inapplicable ; Inapplicable ; Pass         ; Inapplicable ; Inapplicable ; Inapplicable ; Inapplicable ; Pass         ; Inapplicable ; Inapplicable ; Inapplicable ; Inapplicable ; Inapplicable ; Inapplicable ;
; AUD_DACDAT          ; Inapplicable ; Inapplicable ; Inapplicable ; Inapplicable ; Inapplicable ; Pass      ; Inapplicable ; Inapplicable ; Pass      ; Pass      ; Inapplicable ; Pass         ; Inapplicable ; Inapplicable ; Inapplicable ; Inapplicable ; Pass         ; Inapplicable ; Inapplicable ; Inapplicable ; Inapplicable ; Pass         ; Inapplicable ; Inapplicable ; Inapplicable ; Inapplicable ; Inapplicable ; Inapplicable ;
; AUD_I2C_SDAT        ; Inapplicable ; Inapplicable ; Inapplicable ; Inapplicable ; Inapplicable ; Pass      ; Inapplicable ; Inapplicable ; Pass      ; Pass      ; Inapplicable ; Pass         ; Inapplicable ; Inapplicable ; Inapplicable ; Inapplicable ; Pass         ; Inapplicable ; Inapplicable ; Inapplicable ; Inapplicable ; Pass         ; Inapplicable ; Inapplicable ; Inapplicable ; Inapplicable ; Inapplicable ; Inapplicable ;
; AUD_ADCLRCK         ; Inapplicable ; Inapplicable ; Inapplicable ; Inapplicable ; Inapplicable ; Pass      ; Inapplicable ; Inapplicable ; Pass      ; Pass      ; Inapplicable ; Pass         ; Inapplicable ; Inapplicable ; Inapplicable ; Inapplicable ; Pass         ; Inapplicable ; Inapplicable ; Inapplicable ; Pass         ; Pass         ; Inapplicable ; Inapplicable ; Inapplicable ; Inapplicable ; Inapplicable ; Inapplicable ;
; AUD_DACLRCK         ; Inapplicable ; Inapplicable ; Inapplicable ; Inapplicable ; Inapplicable ; Pass      ; Inapplicable ; Inapplicable ; Pass      ; Pass      ; Inapplicable ; Pass         ; Inapplicable ; Inapplicable ; Inapplicable ; Inapplicable ; Pass         ; Inapplicable ; Inapplicable ; Inapplicable ; Pass         ; Pass         ; Inapplicable ; Inapplicable ; Inapplicable ; Inapplicable ; Inapplicable ; Inapplicable ;
; AUD_BCLK            ; Inapplicable ; Inapplicable ; Inapplicable ; Inapplicable ; Inapplicable ; Pass      ; Inapplicable ; Inapplicable ; Pass      ; Pass      ; Inapplicable ; Pass         ; Inapplicable ; Inapplicable ; Inapplicable ; Inapplicable ; Pass         ; Inapplicable ; Inapplicable ; Inapplicable ; Pass         ; Pass         ; Inapplicable ; Inapplicable ; Inapplicable ; Inapplicable ; Inapplicable ; Inapplicable ;
; CLOCK_50            ; Inapplicable ; Inapplicable ; Inapplicable ; Inapplicable ; Inapplicable ; Pass      ; Inapplicable ; Inapplicable ; Pass      ; Pass      ; Inapplicable ; Inapplicable ; Inapplicable ; Inapplicable ; Inapplicable ; Inapplicable ; Inapplicable ; Inapplicable ; Inapplicable ; Inapplicable ; Inapplicable ; Inapplicable ; Inapplicable ; Inapplicable ; Inapplicable ; Inapplicable ; Inapplicable ; Inapplicable ;
; KEY[0]              ; Inapplicable ; Inapplicable ; Inapplicable ; Inapplicable ; Inapplicable ; Pass      ; Inapplicable ; Inapplicable ; Pass      ; Pass      ; Inapplicable ; Inapplicable ; Inapplicable ; Inapplicable ; Inapplicable ; Inapplicable ; Inapplicable ; Inapplicable ; Inapplicable ; Inapplicable ; Inapplicable ; Inapplicable ; Inapplicable ; Inapplicable ; Inapplicable ; Inapplicable ; Inapplicable ; Inapplicable ;
; AUD_ADCDAT          ; Inapplicable ; Inapplicable ; Inapplicable ; Inapplicable ; Inapplicable ; Pass      ; Inapplicable ; Inapplicable ; Pass      ; Pass      ; Inapplicable ; Inapplicable ; Inapplicable ; Inapplicable ; Inapplicable ; Inapplicable ; Inapplicable ; Inapplicable ; Inapplicable ; Inapplicable ; Inapplicable ; Inapplicable ; Inapplicable ; Inapplicable ; Inapplicable ; Inapplicable ; Inapplicable ; Inapplicable ;
; altera_reserved_tms ; Inapplicable ; Inapplicable ; Inapplicable ; Inapplicable ; Inapplicable ; Pass      ; Inapplicable ; Inapplicable ; Pass      ; Pass      ; Inapplicable ; Inapplicable ; Inapplicable ; Inapplicable ; Inapplicable ; Inapplicable ; Inapplicable ; Inapplicable ; Inapplicable ; Inapplicable ; Inapplicable ; Inapplicable ; Inapplicable ; Inapplicable ; Inapplicable ; Inapplicable ; Inapplicable ; Inapplicable ;
; altera_reserved_tck ; Inapplicable ; Inapplicable ; Inapplicable ; Inapplicable ; Inapplicable ; Pass      ; Inapplicable ; Inapplicable ; Pass      ; Pass      ; Inapplicable ; Inapplicable ; Inapplicable ; Inapplicable ; Inapplicable ; Inapplicable ; Inapplicable ; Inapplicable ; Inapplicable ; Inapplicable ; Inapplicable ; Inapplicable ; Inapplicable ; Inapplicable ; Inapplicable ; Inapplicable ; Inapplicable ; Inapplicable ;
; altera_reserved_tdi ; Inapplicable ; Inapplicable ; Inapplicable ; Inapplicable ; Inapplicable ; Pass      ; Inapplicable ; Inapplicable ; Pass      ; Pass      ; Inapplicable ; Inapplicable ; Inapplicable ; Inapplicable ; Inapplicable ; Inapplicable ; Inapplicable ; Inapplicable ; Inapplicable ; Inapplicable ; Inapplicable ; Inapplicable ; Inapplicable ; Inapplicable ; Inapplicable ; Inapplicable ; Inapplicable ; Inapplicable ;
; altera_reserved_tdo ; Inapplicable ; Inapplicable ; Inapplicable ; Inapplicable ; Inapplicable ; Pass      ; Inapplicable ; Inapplicable ; Pass      ; Pass      ; Inapplicable ; Inapplicable ; Inapplicable ; Inapplicable ; Inapplicable ; Inapplicable ; Inapplicable ; Inapplicable ; Inapplicable ; Inapplicable ; Inapplicable ; Inapplicable ; Inapplicable ; Inapplicable ; Inapplicable ; Inapplicable ; Inapplicable ; Inapplicable ;
+---------------------+--------------+--------------+--------------+--------------+--------------+-----------+--------------+--------------+-----------+-----------+--------------+--------------+--------------+--------------+--------------+--------------+--------------+--------------+--------------+--------------+--------------+--------------+--------------+--------------+--------------+--------------+--------------+--------------+


+------------------------------------------------------------------------------------------------+
; Fitter Device Options                                                                          ;
+------------------------------------------------------------------+-----------------------------+
; Option                                                           ; Setting                     ;
+------------------------------------------------------------------+-----------------------------+
; Enable user-supplied start-up clock (CLKUSR)                     ; Off                         ;
; Enable device-wide reset (DEV_CLRn)                              ; Off                         ;
; Enable device-wide output enable (DEV_OE)                        ; Off                         ;
; Enable INIT_DONE output                                          ; Off                         ;
; Configuration scheme                                             ; Passive Serial              ;
; Enable Error Detection CRC_ERROR pin                             ; Off                         ;
; Enable CvP_CONFDONE pin                                          ; Off                         ;
; Enable open drain on CRC_ERROR pin                               ; On                          ;
; Enable open drain on CvP_CONFDONE pin                            ; On                          ;
; Enable open drain on INIT_DONE pin                               ; On                          ;
; Enable open drain on Partial Reconfiguration pins                ; Off                         ;
; Enable open drain on nCEO pin                                    ; On                          ;
; Enable Partial Reconfiguration pins                              ; Off                         ;
; Enable input tri-state on active configuration pins in user mode ; Off                         ;
; Enable internal scrubbing                                        ; Off                         ;
; Active Serial clock source                                       ; 100 MHz Internal Oscillator ;
; Device initialization clock source                               ; Internal Oscillator         ;
; Configuration via Protocol                                       ; Off                         ;
; Configuration Voltage Level                                      ; Auto                        ;
; Force Configuration Voltage Level                                ; Off                         ;
; Enable nCEO output                                               ; Off                         ;
; Data[15..8]                                                      ; Unreserved                  ;
; Data[7..5]                                                       ; Unreserved                  ;
; Base pin-out file on sameframe device                            ; Off                         ;
+------------------------------------------------------------------+-----------------------------+


+------------------------------------+
; Operating Settings and Conditions  ;
+---------------------------+--------+
; Setting                   ; Value  ;
+---------------------------+--------+
; Nominal Core Voltage      ; 1.10 V ;
; Low Junction Temperature  ; 0 °C   ;
; High Junction Temperature ; 85 °C  ;
+---------------------------+--------+


+--------------------------------------------------------------------+
; Estimated Delay Added for Hold Timing Summary                      ;
+-------------------------+----------------------+-------------------+
; Source Clock(s)         ; Destination Clock(s) ; Delay Added in ns ;
+-------------------------+----------------------+-------------------+
; altera_reserved_tck     ; altera_reserved_tck  ; 244.4             ;
; altera_reserved_tck,I/O ; altera_reserved_tck  ; 16.9              ;
+-------------------------+----------------------+-------------------+
Note: For more information on problematic transfers, consider running the Fitter again with the Optimize hold timing option (Settings Menu) turned off.
This will disable optimization of problematic paths and expose them for further analysis using the Timing Analyzer.


+-------------------------------------------------------------------------------------------------------------------------------------------------------------------------------------------------------------------------------------------------------------------------------------------------------------------------------------------------------------------------------------------------------------------------------------------------------------------------------------------------------------------------------------------------------------------------------------------------------------------------------------------------------------------------------------------------------------------------------------+
; Estimated Delay Added for Hold Timing Details                                                                                                                                                                                                                                                                                                                                                                                                                                                                                                                                                                                                                                                                                       ;
+----------------------------------------------------------------------------------------------------------------------------------------------------------------------------------------------------------------------------------------------------------------------------------------------------------------------------------------------------------+------------------------------------------------------------------------------------------------------------------------------------------------------------------------------------------------------------------------------------------------------------------------------------------------------------------------------------------------------+-------------------+
; Source Register                                                                                                                                                                                                                                                                                                                                          ; Destination Register                                                                                                                                                                                                                                                                                                                                 ; Delay Added in ns ;
+----------------------------------------------------------------------------------------------------------------------------------------------------------------------------------------------------------------------------------------------------------------------------------------------------------------------------------------------------------+------------------------------------------------------------------------------------------------------------------------------------------------------------------------------------------------------------------------------------------------------------------------------------------------------------------------------------------------------+-------------------+
; sld_hub:auto_hub|alt_sld_fab_with_jtag_input:\instrumentation_fabric_with_node_gen:fabric_gen_new_way:with_jtag_input_gen:instrumentation_fabric|alt_sld_fab:instrumentation_fabric|alt_sld_fab_alt_sld_fab:alt_sld_fab|alt_sld_fab_alt_sld_fab_sldfabric:sldfabric|sld_jtag_hub:\jtag_hub_gen:real_sld_jtag_hub|virtual_ir_scan_reg                     ; SOC:u0|SOC_NIOS:nios|SOC_NIOS_cpu:cpu|SOC_NIOS_cpu_nios2_oci:the_SOC_NIOS_cpu_nios2_oci|SOC_NIOS_cpu_debug_slave_wrapper:the_SOC_NIOS_cpu_debug_slave_wrapper|SOC_NIOS_cpu_debug_slave_tck:the_SOC_NIOS_cpu_debug_slave_tck|sr[7]                                                                                                                    ; 1.542             ;
; sld_hub:auto_hub|alt_sld_fab_with_jtag_input:\instrumentation_fabric_with_node_gen:fabric_gen_new_way:with_jtag_input_gen:instrumentation_fabric|alt_sld_fab:instrumentation_fabric|alt_sld_fab_alt_sld_fab:alt_sld_fab|alt_sld_fab_alt_sld_fab_sldfabric:sldfabric|sld_jtag_hub:\jtag_hub_gen:real_sld_jtag_hub|sld_shadow_jsm:shadow_jsm|state[4]      ; SOC:u0|SOC_NIOS:nios|SOC_NIOS_cpu:cpu|SOC_NIOS_cpu_nios2_oci:the_SOC_NIOS_cpu_nios2_oci|SOC_NIOS_cpu_debug_slave_wrapper:the_SOC_NIOS_cpu_debug_slave_wrapper|SOC_NIOS_cpu_debug_slave_tck:the_SOC_NIOS_cpu_debug_slave_tck|sr[7]                                                                                                                    ; 1.535             ;
; sld_hub:auto_hub|alt_sld_fab_with_jtag_input:\instrumentation_fabric_with_node_gen:fabric_gen_new_way:with_jtag_input_gen:instrumentation_fabric|alt_sld_fab:instrumentation_fabric|alt_sld_fab_alt_sld_fab:alt_sld_fab|splitter_nodes_receive_0[3]                                                                                                      ; SOC:u0|SOC_NIOS:nios|SOC_NIOS_cpu:cpu|SOC_NIOS_cpu_nios2_oci:the_SOC_NIOS_cpu_nios2_oci|SOC_NIOS_cpu_debug_slave_wrapper:the_SOC_NIOS_cpu_debug_slave_wrapper|SOC_NIOS_cpu_debug_slave_tck:the_SOC_NIOS_cpu_debug_slave_tck|sr[7]                                                                                                                    ; 1.527             ;
; SOC:u0|SOC_NIOS:nios|SOC_NIOS_cpu:cpu|SOC_NIOS_cpu_nios2_oci:the_SOC_NIOS_cpu_nios2_oci|SOC_NIOS_cpu_debug_slave_wrapper:the_SOC_NIOS_cpu_debug_slave_wrapper|SOC_NIOS_cpu_debug_slave_tck:the_SOC_NIOS_cpu_debug_slave_tck|DRsize.010                                                                                                                   ; SOC:u0|SOC_NIOS:nios|SOC_NIOS_cpu:cpu|SOC_NIOS_cpu_nios2_oci:the_SOC_NIOS_cpu_nios2_oci|SOC_NIOS_cpu_debug_slave_wrapper:the_SOC_NIOS_cpu_debug_slave_wrapper|SOC_NIOS_cpu_debug_slave_tck:the_SOC_NIOS_cpu_debug_slave_tck|sr[15]                                                                                                                   ; 1.381             ;
; sld_hub:auto_hub|alt_sld_fab_with_jtag_input:\instrumentation_fabric_with_node_gen:fabric_gen_new_way:with_jtag_input_gen:instrumentation_fabric|alt_sld_fab:instrumentation_fabric|alt_sld_fab_alt_sld_fab:alt_sld_fab|alt_sld_fab_alt_sld_fab_sldfabric:sldfabric|sld_jtag_hub:\jtag_hub_gen:real_sld_jtag_hub|shadow_irf_reg[2][0]                    ; sld_hub:auto_hub|alt_sld_fab_with_jtag_input:\instrumentation_fabric_with_node_gen:fabric_gen_new_way:with_jtag_input_gen:instrumentation_fabric|alt_sld_fab:instrumentation_fabric|alt_sld_fab_alt_sld_fab:alt_sld_fab|alt_sld_fab_alt_sld_fab_sldfabric:sldfabric|sld_jtag_hub:\jtag_hub_gen:real_sld_jtag_hub|irf_reg[2][0]                       ; 1.320             ;
; sld_hub:auto_hub|alt_sld_fab_with_jtag_input:\instrumentation_fabric_with_node_gen:fabric_gen_new_way:with_jtag_input_gen:instrumentation_fabric|alt_sld_fab:instrumentation_fabric|alt_sld_fab_alt_sld_fab:alt_sld_fab|alt_sld_fab_alt_sld_fab_sldfabric:sldfabric|sld_jtag_hub:\jtag_hub_gen:real_sld_jtag_hub|shadow_irf_reg[1][0]                    ; sld_hub:auto_hub|alt_sld_fab_with_jtag_input:\instrumentation_fabric_with_node_gen:fabric_gen_new_way:with_jtag_input_gen:instrumentation_fabric|alt_sld_fab:instrumentation_fabric|alt_sld_fab_alt_sld_fab:alt_sld_fab|alt_sld_fab_alt_sld_fab_sldfabric:sldfabric|sld_jtag_hub:\jtag_hub_gen:real_sld_jtag_hub|irf_reg[1][0]                       ; 1.318             ;
; sld_hub:auto_hub|alt_sld_fab_with_jtag_input:\instrumentation_fabric_with_node_gen:fabric_gen_new_way:with_jtag_input_gen:instrumentation_fabric|alt_sld_fab:instrumentation_fabric|alt_sld_fab_alt_sld_fab:alt_sld_fab|alt_sld_fab_alt_sld_fab_sldfabric:sldfabric|sld_jtag_hub:\jtag_hub_gen:real_sld_jtag_hub|mixer_addr_reg_internal[3]              ; sld_hub:auto_hub|alt_sld_fab_with_jtag_input:\instrumentation_fabric_with_node_gen:fabric_gen_new_way:with_jtag_input_gen:instrumentation_fabric|alt_sld_fab:instrumentation_fabric|alt_sld_fab_alt_sld_fab:alt_sld_fab|alt_sld_fab_alt_sld_fab_sldfabric:sldfabric|sld_jtag_hub:\jtag_hub_gen:real_sld_jtag_hub|design_hash_reg[1]                  ; 1.305             ;
; sld_hub:auto_hub|alt_sld_fab_with_jtag_input:\instrumentation_fabric_with_node_gen:fabric_gen_new_way:with_jtag_input_gen:instrumentation_fabric|alt_sld_fab:instrumentation_fabric|alt_sld_fab_alt_sld_fab:alt_sld_fab|alt_sld_fab_alt_sld_fab_sldfabric:sldfabric|sld_jtag_hub:\jtag_hub_gen:real_sld_jtag_hub|mixer_addr_reg_internal[0]              ; sld_hub:auto_hub|alt_sld_fab_with_jtag_input:\instrumentation_fabric_with_node_gen:fabric_gen_new_way:with_jtag_input_gen:instrumentation_fabric|alt_sld_fab:instrumentation_fabric|alt_sld_fab_alt_sld_fab:alt_sld_fab|alt_sld_fab_alt_sld_fab_sldfabric:sldfabric|sld_jtag_hub:\jtag_hub_gen:real_sld_jtag_hub|design_hash_reg[1]                  ; 1.304             ;
; sld_hub:auto_hub|alt_sld_fab_with_jtag_input:\instrumentation_fabric_with_node_gen:fabric_gen_new_way:with_jtag_input_gen:instrumentation_fabric|alt_sld_fab:instrumentation_fabric|alt_sld_fab_alt_sld_fab:alt_sld_fab|alt_sld_fab_alt_sld_fab_sldfabric:sldfabric|sld_jtag_hub:\jtag_hub_gen:real_sld_jtag_hub|shadow_irf_reg[2][1]                    ; sld_hub:auto_hub|alt_sld_fab_with_jtag_input:\instrumentation_fabric_with_node_gen:fabric_gen_new_way:with_jtag_input_gen:instrumentation_fabric|alt_sld_fab:instrumentation_fabric|alt_sld_fab_alt_sld_fab:alt_sld_fab|alt_sld_fab_alt_sld_fab_sldfabric:sldfabric|sld_jtag_hub:\jtag_hub_gen:real_sld_jtag_hub|irf_reg[2][1]                       ; 1.303             ;
; sld_hub:auto_hub|alt_sld_fab_with_jtag_input:\instrumentation_fabric_with_node_gen:fabric_gen_new_way:with_jtag_input_gen:instrumentation_fabric|alt_sld_fab:instrumentation_fabric|alt_sld_fab_alt_sld_fab:alt_sld_fab|alt_sld_fab_alt_sld_fab_sldfabric:sldfabric|sld_jtag_hub:\jtag_hub_gen:real_sld_jtag_hub|shadow_irf_reg[1][1]                    ; sld_hub:auto_hub|alt_sld_fab_with_jtag_input:\instrumentation_fabric_with_node_gen:fabric_gen_new_way:with_jtag_input_gen:instrumentation_fabric|alt_sld_fab:instrumentation_fabric|alt_sld_fab_alt_sld_fab:alt_sld_fab|alt_sld_fab_alt_sld_fab_sldfabric:sldfabric|sld_jtag_hub:\jtag_hub_gen:real_sld_jtag_hub|irf_reg[1][1]                       ; 1.299             ;
; pzdyqx:nabboc|pzdyqx_impl:pzdyqx_impl_inst|PUDL0439:ESUL0435|LCFH1028[0]                                                                                                                                                                                                                                                                                 ; pzdyqx:nabboc|pzdyqx_impl:pzdyqx_impl_inst|PUDL0439:ESUL0435|YROJ4113[0]                                                                                                                                                                                                                                                                             ; 1.294             ;
; pzdyqx:nabboc|pzdyqx_impl:pzdyqx_impl_inst|PUDL0439:ESUL0435|LCFH1028[2]                                                                                                                                                                                                                                                                                 ; pzdyqx:nabboc|pzdyqx_impl:pzdyqx_impl_inst|PUDL0439:ESUL0435|YROJ4113[0]                                                                                                                                                                                                                                                                             ; 1.292             ;
; sld_hub:auto_hub|alt_sld_fab_with_jtag_input:\instrumentation_fabric_with_node_gen:fabric_gen_new_way:with_jtag_input_gen:instrumentation_fabric|alt_sld_fab:instrumentation_fabric|alt_sld_fab_alt_sld_fab:alt_sld_fab|alt_sld_fab_alt_sld_fab_sldfabric:sldfabric|sld_jtag_hub:\jtag_hub_gen:real_sld_jtag_hub|sld_rom_sr:hub_info_reg|word_counter[1] ; sld_hub:auto_hub|alt_sld_fab_with_jtag_input:\instrumentation_fabric_with_node_gen:fabric_gen_new_way:with_jtag_input_gen:instrumentation_fabric|alt_sld_fab:instrumentation_fabric|alt_sld_fab_alt_sld_fab:alt_sld_fab|alt_sld_fab_alt_sld_fab_sldfabric:sldfabric|sld_jtag_hub:\jtag_hub_gen:real_sld_jtag_hub|sld_rom_sr:hub_info_reg|WORD_SR[1]  ; 1.290             ;
; pzdyqx:nabboc|pzdyqx_impl:pzdyqx_impl_inst|PUDL0439:ESUL0435|LCFH1028[3]                                                                                                                                                                                                                                                                                 ; pzdyqx:nabboc|pzdyqx_impl:pzdyqx_impl_inst|PUDL0439:ESUL0435|YROJ4113[1]                                                                                                                                                                                                                                                                             ; 1.290             ;
; pzdyqx:nabboc|pzdyqx_impl:pzdyqx_impl_inst|PUDL0439:ESUL0435|LCFH1028[1]                                                                                                                                                                                                                                                                                 ; pzdyqx:nabboc|pzdyqx_impl:pzdyqx_impl_inst|PUDL0439:ESUL0435|YROJ4113[3]                                                                                                                                                                                                                                                                             ; 1.290             ;
; sld_hub:auto_hub|alt_sld_fab_with_jtag_input:\instrumentation_fabric_with_node_gen:fabric_gen_new_way:with_jtag_input_gen:instrumentation_fabric|alt_sld_fab:instrumentation_fabric|alt_sld_fab_alt_sld_fab:alt_sld_fab|alt_sld_fab_alt_sld_fab_sldfabric:sldfabric|sld_jtag_hub:\jtag_hub_gen:real_sld_jtag_hub|sld_rom_sr:hub_info_reg|word_counter[2] ; sld_hub:auto_hub|alt_sld_fab_with_jtag_input:\instrumentation_fabric_with_node_gen:fabric_gen_new_way:with_jtag_input_gen:instrumentation_fabric|alt_sld_fab:instrumentation_fabric|alt_sld_fab_alt_sld_fab:alt_sld_fab|alt_sld_fab_alt_sld_fab_sldfabric:sldfabric|sld_jtag_hub:\jtag_hub_gen:real_sld_jtag_hub|sld_rom_sr:hub_info_reg|WORD_SR[1]  ; 1.288             ;
; sld_hub:auto_hub|alt_sld_fab_with_jtag_input:\instrumentation_fabric_with_node_gen:fabric_gen_new_way:with_jtag_input_gen:instrumentation_fabric|alt_sld_fab:instrumentation_fabric|alt_sld_fab_alt_sld_fab:alt_sld_fab|alt_sld_fab_alt_sld_fab_sldfabric:sldfabric|sld_jtag_hub:\jtag_hub_gen:real_sld_jtag_hub|mixer_addr_reg_internal[1]              ; sld_hub:auto_hub|alt_sld_fab_with_jtag_input:\instrumentation_fabric_with_node_gen:fabric_gen_new_way:with_jtag_input_gen:instrumentation_fabric|alt_sld_fab:instrumentation_fabric|alt_sld_fab_alt_sld_fab:alt_sld_fab|alt_sld_fab_alt_sld_fab_sldfabric:sldfabric|sld_jtag_hub:\jtag_hub_gen:real_sld_jtag_hub|design_hash_reg[1]                  ; 1.287             ;
; sld_hub:auto_hub|alt_sld_fab_with_jtag_input:\instrumentation_fabric_with_node_gen:fabric_gen_new_way:with_jtag_input_gen:instrumentation_fabric|alt_sld_fab:instrumentation_fabric|alt_sld_fab_alt_sld_fab:alt_sld_fab|alt_sld_fab_alt_sld_fab_sldfabric:sldfabric|sld_jtag_hub:\jtag_hub_gen:real_sld_jtag_hub|mixer_addr_reg_internal[2]              ; sld_hub:auto_hub|alt_sld_fab_with_jtag_input:\instrumentation_fabric_with_node_gen:fabric_gen_new_way:with_jtag_input_gen:instrumentation_fabric|alt_sld_fab:instrumentation_fabric|alt_sld_fab_alt_sld_fab:alt_sld_fab|alt_sld_fab_alt_sld_fab_sldfabric:sldfabric|sld_jtag_hub:\jtag_hub_gen:real_sld_jtag_hub|design_hash_reg[1]                  ; 1.282             ;
; sld_hub:auto_hub|alt_sld_fab_with_jtag_input:\instrumentation_fabric_with_node_gen:fabric_gen_new_way:with_jtag_input_gen:instrumentation_fabric|alt_sld_fab:instrumentation_fabric|alt_sld_fab_alt_sld_fab:alt_sld_fab|alt_sld_fab_alt_sld_fab_sldfabric:sldfabric|sld_jtag_hub:\jtag_hub_gen:real_sld_jtag_hub|irf_reg[1][1]                           ; sld_hub:auto_hub|alt_sld_fab_with_jtag_input:\instrumentation_fabric_with_node_gen:fabric_gen_new_way:with_jtag_input_gen:instrumentation_fabric|alt_sld_fab:instrumentation_fabric|alt_sld_fab_alt_sld_fab:alt_sld_fab|alt_sld_fab_alt_sld_fab_sldfabric:sldfabric|sld_jtag_hub:\jtag_hub_gen:real_sld_jtag_hub|shadow_irf_reg[1][1]                ; 1.266             ;
; sld_hub:auto_hub|alt_sld_fab_with_jtag_input:\instrumentation_fabric_with_node_gen:fabric_gen_new_way:with_jtag_input_gen:instrumentation_fabric|alt_sld_fab:instrumentation_fabric|alt_sld_fab_alt_sld_fab:alt_sld_fab|alt_sld_fab_alt_sld_fab_sldfabric:sldfabric|sld_jtag_hub:\jtag_hub_gen:real_sld_jtag_hub|mixer_addr_reg_internal[4]              ; sld_hub:auto_hub|alt_sld_fab_with_jtag_input:\instrumentation_fabric_with_node_gen:fabric_gen_new_way:with_jtag_input_gen:instrumentation_fabric|alt_sld_fab:instrumentation_fabric|alt_sld_fab_alt_sld_fab:alt_sld_fab|alt_sld_fab_alt_sld_fab_sldfabric:sldfabric|sld_jtag_hub:\jtag_hub_gen:real_sld_jtag_hub|design_hash_reg[2]                  ; 1.263             ;
; sld_hub:auto_hub|alt_sld_fab_with_jtag_input:\instrumentation_fabric_with_node_gen:fabric_gen_new_way:with_jtag_input_gen:instrumentation_fabric|alt_sld_fab:instrumentation_fabric|alt_sld_fab_alt_sld_fab:alt_sld_fab|alt_sld_fab_alt_sld_fab_sldfabric:sldfabric|sld_jtag_hub:\jtag_hub_gen:real_sld_jtag_hub|irf_reg[2][1]                           ; sld_hub:auto_hub|alt_sld_fab_with_jtag_input:\instrumentation_fabric_with_node_gen:fabric_gen_new_way:with_jtag_input_gen:instrumentation_fabric|alt_sld_fab:instrumentation_fabric|alt_sld_fab_alt_sld_fab:alt_sld_fab|alt_sld_fab_alt_sld_fab_sldfabric:sldfabric|sld_jtag_hub:\jtag_hub_gen:real_sld_jtag_hub|shadow_irf_reg[2][1]                ; 1.256             ;
; SOC:u0|SOC_NIOS:nios|SOC_NIOS_cpu:cpu|SOC_NIOS_cpu_nios2_oci:the_SOC_NIOS_cpu_nios2_oci|SOC_NIOS_cpu_debug_slave_wrapper:the_SOC_NIOS_cpu_debug_slave_wrapper|SOC_NIOS_cpu_debug_slave_tck:the_SOC_NIOS_cpu_debug_slave_tck|DRsize.000                                                                                                                   ; SOC:u0|SOC_NIOS:nios|SOC_NIOS_cpu:cpu|SOC_NIOS_cpu_nios2_oci:the_SOC_NIOS_cpu_nios2_oci|SOC_NIOS_cpu_debug_slave_wrapper:the_SOC_NIOS_cpu_debug_slave_wrapper|SOC_NIOS_cpu_debug_slave_tck:the_SOC_NIOS_cpu_debug_slave_tck|sr[0]                                                                                                                    ; 1.254             ;
; sld_hub:auto_hub|alt_sld_fab_with_jtag_input:\instrumentation_fabric_with_node_gen:fabric_gen_new_way:with_jtag_input_gen:instrumentation_fabric|alt_sld_fab:instrumentation_fabric|alt_sld_fab_alt_sld_fab:alt_sld_fab|alt_sld_fab_alt_sld_fab_sldfabric:sldfabric|sld_jtag_hub:\jtag_hub_gen:real_sld_jtag_hub|sld_rom_sr:hub_info_reg|word_counter[4] ; sld_hub:auto_hub|alt_sld_fab_with_jtag_input:\instrumentation_fabric_with_node_gen:fabric_gen_new_way:with_jtag_input_gen:instrumentation_fabric|alt_sld_fab:instrumentation_fabric|alt_sld_fab_alt_sld_fab:alt_sld_fab|alt_sld_fab_alt_sld_fab_sldfabric:sldfabric|sld_jtag_hub:\jtag_hub_gen:real_sld_jtag_hub|sld_rom_sr:hub_info_reg|WORD_SR[0]  ; 1.251             ;
; sld_hub:auto_hub|alt_sld_fab_with_jtag_input:\instrumentation_fabric_with_node_gen:fabric_gen_new_way:with_jtag_input_gen:instrumentation_fabric|alt_sld_fab:instrumentation_fabric|alt_sld_fab_alt_sld_fab:alt_sld_fab|alt_sld_fab_alt_sld_fab_sldfabric:sldfabric|sld_jtag_hub:\jtag_hub_gen:real_sld_jtag_hub|irf_reg[1][0]                           ; sld_hub:auto_hub|alt_sld_fab_with_jtag_input:\instrumentation_fabric_with_node_gen:fabric_gen_new_way:with_jtag_input_gen:instrumentation_fabric|alt_sld_fab:instrumentation_fabric|alt_sld_fab_alt_sld_fab:alt_sld_fab|alt_sld_fab_alt_sld_fab_sldfabric:sldfabric|sld_jtag_hub:\jtag_hub_gen:real_sld_jtag_hub|shadow_irf_reg[1][0]                ; 1.247             ;
; sld_hub:auto_hub|alt_sld_fab_with_jtag_input:\instrumentation_fabric_with_node_gen:fabric_gen_new_way:with_jtag_input_gen:instrumentation_fabric|alt_sld_fab:instrumentation_fabric|alt_sld_fab_alt_sld_fab:alt_sld_fab|alt_sld_fab_alt_sld_fab_sldfabric:sldfabric|sld_jtag_hub:\jtag_hub_gen:real_sld_jtag_hub|sld_rom_sr:hub_info_reg|word_counter[0] ; sld_hub:auto_hub|alt_sld_fab_with_jtag_input:\instrumentation_fabric_with_node_gen:fabric_gen_new_way:with_jtag_input_gen:instrumentation_fabric|alt_sld_fab:instrumentation_fabric|alt_sld_fab_alt_sld_fab:alt_sld_fab|alt_sld_fab_alt_sld_fab_sldfabric:sldfabric|sld_jtag_hub:\jtag_hub_gen:real_sld_jtag_hub|sld_rom_sr:hub_info_reg|WORD_SR[1]  ; 1.246             ;
; sld_hub:auto_hub|alt_sld_fab_with_jtag_input:\instrumentation_fabric_with_node_gen:fabric_gen_new_way:with_jtag_input_gen:instrumentation_fabric|alt_sld_fab:instrumentation_fabric|alt_sld_fab_alt_sld_fab:alt_sld_fab|alt_sld_fab_alt_sld_fab_sldfabric:sldfabric|sld_jtag_hub:\jtag_hub_gen:real_sld_jtag_hub|irf_reg[2][0]                           ; sld_hub:auto_hub|alt_sld_fab_with_jtag_input:\instrumentation_fabric_with_node_gen:fabric_gen_new_way:with_jtag_input_gen:instrumentation_fabric|alt_sld_fab:instrumentation_fabric|alt_sld_fab_alt_sld_fab:alt_sld_fab|alt_sld_fab_alt_sld_fab_sldfabric:sldfabric|sld_jtag_hub:\jtag_hub_gen:real_sld_jtag_hub|shadow_irf_reg[2][0]                ; 1.236             ;
; SOC:u0|SOC_NIOS:nios|SOC_NIOS_cpu:cpu|SOC_NIOS_cpu_nios2_oci:the_SOC_NIOS_cpu_nios2_oci|SOC_NIOS_cpu_debug_slave_wrapper:the_SOC_NIOS_cpu_debug_slave_wrapper|SOC_NIOS_cpu_debug_slave_tck:the_SOC_NIOS_cpu_debug_slave_tck|sr[7]                                                                                                                        ; SOC:u0|SOC_NIOS:nios|SOC_NIOS_cpu:cpu|SOC_NIOS_cpu_nios2_oci:the_SOC_NIOS_cpu_nios2_oci|SOC_NIOS_cpu_debug_slave_wrapper:the_SOC_NIOS_cpu_debug_slave_wrapper|SOC_NIOS_cpu_debug_slave_tck:the_SOC_NIOS_cpu_debug_slave_tck|sr[6]                                                                                                                    ; 1.227             ;
; sld_hub:auto_hub|alt_sld_fab_with_jtag_input:\instrumentation_fabric_with_node_gen:fabric_gen_new_way:with_jtag_input_gen:instrumentation_fabric|alt_sld_fab:instrumentation_fabric|alt_sld_fab_alt_sld_fab:alt_sld_fab|alt_sld_fab_alt_sld_fab_sldfabric:sldfabric|sld_jtag_hub:\jtag_hub_gen:real_sld_jtag_hub|irsr_reg[0]                             ; sld_hub:auto_hub|alt_sld_fab_with_jtag_input:\instrumentation_fabric_with_node_gen:fabric_gen_new_way:with_jtag_input_gen:instrumentation_fabric|alt_sld_fab:instrumentation_fabric|alt_sld_fab_alt_sld_fab:alt_sld_fab|alt_sld_fab_alt_sld_fab_sldfabric:sldfabric|sld_jtag_hub:\jtag_hub_gen:real_sld_jtag_hub|hub_mode_reg[0]                     ; 1.217             ;
; SOC:u0|SOC_NIOS:nios|SOC_NIOS_cpu:cpu|SOC_NIOS_cpu_nios2_oci:the_SOC_NIOS_cpu_nios2_oci|SOC_NIOS_cpu_debug_slave_wrapper:the_SOC_NIOS_cpu_debug_slave_wrapper|SOC_NIOS_cpu_debug_slave_tck:the_SOC_NIOS_cpu_debug_slave_tck|sr[30]                                                                                                                       ; SOC:u0|SOC_NIOS:nios|SOC_NIOS_cpu:cpu|SOC_NIOS_cpu_nios2_oci:the_SOC_NIOS_cpu_nios2_oci|SOC_NIOS_cpu_debug_slave_wrapper:the_SOC_NIOS_cpu_debug_slave_wrapper|SOC_NIOS_cpu_debug_slave_tck:the_SOC_NIOS_cpu_debug_slave_tck|sr[29]                                                                                                                   ; 1.210             ;
; sld_hub:auto_hub|alt_sld_fab_with_jtag_input:\instrumentation_fabric_with_node_gen:fabric_gen_new_way:with_jtag_input_gen:instrumentation_fabric|alt_sld_fab:instrumentation_fabric|alt_sld_fab_alt_sld_fab:alt_sld_fab|alt_sld_fab_alt_sld_fab_sldfabric:sldfabric|sld_jtag_hub:\jtag_hub_gen:real_sld_jtag_hub|jtag_ir_reg[1]                          ; sld_hub:auto_hub|alt_sld_fab_with_jtag_input:\instrumentation_fabric_with_node_gen:fabric_gen_new_way:with_jtag_input_gen:instrumentation_fabric|alt_sld_fab:instrumentation_fabric|alt_sld_fab_alt_sld_fab:alt_sld_fab|alt_sld_fab_alt_sld_fab_sldfabric:sldfabric|sld_jtag_hub:\jtag_hub_gen:real_sld_jtag_hub|jtag_ir_reg[0]                      ; 1.208             ;
; sld_hub:auto_hub|alt_sld_fab_with_jtag_input:\instrumentation_fabric_with_node_gen:fabric_gen_new_way:with_jtag_input_gen:instrumentation_fabric|alt_sld_fab:instrumentation_fabric|alt_sld_fab_alt_sld_fab:alt_sld_fab|alt_sld_fab_alt_sld_fab_sldfabric:sldfabric|sld_jtag_hub:\jtag_hub_gen:real_sld_jtag_hub|irsr_reg[4]                             ; sld_hub:auto_hub|alt_sld_fab_with_jtag_input:\instrumentation_fabric_with_node_gen:fabric_gen_new_way:with_jtag_input_gen:instrumentation_fabric|alt_sld_fab:instrumentation_fabric|alt_sld_fab_alt_sld_fab:alt_sld_fab|alt_sld_fab_alt_sld_fab_sldfabric:sldfabric|sld_jtag_hub:\jtag_hub_gen:real_sld_jtag_hub|irsr_reg[0]                         ; 1.206             ;
; SOC:u0|SOC_NIOS:nios|SOC_NIOS_cpu:cpu|SOC_NIOS_cpu_nios2_oci:the_SOC_NIOS_cpu_nios2_oci|SOC_NIOS_cpu_debug_slave_wrapper:the_SOC_NIOS_cpu_debug_slave_wrapper|SOC_NIOS_cpu_debug_slave_tck:the_SOC_NIOS_cpu_debug_slave_tck|sr[34]                                                                                                                       ; SOC:u0|SOC_NIOS:nios|SOC_NIOS_cpu:cpu|SOC_NIOS_cpu_nios2_oci:the_SOC_NIOS_cpu_nios2_oci|SOC_NIOS_cpu_debug_slave_wrapper:the_SOC_NIOS_cpu_debug_slave_wrapper|SOC_NIOS_cpu_debug_slave_tck:the_SOC_NIOS_cpu_debug_slave_tck|sr[33]                                                                                                                   ; 1.205             ;
; sld_hub:auto_hub|alt_sld_fab_with_jtag_input:\instrumentation_fabric_with_node_gen:fabric_gen_new_way:with_jtag_input_gen:instrumentation_fabric|alt_sld_fab:instrumentation_fabric|alt_sld_fab_alt_sld_fab:alt_sld_fab|alt_sld_fab_alt_sld_fab_sldfabric:sldfabric|sld_jtag_hub:\jtag_hub_gen:real_sld_jtag_hub|irsr_reg[2]                             ; sld_hub:auto_hub|alt_sld_fab_with_jtag_input:\instrumentation_fabric_with_node_gen:fabric_gen_new_way:with_jtag_input_gen:instrumentation_fabric|alt_sld_fab:instrumentation_fabric|alt_sld_fab_alt_sld_fab:alt_sld_fab|alt_sld_fab_alt_sld_fab_sldfabric:sldfabric|sld_jtag_hub:\jtag_hub_gen:real_sld_jtag_hub|hub_mode_reg[0]                     ; 1.198             ;
; sld_hub:auto_hub|alt_sld_fab_with_jtag_input:\instrumentation_fabric_with_node_gen:fabric_gen_new_way:with_jtag_input_gen:instrumentation_fabric|alt_sld_fab:instrumentation_fabric|alt_sld_fab_alt_sld_fab:alt_sld_fab|alt_sld_fab_alt_sld_fab_sldfabric:sldfabric|sld_jtag_hub:\jtag_hub_gen:real_sld_jtag_hub|jtag_ir_reg[3]                          ; sld_hub:auto_hub|alt_sld_fab_with_jtag_input:\instrumentation_fabric_with_node_gen:fabric_gen_new_way:with_jtag_input_gen:instrumentation_fabric|alt_sld_fab:instrumentation_fabric|alt_sld_fab_alt_sld_fab:alt_sld_fab|alt_sld_fab_alt_sld_fab_sldfabric:sldfabric|sld_jtag_hub:\jtag_hub_gen:real_sld_jtag_hub|jtag_ir_reg[2]                      ; 1.193             ;
; sld_hub:auto_hub|alt_sld_fab_with_jtag_input:\instrumentation_fabric_with_node_gen:fabric_gen_new_way:with_jtag_input_gen:instrumentation_fabric|alt_sld_fab:instrumentation_fabric|alt_sld_fab_alt_sld_fab:alt_sld_fab|alt_sld_fab_alt_sld_fab_sldfabric:sldfabric|sld_jtag_hub:\jtag_hub_gen:real_sld_jtag_hub|sld_shadow_jsm:shadow_jsm|state[3]      ; sld_hub:auto_hub|alt_sld_fab_with_jtag_input:\instrumentation_fabric_with_node_gen:fabric_gen_new_way:with_jtag_input_gen:instrumentation_fabric|alt_sld_fab:instrumentation_fabric|alt_sld_fab_alt_sld_fab:alt_sld_fab|alt_sld_fab_alt_sld_fab_sldfabric:sldfabric|sld_jtag_hub:\jtag_hub_gen:real_sld_jtag_hub|sld_shadow_jsm:shadow_jsm|state[5]  ; 1.185             ;
; pzdyqx:nabboc|pzdyqx_impl:pzdyqx_impl_inst|PUDL0439:ESUL0435|YROJ4113[2]                                                                                                                                                                                                                                                                                 ; pzdyqx:nabboc|pzdyqx_impl:pzdyqx_impl_inst|PUDL0439:ESUL0435|YROJ4113[1]                                                                                                                                                                                                                                                                             ; 1.184             ;
; SOC:u0|SOC_NIOS:nios|SOC_NIOS_cpu:cpu|SOC_NIOS_cpu_nios2_oci:the_SOC_NIOS_cpu_nios2_oci|SOC_NIOS_cpu_debug_slave_wrapper:the_SOC_NIOS_cpu_debug_slave_wrapper|SOC_NIOS_cpu_debug_slave_tck:the_SOC_NIOS_cpu_debug_slave_tck|altera_std_synchronizer:the_altera_std_synchronizer2|dreg[0]                                                                 ; SOC:u0|SOC_NIOS:nios|SOC_NIOS_cpu:cpu|SOC_NIOS_cpu_nios2_oci:the_SOC_NIOS_cpu_nios2_oci|SOC_NIOS_cpu_debug_slave_wrapper:the_SOC_NIOS_cpu_debug_slave_wrapper|SOC_NIOS_cpu_debug_slave_tck:the_SOC_NIOS_cpu_debug_slave_tck|sr[0]                                                                                                                    ; 1.180             ;
; SOC:u0|SOC_NIOS:nios|SOC_NIOS_cpu:cpu|SOC_NIOS_cpu_nios2_oci:the_SOC_NIOS_cpu_nios2_oci|SOC_NIOS_cpu_debug_slave_wrapper:the_SOC_NIOS_cpu_debug_slave_wrapper|SOC_NIOS_cpu_debug_slave_tck:the_SOC_NIOS_cpu_debug_slave_tck|sr[11]                                                                                                                       ; SOC:u0|SOC_NIOS:nios|SOC_NIOS_cpu:cpu|SOC_NIOS_cpu_nios2_oci:the_SOC_NIOS_cpu_nios2_oci|SOC_NIOS_cpu_debug_slave_wrapper:the_SOC_NIOS_cpu_debug_slave_wrapper|SOC_NIOS_cpu_debug_slave_tck:the_SOC_NIOS_cpu_debug_slave_tck|sr[10]                                                                                                                   ; 1.164             ;
; SOC:u0|SOC_NIOS:nios|SOC_NIOS_cpu:cpu|SOC_NIOS_cpu_nios2_oci:the_SOC_NIOS_cpu_nios2_oci|SOC_NIOS_cpu_debug_slave_wrapper:the_SOC_NIOS_cpu_debug_slave_wrapper|SOC_NIOS_cpu_debug_slave_tck:the_SOC_NIOS_cpu_debug_slave_tck|sr[13]                                                                                                                       ; SOC:u0|SOC_NIOS:nios|SOC_NIOS_cpu:cpu|SOC_NIOS_cpu_nios2_oci:the_SOC_NIOS_cpu_nios2_oci|SOC_NIOS_cpu_debug_slave_wrapper:the_SOC_NIOS_cpu_debug_slave_wrapper|SOC_NIOS_cpu_debug_slave_tck:the_SOC_NIOS_cpu_debug_slave_tck|sr[12]                                                                                                                   ; 1.164             ;
; sld_hub:auto_hub|alt_sld_fab_with_jtag_input:\instrumentation_fabric_with_node_gen:fabric_gen_new_way:with_jtag_input_gen:instrumentation_fabric|alt_sld_fab:instrumentation_fabric|alt_sld_fab_alt_sld_fab:alt_sld_fab|alt_sld_fab_alt_sld_fab_sldfabric:sldfabric|sld_jtag_hub:\jtag_hub_gen:real_sld_jtag_hub|irsr_reg[1]                             ; sld_hub:auto_hub|alt_sld_fab_with_jtag_input:\instrumentation_fabric_with_node_gen:fabric_gen_new_way:with_jtag_input_gen:instrumentation_fabric|alt_sld_fab:instrumentation_fabric|alt_sld_fab_alt_sld_fab:alt_sld_fab|alt_sld_fab_alt_sld_fab_sldfabric:sldfabric|sld_jtag_hub:\jtag_hub_gen:real_sld_jtag_hub|hub_mode_reg[0]                     ; 1.163             ;
; sld_hub:auto_hub|alt_sld_fab_with_jtag_input:\instrumentation_fabric_with_node_gen:fabric_gen_new_way:with_jtag_input_gen:instrumentation_fabric|alt_sld_fab:instrumentation_fabric|alt_sld_fab_alt_sld_fab:alt_sld_fab|alt_sld_fab_alt_sld_fab_sldfabric:sldfabric|sld_jtag_hub:\jtag_hub_gen:real_sld_jtag_hub|design_hash_reg[3]                      ; sld_hub:auto_hub|alt_sld_fab_with_jtag_input:\instrumentation_fabric_with_node_gen:fabric_gen_new_way:with_jtag_input_gen:instrumentation_fabric|alt_sld_fab:instrumentation_fabric|alt_sld_fab_alt_sld_fab:alt_sld_fab|alt_sld_fab_alt_sld_fab_sldfabric:sldfabric|sld_jtag_hub:\jtag_hub_gen:real_sld_jtag_hub|design_hash_reg[2]                  ; 1.157             ;
; sld_hub:auto_hub|alt_sld_fab_with_jtag_input:\instrumentation_fabric_with_node_gen:fabric_gen_new_way:with_jtag_input_gen:instrumentation_fabric|alt_sld_fab:instrumentation_fabric|alt_sld_fab_alt_sld_fab:alt_sld_fab|sldfabric_ident_writedata[2]                                                                                                     ; sld_hub:auto_hub|alt_sld_fab_with_jtag_input:\instrumentation_fabric_with_node_gen:fabric_gen_new_way:with_jtag_input_gen:instrumentation_fabric|alt_sld_fab:instrumentation_fabric|alt_sld_fab_alt_sld_fab:alt_sld_fab|alt_sld_fab_alt_sld_fab_sldfabric:sldfabric|sld_jtag_hub:\jtag_hub_gen:real_sld_jtag_hub|design_hash_reg[2]                  ; 1.157             ;
; sld_hub:auto_hub|alt_sld_fab_with_jtag_input:\instrumentation_fabric_with_node_gen:fabric_gen_new_way:with_jtag_input_gen:instrumentation_fabric|alt_sld_fab:instrumentation_fabric|alt_sld_fab_alt_sld_fab:alt_sld_fab|alt_sld_fab_alt_sld_fab_sldfabric:sldfabric|sld_jtag_hub:\jtag_hub_gen:real_sld_jtag_hub|virtual_dr_scan_reg                     ; sld_hub:auto_hub|alt_sld_fab_with_jtag_input:\instrumentation_fabric_with_node_gen:fabric_gen_new_way:with_jtag_input_gen:instrumentation_fabric|alt_sld_fab:instrumentation_fabric|alt_sld_fab_alt_sld_fab:alt_sld_fab|alt_sld_fab_alt_sld_fab_sldfabric:sldfabric|sld_jtag_hub:\jtag_hub_gen:real_sld_jtag_hub|design_hash_reg[2]                  ; 1.157             ;
; SOC:u0|SOC_NIOS:nios|SOC_NIOS_cpu:cpu|SOC_NIOS_cpu_nios2_oci:the_SOC_NIOS_cpu_nios2_oci|SOC_NIOS_cpu_debug_slave_wrapper:the_SOC_NIOS_cpu_debug_slave_wrapper|SOC_NIOS_cpu_debug_slave_tck:the_SOC_NIOS_cpu_debug_slave_tck|sr[19]                                                                                                                       ; SOC:u0|SOC_NIOS:nios|SOC_NIOS_cpu:cpu|SOC_NIOS_cpu_nios2_oci:the_SOC_NIOS_cpu_nios2_oci|SOC_NIOS_cpu_debug_slave_wrapper:the_SOC_NIOS_cpu_debug_slave_wrapper|SOC_NIOS_cpu_debug_slave_tck:the_SOC_NIOS_cpu_debug_slave_tck|sr[18]                                                                                                                   ; 1.154             ;
; SOC:u0|SOC_NIOS:nios|SOC_NIOS_cpu:cpu|SOC_NIOS_cpu_nios2_oci:the_SOC_NIOS_cpu_nios2_oci|SOC_NIOS_cpu_debug_slave_wrapper:the_SOC_NIOS_cpu_debug_slave_wrapper|SOC_NIOS_cpu_debug_slave_tck:the_SOC_NIOS_cpu_debug_slave_tck|sr[28]                                                                                                                       ; SOC:u0|SOC_NIOS:nios|SOC_NIOS_cpu:cpu|SOC_NIOS_cpu_nios2_oci:the_SOC_NIOS_cpu_nios2_oci|SOC_NIOS_cpu_debug_slave_wrapper:the_SOC_NIOS_cpu_debug_slave_wrapper|SOC_NIOS_cpu_debug_slave_tck:the_SOC_NIOS_cpu_debug_slave_tck|sr[27]                                                                                                                   ; 1.154             ;
; SOC:u0|SOC_NIOS:nios|SOC_NIOS_cpu:cpu|SOC_NIOS_cpu_nios2_oci:the_SOC_NIOS_cpu_nios2_oci|SOC_NIOS_cpu_debug_slave_wrapper:the_SOC_NIOS_cpu_debug_slave_wrapper|SOC_NIOS_cpu_debug_slave_tck:the_SOC_NIOS_cpu_debug_slave_tck|sr[24]                                                                                                                       ; SOC:u0|SOC_NIOS:nios|SOC_NIOS_cpu:cpu|SOC_NIOS_cpu_nios2_oci:the_SOC_NIOS_cpu_nios2_oci|SOC_NIOS_cpu_debug_slave_wrapper:the_SOC_NIOS_cpu_debug_slave_wrapper|SOC_NIOS_cpu_debug_slave_tck:the_SOC_NIOS_cpu_debug_slave_tck|sr[23]                                                                                                                   ; 1.154             ;
; SOC:u0|SOC_NIOS:nios|SOC_NIOS_cpu:cpu|SOC_NIOS_cpu_nios2_oci:the_SOC_NIOS_cpu_nios2_oci|SOC_NIOS_cpu_debug_slave_wrapper:the_SOC_NIOS_cpu_debug_slave_wrapper|SOC_NIOS_cpu_debug_slave_tck:the_SOC_NIOS_cpu_debug_slave_tck|sr[21]                                                                                                                       ; SOC:u0|SOC_NIOS:nios|SOC_NIOS_cpu:cpu|SOC_NIOS_cpu_nios2_oci:the_SOC_NIOS_cpu_nios2_oci|SOC_NIOS_cpu_debug_slave_wrapper:the_SOC_NIOS_cpu_debug_slave_wrapper|SOC_NIOS_cpu_debug_slave_tck:the_SOC_NIOS_cpu_debug_slave_tck|sr[20]                                                                                                                   ; 1.152             ;
; SOC:u0|SOC_NIOS:nios|SOC_NIOS_cpu:cpu|SOC_NIOS_cpu_nios2_oci:the_SOC_NIOS_cpu_nios2_oci|SOC_NIOS_cpu_debug_slave_wrapper:the_SOC_NIOS_cpu_debug_slave_wrapper|SOC_NIOS_cpu_debug_slave_tck:the_SOC_NIOS_cpu_debug_slave_tck|sr[37]                                                                                                                       ; SOC:u0|SOC_NIOS:nios|SOC_NIOS_cpu:cpu|SOC_NIOS_cpu_nios2_oci:the_SOC_NIOS_cpu_nios2_oci|SOC_NIOS_cpu_debug_slave_wrapper:the_SOC_NIOS_cpu_debug_slave_wrapper|SOC_NIOS_cpu_debug_slave_tck:the_SOC_NIOS_cpu_debug_slave_tck|sr[36]                                                                                                                   ; 1.148             ;
; sld_hub:auto_hub|alt_sld_fab_with_jtag_input:\instrumentation_fabric_with_node_gen:fabric_gen_new_way:with_jtag_input_gen:instrumentation_fabric|alt_sld_fab:instrumentation_fabric|alt_sld_fab_alt_sld_fab:alt_sld_fab|sldfabric_ident_writedata[3]                                                                                                     ; sld_hub:auto_hub|alt_sld_fab_with_jtag_input:\instrumentation_fabric_with_node_gen:fabric_gen_new_way:with_jtag_input_gen:instrumentation_fabric|alt_sld_fab:instrumentation_fabric|alt_sld_fab_alt_sld_fab:alt_sld_fab|alt_sld_fab_alt_sld_fab_sldfabric:sldfabric|sld_jtag_hub:\jtag_hub_gen:real_sld_jtag_hub|design_hash_reg[3]                  ; 1.148             ;
; SOC:u0|SOC_NIOS:nios|SOC_NIOS_cpu:cpu|SOC_NIOS_cpu_nios2_oci:the_SOC_NIOS_cpu_nios2_oci|SOC_NIOS_cpu_debug_slave_wrapper:the_SOC_NIOS_cpu_debug_slave_wrapper|SOC_NIOS_cpu_debug_slave_tck:the_SOC_NIOS_cpu_debug_slave_tck|sr[22]                                                                                                                       ; SOC:u0|SOC_NIOS:nios|SOC_NIOS_cpu:cpu|SOC_NIOS_cpu_nios2_oci:the_SOC_NIOS_cpu_nios2_oci|SOC_NIOS_cpu_debug_slave_wrapper:the_SOC_NIOS_cpu_debug_slave_wrapper|SOC_NIOS_cpu_debug_slave_tck:the_SOC_NIOS_cpu_debug_slave_tck|sr[21]                                                                                                                   ; 1.147             ;
; SOC:u0|SOC_NIOS:nios|SOC_NIOS_cpu:cpu|SOC_NIOS_cpu_nios2_oci:the_SOC_NIOS_cpu_nios2_oci|SOC_NIOS_cpu_debug_slave_wrapper:the_SOC_NIOS_cpu_debug_slave_wrapper|SOC_NIOS_cpu_debug_slave_tck:the_SOC_NIOS_cpu_debug_slave_tck|sr[26]                                                                                                                       ; SOC:u0|SOC_NIOS:nios|SOC_NIOS_cpu:cpu|SOC_NIOS_cpu_nios2_oci:the_SOC_NIOS_cpu_nios2_oci|SOC_NIOS_cpu_debug_slave_wrapper:the_SOC_NIOS_cpu_debug_slave_wrapper|SOC_NIOS_cpu_debug_slave_tck:the_SOC_NIOS_cpu_debug_slave_tck|sr[25]                                                                                                                   ; 1.147             ;
; SOC:u0|SOC_NIOS:nios|SOC_NIOS_cpu:cpu|SOC_NIOS_cpu_nios2_oci:the_SOC_NIOS_cpu_nios2_oci|SOC_NIOS_cpu_debug_slave_wrapper:the_SOC_NIOS_cpu_debug_slave_wrapper|SOC_NIOS_cpu_debug_slave_tck:the_SOC_NIOS_cpu_debug_slave_tck|sr[10]                                                                                                                       ; SOC:u0|SOC_NIOS:nios|SOC_NIOS_cpu:cpu|SOC_NIOS_cpu_nios2_oci:the_SOC_NIOS_cpu_nios2_oci|SOC_NIOS_cpu_debug_slave_wrapper:the_SOC_NIOS_cpu_debug_slave_wrapper|SOC_NIOS_cpu_debug_slave_tck:the_SOC_NIOS_cpu_debug_slave_tck|sr[9]                                                                                                                    ; 1.146             ;
; SOC:u0|SOC_NIOS:nios|SOC_NIOS_cpu:cpu|SOC_NIOS_cpu_nios2_oci:the_SOC_NIOS_cpu_nios2_oci|SOC_NIOS_cpu_debug_slave_wrapper:the_SOC_NIOS_cpu_debug_slave_wrapper|SOC_NIOS_cpu_debug_slave_tck:the_SOC_NIOS_cpu_debug_slave_tck|sr[12]                                                                                                                       ; SOC:u0|SOC_NIOS:nios|SOC_NIOS_cpu:cpu|SOC_NIOS_cpu_nios2_oci:the_SOC_NIOS_cpu_nios2_oci|SOC_NIOS_cpu_debug_slave_wrapper:the_SOC_NIOS_cpu_debug_slave_wrapper|SOC_NIOS_cpu_debug_slave_tck:the_SOC_NIOS_cpu_debug_slave_tck|sr[11]                                                                                                                   ; 1.146             ;
; SOC:u0|SOC_NIOS:nios|SOC_NIOS_cpu:cpu|SOC_NIOS_cpu_nios2_oci:the_SOC_NIOS_cpu_nios2_oci|SOC_NIOS_cpu_debug_slave_wrapper:the_SOC_NIOS_cpu_debug_slave_wrapper|SOC_NIOS_cpu_debug_slave_tck:the_SOC_NIOS_cpu_debug_slave_tck|sr[14]                                                                                                                       ; SOC:u0|SOC_NIOS:nios|SOC_NIOS_cpu:cpu|SOC_NIOS_cpu_nios2_oci:the_SOC_NIOS_cpu_nios2_oci|SOC_NIOS_cpu_debug_slave_wrapper:the_SOC_NIOS_cpu_debug_slave_wrapper|SOC_NIOS_cpu_debug_slave_tck:the_SOC_NIOS_cpu_debug_slave_tck|sr[13]                                                                                                                   ; 1.146             ;
; SOC:u0|SOC_NIOS:nios|SOC_NIOS_cpu:cpu|SOC_NIOS_cpu_nios2_oci:the_SOC_NIOS_cpu_nios2_oci|SOC_NIOS_cpu_debug_slave_wrapper:the_SOC_NIOS_cpu_debug_slave_wrapper|SOC_NIOS_cpu_debug_slave_tck:the_SOC_NIOS_cpu_debug_slave_tck|sr[9]                                                                                                                        ; SOC:u0|SOC_NIOS:nios|SOC_NIOS_cpu:cpu|SOC_NIOS_cpu_nios2_oci:the_SOC_NIOS_cpu_nios2_oci|SOC_NIOS_cpu_debug_slave_wrapper:the_SOC_NIOS_cpu_debug_slave_wrapper|SOC_NIOS_cpu_debug_slave_tck:the_SOC_NIOS_cpu_debug_slave_tck|sr[8]                                                                                                                    ; 1.145             ;
; sld_hub:auto_hub|alt_sld_fab_with_jtag_input:\instrumentation_fabric_with_node_gen:fabric_gen_new_way:with_jtag_input_gen:instrumentation_fabric|alt_sld_fab:instrumentation_fabric|alt_sld_fab_alt_sld_fab:alt_sld_fab|alt_sld_fab_alt_sld_fab_sldfabric:sldfabric|sld_jtag_hub:\jtag_hub_gen:real_sld_jtag_hub|hub_minor_ver_reg[2]                    ; sld_hub:auto_hub|alt_sld_fab_with_jtag_input:\instrumentation_fabric_with_node_gen:fabric_gen_new_way:with_jtag_input_gen:instrumentation_fabric|alt_sld_fab:instrumentation_fabric|alt_sld_fab_alt_sld_fab:alt_sld_fab|alt_sld_fab_alt_sld_fab_sldfabric:sldfabric|sld_jtag_hub:\jtag_hub_gen:real_sld_jtag_hub|hub_minor_ver_reg[1]                ; 1.138             ;
; SOC:u0|SOC_NIOS:nios|SOC_NIOS_cpu:cpu|SOC_NIOS_cpu_nios2_oci:the_SOC_NIOS_cpu_nios2_oci|SOC_NIOS_cpu_debug_slave_wrapper:the_SOC_NIOS_cpu_debug_slave_wrapper|SOC_NIOS_cpu_debug_slave_tck:the_SOC_NIOS_cpu_debug_slave_tck|sr[2]                                                                                                                        ; SOC:u0|SOC_NIOS:nios|SOC_NIOS_cpu:cpu|SOC_NIOS_cpu_nios2_oci:the_SOC_NIOS_cpu_nios2_oci|SOC_NIOS_cpu_debug_slave_wrapper:the_SOC_NIOS_cpu_debug_slave_wrapper|SOC_NIOS_cpu_debug_slave_tck:the_SOC_NIOS_cpu_debug_slave_tck|sr[1]                                                                                                                    ; 1.138             ;
; SOC:u0|SOC_NIOS:nios|SOC_NIOS_cpu:cpu|SOC_NIOS_cpu_nios2_oci:the_SOC_NIOS_cpu_nios2_oci|SOC_NIOS_cpu_debug_slave_wrapper:the_SOC_NIOS_cpu_debug_slave_wrapper|SOC_NIOS_cpu_debug_slave_tck:the_SOC_NIOS_cpu_debug_slave_tck|sr[4]                                                                                                                        ; SOC:u0|SOC_NIOS:nios|SOC_NIOS_cpu:cpu|SOC_NIOS_cpu_nios2_oci:the_SOC_NIOS_cpu_nios2_oci|SOC_NIOS_cpu_debug_slave_wrapper:the_SOC_NIOS_cpu_debug_slave_wrapper|SOC_NIOS_cpu_debug_slave_tck:the_SOC_NIOS_cpu_debug_slave_tck|sr[3]                                                                                                                    ; 1.138             ;
; SOC:u0|SOC_NIOS:nios|SOC_NIOS_cpu:cpu|SOC_NIOS_cpu_nios2_oci:the_SOC_NIOS_cpu_nios2_oci|SOC_NIOS_cpu_debug_slave_wrapper:the_SOC_NIOS_cpu_debug_slave_wrapper|SOC_NIOS_cpu_debug_slave_tck:the_SOC_NIOS_cpu_debug_slave_tck|sr[6]                                                                                                                        ; SOC:u0|SOC_NIOS:nios|SOC_NIOS_cpu:cpu|SOC_NIOS_cpu_nios2_oci:the_SOC_NIOS_cpu_nios2_oci|SOC_NIOS_cpu_debug_slave_wrapper:the_SOC_NIOS_cpu_debug_slave_wrapper|SOC_NIOS_cpu_debug_slave_tck:the_SOC_NIOS_cpu_debug_slave_tck|sr[5]                                                                                                                    ; 1.138             ;
; sld_hub:auto_hub|alt_sld_fab_with_jtag_input:\instrumentation_fabric_with_node_gen:fabric_gen_new_way:with_jtag_input_gen:instrumentation_fabric|alt_sld_fab:instrumentation_fabric|alt_sld_fab_alt_sld_fab:alt_sld_fab|alt_sld_fab_alt_sld_fab_sldfabric:sldfabric|sld_jtag_hub:\jtag_hub_gen:real_sld_jtag_hub|sld_shadow_jsm:shadow_jsm|state[6]      ; sld_hub:auto_hub|alt_sld_fab_with_jtag_input:\instrumentation_fabric_with_node_gen:fabric_gen_new_way:with_jtag_input_gen:instrumentation_fabric|alt_sld_fab:instrumentation_fabric|alt_sld_fab_alt_sld_fab:alt_sld_fab|alt_sld_fab_alt_sld_fab_sldfabric:sldfabric|sld_jtag_hub:\jtag_hub_gen:real_sld_jtag_hub|sld_shadow_jsm:shadow_jsm|state[7]  ; 1.138             ;
; sld_hub:auto_hub|alt_sld_fab_with_jtag_input:\instrumentation_fabric_with_node_gen:fabric_gen_new_way:with_jtag_input_gen:instrumentation_fabric|alt_sld_fab:instrumentation_fabric|alt_sld_fab_alt_sld_fab:alt_sld_fab|alt_sld_fab_alt_sld_fab_sldfabric:sldfabric|sld_jtag_hub:\jtag_hub_gen:real_sld_jtag_hub|sld_rom_sr:hub_info_reg|WORD_SR[3]      ; sld_hub:auto_hub|alt_sld_fab_with_jtag_input:\instrumentation_fabric_with_node_gen:fabric_gen_new_way:with_jtag_input_gen:instrumentation_fabric|alt_sld_fab:instrumentation_fabric|alt_sld_fab_alt_sld_fab:alt_sld_fab|alt_sld_fab_alt_sld_fab_sldfabric:sldfabric|sld_jtag_hub:\jtag_hub_gen:real_sld_jtag_hub|sld_rom_sr:hub_info_reg|WORD_SR[2]  ; 1.133             ;
; sld_hub:auto_hub|alt_sld_fab_with_jtag_input:\instrumentation_fabric_with_node_gen:fabric_gen_new_way:with_jtag_input_gen:instrumentation_fabric|alt_sld_fab:instrumentation_fabric|alt_sld_fab_alt_sld_fab:alt_sld_fab|alt_sld_fab_alt_sld_fab_sldfabric:sldfabric|sld_jtag_hub:\jtag_hub_gen:real_sld_jtag_hub|sld_shadow_jsm:shadow_jsm|state[2]      ; sld_hub:auto_hub|alt_sld_fab_with_jtag_input:\instrumentation_fabric_with_node_gen:fabric_gen_new_way:with_jtag_input_gen:instrumentation_fabric|alt_sld_fab:instrumentation_fabric|alt_sld_fab_alt_sld_fab:alt_sld_fab|alt_sld_fab_alt_sld_fab_sldfabric:sldfabric|sld_jtag_hub:\jtag_hub_gen:real_sld_jtag_hub|sld_shadow_jsm:shadow_jsm|state[9]  ; 1.133             ;
; SOC:u0|SOC_NIOS:nios|SOC_NIOS_cpu:cpu|SOC_NIOS_cpu_nios2_oci:the_SOC_NIOS_cpu_nios2_oci|SOC_NIOS_cpu_debug_slave_wrapper:the_SOC_NIOS_cpu_debug_slave_wrapper|SOC_NIOS_cpu_debug_slave_tck:the_SOC_NIOS_cpu_debug_slave_tck|sr[20]                                                                                                                       ; SOC:u0|SOC_NIOS:nios|SOC_NIOS_cpu:cpu|SOC_NIOS_cpu_nios2_oci:the_SOC_NIOS_cpu_nios2_oci|SOC_NIOS_cpu_debug_slave_wrapper:the_SOC_NIOS_cpu_debug_slave_wrapper|SOC_NIOS_cpu_debug_slave_tck:the_SOC_NIOS_cpu_debug_slave_tck|sr[19]                                                                                                                   ; 1.131             ;
; SOC:u0|SOC_NIOS:nios|SOC_NIOS_cpu:cpu|SOC_NIOS_cpu_nios2_oci:the_SOC_NIOS_cpu_nios2_oci|SOC_NIOS_cpu_debug_slave_wrapper:the_SOC_NIOS_cpu_debug_slave_wrapper|SOC_NIOS_cpu_debug_slave_tck:the_SOC_NIOS_cpu_debug_slave_tck|sr[27]                                                                                                                       ; SOC:u0|SOC_NIOS:nios|SOC_NIOS_cpu:cpu|SOC_NIOS_cpu_nios2_oci:the_SOC_NIOS_cpu_nios2_oci|SOC_NIOS_cpu_debug_slave_wrapper:the_SOC_NIOS_cpu_debug_slave_wrapper|SOC_NIOS_cpu_debug_slave_tck:the_SOC_NIOS_cpu_debug_slave_tck|sr[26]                                                                                                                   ; 1.131             ;
; SOC:u0|SOC_NIOS:nios|SOC_NIOS_cpu:cpu|SOC_NIOS_cpu_nios2_oci:the_SOC_NIOS_cpu_nios2_oci|SOC_NIOS_cpu_debug_slave_wrapper:the_SOC_NIOS_cpu_debug_slave_wrapper|SOC_NIOS_cpu_debug_slave_tck:the_SOC_NIOS_cpu_debug_slave_tck|sr[23]                                                                                                                       ; SOC:u0|SOC_NIOS:nios|SOC_NIOS_cpu:cpu|SOC_NIOS_cpu_nios2_oci:the_SOC_NIOS_cpu_nios2_oci|SOC_NIOS_cpu_debug_slave_wrapper:the_SOC_NIOS_cpu_debug_slave_wrapper|SOC_NIOS_cpu_debug_slave_tck:the_SOC_NIOS_cpu_debug_slave_tck|sr[22]                                                                                                                   ; 1.129             ;
; SOC:u0|SOC_NIOS:nios|SOC_NIOS_cpu:cpu|SOC_NIOS_cpu_nios2_oci:the_SOC_NIOS_cpu_nios2_oci|SOC_NIOS_cpu_debug_slave_wrapper:the_SOC_NIOS_cpu_debug_slave_wrapper|SOC_NIOS_cpu_debug_slave_tck:the_SOC_NIOS_cpu_debug_slave_tck|sr[25]                                                                                                                       ; SOC:u0|SOC_NIOS:nios|SOC_NIOS_cpu:cpu|SOC_NIOS_cpu_nios2_oci:the_SOC_NIOS_cpu_nios2_oci|SOC_NIOS_cpu_debug_slave_wrapper:the_SOC_NIOS_cpu_debug_slave_wrapper|SOC_NIOS_cpu_debug_slave_tck:the_SOC_NIOS_cpu_debug_slave_tck|sr[24]                                                                                                                   ; 1.129             ;
; SOC:u0|SOC_NIOS:nios|SOC_NIOS_cpu:cpu|SOC_NIOS_cpu_nios2_oci:the_SOC_NIOS_cpu_nios2_oci|SOC_NIOS_cpu_debug_slave_wrapper:the_SOC_NIOS_cpu_debug_slave_wrapper|SOC_NIOS_cpu_debug_slave_tck:the_SOC_NIOS_cpu_debug_slave_tck|sr[18]                                                                                                                       ; SOC:u0|SOC_NIOS:nios|SOC_NIOS_cpu:cpu|SOC_NIOS_cpu_nios2_oci:the_SOC_NIOS_cpu_nios2_oci|SOC_NIOS_cpu_debug_slave_wrapper:the_SOC_NIOS_cpu_debug_slave_wrapper|SOC_NIOS_cpu_debug_slave_tck:the_SOC_NIOS_cpu_debug_slave_tck|sr[17]                                                                                                                   ; 1.129             ;
; sld_hub:auto_hub|alt_sld_fab_with_jtag_input:\instrumentation_fabric_with_node_gen:fabric_gen_new_way:with_jtag_input_gen:instrumentation_fabric|alt_sld_fab:instrumentation_fabric|alt_sld_fab_alt_sld_fab:alt_sld_fab|alt_sld_fab_alt_sld_fab_sldfabric:sldfabric|sld_jtag_hub:\jtag_hub_gen:real_sld_jtag_hub|sld_shadow_jsm:shadow_jsm|state[1]      ; sld_hub:auto_hub|alt_sld_fab_with_jtag_input:\instrumentation_fabric_with_node_gen:fabric_gen_new_way:with_jtag_input_gen:instrumentation_fabric|alt_sld_fab:instrumentation_fabric|alt_sld_fab_alt_sld_fab:alt_sld_fab|alt_sld_fab_alt_sld_fab_sldfabric:sldfabric|sld_jtag_hub:\jtag_hub_gen:real_sld_jtag_hub|sld_shadow_jsm:shadow_jsm|state[2]  ; 1.127             ;
; sld_hub:auto_hub|alt_sld_fab_with_jtag_input:\instrumentation_fabric_with_node_gen:fabric_gen_new_way:with_jtag_input_gen:instrumentation_fabric|alt_sld_fab:instrumentation_fabric|alt_sld_fab_alt_sld_fab:alt_sld_fab|alt_sld_fab_alt_sld_fab_sldfabric:sldfabric|sld_jtag_hub:\jtag_hub_gen:real_sld_jtag_hub|sld_shadow_jsm:shadow_jsm|state[15]     ; sld_hub:auto_hub|alt_sld_fab_with_jtag_input:\instrumentation_fabric_with_node_gen:fabric_gen_new_way:with_jtag_input_gen:instrumentation_fabric|alt_sld_fab:instrumentation_fabric|alt_sld_fab_alt_sld_fab:alt_sld_fab|alt_sld_fab_alt_sld_fab_sldfabric:sldfabric|sld_jtag_hub:\jtag_hub_gen:real_sld_jtag_hub|sld_shadow_jsm:shadow_jsm|state[2]  ; 1.126             ;
; sld_hub:auto_hub|alt_sld_fab_with_jtag_input:\instrumentation_fabric_with_node_gen:fabric_gen_new_way:with_jtag_input_gen:instrumentation_fabric|alt_sld_fab:instrumentation_fabric|alt_sld_fab_alt_sld_fab:alt_sld_fab|alt_sld_fab_alt_sld_fab_sldfabric:sldfabric|sld_jtag_hub:\jtag_hub_gen:real_sld_jtag_hub|sld_shadow_jsm:shadow_jsm|state[11]     ; sld_hub:auto_hub|alt_sld_fab_with_jtag_input:\instrumentation_fabric_with_node_gen:fabric_gen_new_way:with_jtag_input_gen:instrumentation_fabric|alt_sld_fab:instrumentation_fabric|alt_sld_fab_alt_sld_fab:alt_sld_fab|alt_sld_fab_alt_sld_fab_sldfabric:sldfabric|sld_jtag_hub:\jtag_hub_gen:real_sld_jtag_hub|sld_shadow_jsm:shadow_jsm|state[12] ; 1.125             ;
; sld_hub:auto_hub|alt_sld_fab_with_jtag_input:\instrumentation_fabric_with_node_gen:fabric_gen_new_way:with_jtag_input_gen:instrumentation_fabric|alt_sld_fab:instrumentation_fabric|alt_sld_fab_alt_sld_fab:alt_sld_fab|alt_sld_fab_alt_sld_fab_sldfabric:sldfabric|sld_jtag_hub:\jtag_hub_gen:real_sld_jtag_hub|hub_minor_ver_reg[3]                    ; sld_hub:auto_hub|alt_sld_fab_with_jtag_input:\instrumentation_fabric_with_node_gen:fabric_gen_new_way:with_jtag_input_gen:instrumentation_fabric|alt_sld_fab:instrumentation_fabric|alt_sld_fab_alt_sld_fab:alt_sld_fab|alt_sld_fab_alt_sld_fab_sldfabric:sldfabric|sld_jtag_hub:\jtag_hub_gen:real_sld_jtag_hub|hub_minor_ver_reg[2]                ; 1.122             ;
; sld_hub:auto_hub|alt_sld_fab_with_jtag_input:\instrumentation_fabric_with_node_gen:fabric_gen_new_way:with_jtag_input_gen:instrumentation_fabric|alt_sld_fab:instrumentation_fabric|alt_sld_fab_alt_sld_fab:alt_sld_fab|alt_sld_fab_alt_sld_fab_sldfabric:sldfabric|sld_jtag_hub:\jtag_hub_gen:real_sld_jtag_hub|hub_minor_ver_reg[1]                    ; sld_hub:auto_hub|alt_sld_fab_with_jtag_input:\instrumentation_fabric_with_node_gen:fabric_gen_new_way:with_jtag_input_gen:instrumentation_fabric|alt_sld_fab:instrumentation_fabric|alt_sld_fab_alt_sld_fab:alt_sld_fab|alt_sld_fab_alt_sld_fab_sldfabric:sldfabric|sld_jtag_hub:\jtag_hub_gen:real_sld_jtag_hub|hub_minor_ver_reg[0]                ; 1.122             ;
; SOC:u0|SOC_NIOS:nios|SOC_NIOS_cpu:cpu|SOC_NIOS_cpu_nios2_oci:the_SOC_NIOS_cpu_nios2_oci|SOC_NIOS_cpu_debug_slave_wrapper:the_SOC_NIOS_cpu_debug_slave_wrapper|SOC_NIOS_cpu_debug_slave_tck:the_SOC_NIOS_cpu_debug_slave_tck|sr[5]                                                                                                                        ; SOC:u0|SOC_NIOS:nios|SOC_NIOS_cpu:cpu|SOC_NIOS_cpu_nios2_oci:the_SOC_NIOS_cpu_nios2_oci|SOC_NIOS_cpu_debug_slave_wrapper:the_SOC_NIOS_cpu_debug_slave_wrapper|SOC_NIOS_cpu_debug_slave_tck:the_SOC_NIOS_cpu_debug_slave_tck|sr[4]                                                                                                                    ; 1.122             ;
; SOC:u0|SOC_NIOS:nios|SOC_NIOS_cpu:cpu|SOC_NIOS_cpu_nios2_oci:the_SOC_NIOS_cpu_nios2_oci|SOC_NIOS_cpu_debug_slave_wrapper:the_SOC_NIOS_cpu_debug_slave_wrapper|SOC_NIOS_cpu_debug_slave_tck:the_SOC_NIOS_cpu_debug_slave_tck|sr[3]                                                                                                                        ; SOC:u0|SOC_NIOS:nios|SOC_NIOS_cpu:cpu|SOC_NIOS_cpu_nios2_oci:the_SOC_NIOS_cpu_nios2_oci|SOC_NIOS_cpu_debug_slave_wrapper:the_SOC_NIOS_cpu_debug_slave_wrapper|SOC_NIOS_cpu_debug_slave_tck:the_SOC_NIOS_cpu_debug_slave_tck|sr[2]                                                                                                                    ; 1.122             ;
; sld_hub:auto_hub|alt_sld_fab_with_jtag_input:\instrumentation_fabric_with_node_gen:fabric_gen_new_way:with_jtag_input_gen:instrumentation_fabric|alt_sld_fab:instrumentation_fabric|alt_sld_fab_alt_sld_fab:alt_sld_fab|alt_sld_fab_alt_sld_fab_sldfabric:sldfabric|sld_jtag_hub:\jtag_hub_gen:real_sld_jtag_hub|hub_mode_reg[0]                         ; sld_hub:auto_hub|alt_sld_fab_with_jtag_input:\instrumentation_fabric_with_node_gen:fabric_gen_new_way:with_jtag_input_gen:instrumentation_fabric|alt_sld_fab:instrumentation_fabric|alt_sld_fab_alt_sld_fab:alt_sld_fab|alt_sld_fab_alt_sld_fab_sldfabric:sldfabric|sld_jtag_hub:\jtag_hub_gen:real_sld_jtag_hub|irsr_reg[0]                         ; 1.118             ;
; sld_hub:auto_hub|alt_sld_fab_with_jtag_input:\instrumentation_fabric_with_node_gen:fabric_gen_new_way:with_jtag_input_gen:instrumentation_fabric|alt_sld_fab:instrumentation_fabric|alt_sld_fab_alt_sld_fab:alt_sld_fab|alt_sld_fab_alt_sld_fab_sldfabric:sldfabric|sld_jtag_hub:\jtag_hub_gen:real_sld_jtag_hub|irsr_reg[3]                             ; sld_hub:auto_hub|alt_sld_fab_with_jtag_input:\instrumentation_fabric_with_node_gen:fabric_gen_new_way:with_jtag_input_gen:instrumentation_fabric|alt_sld_fab:instrumentation_fabric|alt_sld_fab_alt_sld_fab:alt_sld_fab|alt_sld_fab_alt_sld_fab_sldfabric:sldfabric|sld_jtag_hub:\jtag_hub_gen:real_sld_jtag_hub|irsr_reg[2]                         ; 1.111             ;
; sld_hub:auto_hub|alt_sld_fab_with_jtag_input:\instrumentation_fabric_with_node_gen:fabric_gen_new_way:with_jtag_input_gen:instrumentation_fabric|alt_sld_fab:instrumentation_fabric|alt_sld_fab_alt_sld_fab:alt_sld_fab|alt_sld_fab_alt_sld_fab_sldfabric:sldfabric|sld_jtag_hub:\jtag_hub_gen:real_sld_jtag_hub|sld_shadow_jsm:shadow_jsm|state[8]      ; sld_hub:auto_hub|alt_sld_fab_with_jtag_input:\instrumentation_fabric_with_node_gen:fabric_gen_new_way:with_jtag_input_gen:instrumentation_fabric|alt_sld_fab:instrumentation_fabric|alt_sld_fab_alt_sld_fab:alt_sld_fab|alt_sld_fab_alt_sld_fab_sldfabric:sldfabric|sld_jtag_hub:\jtag_hub_gen:real_sld_jtag_hub|sld_shadow_jsm:shadow_jsm|state[2]  ; 1.092             ;
; sld_hub:auto_hub|alt_sld_fab_with_jtag_input:\instrumentation_fabric_with_node_gen:fabric_gen_new_way:with_jtag_input_gen:instrumentation_fabric|alt_sld_fab:instrumentation_fabric|alt_sld_fab_alt_sld_fab:alt_sld_fab|alt_sld_fab_alt_sld_fab_sldfabric:sldfabric|sld_jtag_hub:\jtag_hub_gen:real_sld_jtag_hub|jtag_ir_reg[2]                          ; sld_hub:auto_hub|alt_sld_fab_with_jtag_input:\instrumentation_fabric_with_node_gen:fabric_gen_new_way:with_jtag_input_gen:instrumentation_fabric|alt_sld_fab:instrumentation_fabric|alt_sld_fab_alt_sld_fab:alt_sld_fab|alt_sld_fab_alt_sld_fab_sldfabric:sldfabric|sld_jtag_hub:\jtag_hub_gen:real_sld_jtag_hub|virtual_dr_scan_reg                 ; 1.087             ;
; sld_hub:auto_hub|alt_sld_fab_with_jtag_input:\instrumentation_fabric_with_node_gen:fabric_gen_new_way:with_jtag_input_gen:instrumentation_fabric|alt_sld_fab:instrumentation_fabric|alt_sld_fab_alt_sld_fab:alt_sld_fab|alt_sld_fab_alt_sld_fab_sldfabric:sldfabric|sld_jtag_hub:\jtag_hub_gen:real_sld_jtag_hub|sld_rom_sr:hub_info_reg|word_counter[3] ; sld_hub:auto_hub|alt_sld_fab_with_jtag_input:\instrumentation_fabric_with_node_gen:fabric_gen_new_way:with_jtag_input_gen:instrumentation_fabric|alt_sld_fab:instrumentation_fabric|alt_sld_fab_alt_sld_fab:alt_sld_fab|alt_sld_fab_alt_sld_fab_sldfabric:sldfabric|sld_jtag_hub:\jtag_hub_gen:real_sld_jtag_hub|sld_rom_sr:hub_info_reg|WORD_SR[2]  ; 1.086             ;
; sld_hub:auto_hub|alt_sld_fab_with_jtag_input:\instrumentation_fabric_with_node_gen:fabric_gen_new_way:with_jtag_input_gen:instrumentation_fabric|alt_sld_fab:instrumentation_fabric|alt_sld_fab_alt_sld_fab:alt_sld_fab|alt_sld_fab_alt_sld_fab_sldfabric:sldfabric|sld_jtag_hub:\jtag_hub_gen:real_sld_jtag_hub|jtag_ir_reg[4]                          ; sld_hub:auto_hub|alt_sld_fab_with_jtag_input:\instrumentation_fabric_with_node_gen:fabric_gen_new_way:with_jtag_input_gen:instrumentation_fabric|alt_sld_fab:instrumentation_fabric|alt_sld_fab_alt_sld_fab:alt_sld_fab|alt_sld_fab_alt_sld_fab_sldfabric:sldfabric|sld_jtag_hub:\jtag_hub_gen:real_sld_jtag_hub|virtual_dr_scan_reg                 ; 1.081             ;
; sld_hub:auto_hub|alt_sld_fab_with_jtag_input:\instrumentation_fabric_with_node_gen:fabric_gen_new_way:with_jtag_input_gen:instrumentation_fabric|alt_sld_fab:instrumentation_fabric|alt_sld_fab_alt_sld_fab:alt_sld_fab|alt_sld_fab_alt_sld_fab_sldfabric:sldfabric|sld_jtag_hub:\jtag_hub_gen:real_sld_jtag_hub|design_hash_reg[2]                      ; sld_hub:auto_hub|alt_sld_fab_with_jtag_input:\instrumentation_fabric_with_node_gen:fabric_gen_new_way:with_jtag_input_gen:instrumentation_fabric|alt_sld_fab:instrumentation_fabric|alt_sld_fab_alt_sld_fab:alt_sld_fab|alt_sld_fab_alt_sld_fab_sldfabric:sldfabric|sld_jtag_hub:\jtag_hub_gen:real_sld_jtag_hub|design_hash_reg[1]                  ; 1.066             ;
; pzdyqx:nabboc|pzdyqx_impl:pzdyqx_impl_inst|PUDL0439:ESUL0435|LCFH1028[4]                                                                                                                                                                                                                                                                                 ; pzdyqx:nabboc|pzdyqx_impl:pzdyqx_impl_inst|PUDL0439:ESUL0435|YROJ4113[2]                                                                                                                                                                                                                                                                             ; 1.056             ;
; sld_hub:auto_hub|alt_sld_fab_with_jtag_input:\instrumentation_fabric_with_node_gen:fabric_gen_new_way:with_jtag_input_gen:instrumentation_fabric|alt_sld_fab:instrumentation_fabric|alt_sld_fab_alt_sld_fab:alt_sld_fab|splitter_nodes_receive_1[3]                                                                                                      ; pzdyqx:nabboc|pzdyqx_impl:pzdyqx_impl_inst|PUDL0439:ESUL0435|LCFH1028[3]                                                                                                                                                                                                                                                                             ; 1.036             ;
; sld_hub:auto_hub|alt_sld_fab_with_jtag_input:\instrumentation_fabric_with_node_gen:fabric_gen_new_way:with_jtag_input_gen:instrumentation_fabric|alt_sld_fab:instrumentation_fabric|alt_sld_fab_alt_sld_fab:alt_sld_fab|alt_sld_fab_alt_sld_fab_sldfabric:sldfabric|sld_jtag_hub:\jtag_hub_gen:real_sld_jtag_hub|jtag_ir_reg[0]                          ; sld_hub:auto_hub|alt_sld_fab_with_jtag_input:\instrumentation_fabric_with_node_gen:fabric_gen_new_way:with_jtag_input_gen:instrumentation_fabric|alt_sld_fab:instrumentation_fabric|alt_sld_fab_alt_sld_fab:alt_sld_fab|alt_sld_fab_alt_sld_fab_sldfabric:sldfabric|sld_jtag_hub:\jtag_hub_gen:real_sld_jtag_hub|virtual_dr_scan_reg                 ; 1.016             ;
; SOC:u0|SOC_NIOS:nios|SOC_NIOS_cpu:cpu|SOC_NIOS_cpu_nios2_oci:the_SOC_NIOS_cpu_nios2_oci|SOC_NIOS_cpu_debug_slave_wrapper:the_SOC_NIOS_cpu_debug_slave_wrapper|SOC_NIOS_cpu_debug_slave_tck:the_SOC_NIOS_cpu_debug_slave_tck|sr[35]                                                                                                                       ; SOC:u0|SOC_NIOS:nios|SOC_NIOS_cpu:cpu|SOC_NIOS_cpu_nios2_oci:the_SOC_NIOS_cpu_nios2_oci|SOC_NIOS_cpu_debug_slave_wrapper:the_SOC_NIOS_cpu_debug_slave_wrapper|SOC_NIOS_cpu_debug_slave_tck:the_SOC_NIOS_cpu_debug_slave_tck|sr[35]                                                                                                                   ; 0.970             ;
; sld_hub:auto_hub|alt_sld_fab_with_jtag_input:\instrumentation_fabric_with_node_gen:fabric_gen_new_way:with_jtag_input_gen:instrumentation_fabric|alt_sld_fab:instrumentation_fabric|alt_sld_fab_alt_sld_fab:alt_sld_fab|alt_sld_fab_alt_sld_fab_sldfabric:sldfabric|sld_jtag_hub:\jtag_hub_gen:real_sld_jtag_hub|identity_contrib_shift_reg[2]           ; sld_hub:auto_hub|alt_sld_fab_with_jtag_input:\instrumentation_fabric_with_node_gen:fabric_gen_new_way:with_jtag_input_gen:instrumentation_fabric|alt_sld_fab:instrumentation_fabric|alt_sld_fab_alt_sld_fab:alt_sld_fab|alt_sld_fab_alt_sld_fab_sldfabric:sldfabric|sld_jtag_hub:\jtag_hub_gen:real_sld_jtag_hub|identity_contrib_shift_reg[1]       ; 0.945             ;
; sld_hub:auto_hub|alt_sld_fab_with_jtag_input:\instrumentation_fabric_with_node_gen:fabric_gen_new_way:with_jtag_input_gen:instrumentation_fabric|alt_sld_fab:instrumentation_fabric|alt_sld_fab_alt_sld_fab:alt_sld_fab|alt_sld_fab_alt_sld_fab_sldfabric:sldfabric|sld_jtag_hub:\jtag_hub_gen:real_sld_jtag_hub|identity_contrib_shift_reg[1]           ; sld_hub:auto_hub|alt_sld_fab_with_jtag_input:\instrumentation_fabric_with_node_gen:fabric_gen_new_way:with_jtag_input_gen:instrumentation_fabric|alt_sld_fab:instrumentation_fabric|alt_sld_fab_alt_sld_fab:alt_sld_fab|alt_sld_fab_alt_sld_fab_sldfabric:sldfabric|sld_jtag_hub:\jtag_hub_gen:real_sld_jtag_hub|identity_contrib_shift_reg[0]       ; 0.936             ;
; sld_hub:auto_hub|alt_sld_fab_with_jtag_input:\instrumentation_fabric_with_node_gen:fabric_gen_new_way:with_jtag_input_gen:instrumentation_fabric|alt_sld_fab:instrumentation_fabric|alt_sld_fab_alt_sld_fab:alt_sld_fab|alt_sld_fab_alt_sld_fab_sldfabric:sldfabric|sld_jtag_hub:\jtag_hub_gen:real_sld_jtag_hub|identity_contrib_shift_reg[3]           ; sld_hub:auto_hub|alt_sld_fab_with_jtag_input:\instrumentation_fabric_with_node_gen:fabric_gen_new_way:with_jtag_input_gen:instrumentation_fabric|alt_sld_fab:instrumentation_fabric|alt_sld_fab_alt_sld_fab:alt_sld_fab|alt_sld_fab_alt_sld_fab_sldfabric:sldfabric|sld_jtag_hub:\jtag_hub_gen:real_sld_jtag_hub|identity_contrib_shift_reg[2]       ; 0.930             ;
; SOC:u0|SOC_NIOS:nios|SOC_NIOS_cpu:cpu|SOC_NIOS_cpu_nios2_oci:the_SOC_NIOS_cpu_nios2_oci|SOC_NIOS_cpu_debug_slave_wrapper:the_SOC_NIOS_cpu_debug_slave_wrapper|SOC_NIOS_cpu_debug_slave_tck:the_SOC_NIOS_cpu_debug_slave_tck|altera_std_synchronizer:the_altera_std_synchronizer1|dreg[0]                                                                 ; SOC:u0|SOC_NIOS:nios|SOC_NIOS_cpu:cpu|SOC_NIOS_cpu_nios2_oci:the_SOC_NIOS_cpu_nios2_oci|SOC_NIOS_cpu_debug_slave_wrapper:the_SOC_NIOS_cpu_debug_slave_wrapper|SOC_NIOS_cpu_debug_slave_tck:the_SOC_NIOS_cpu_debug_slave_tck|sr[35]                                                                                                                   ; 0.910             ;
; sld_hub:auto_hub|alt_sld_fab_with_jtag_input:\instrumentation_fabric_with_node_gen:fabric_gen_new_way:with_jtag_input_gen:instrumentation_fabric|alt_sld_fab:instrumentation_fabric|alt_sld_fab_alt_sld_fab:alt_sld_fab|alt_sld_fab_alt_sld_fab_sldfabric:sldfabric|sld_jtag_hub:\jtag_hub_gen:real_sld_jtag_hub|jtag_ir_reg[8]                          ; sld_hub:auto_hub|alt_sld_fab_with_jtag_input:\instrumentation_fabric_with_node_gen:fabric_gen_new_way:with_jtag_input_gen:instrumentation_fabric|alt_sld_fab:instrumentation_fabric|alt_sld_fab_alt_sld_fab:alt_sld_fab|alt_sld_fab_alt_sld_fab_sldfabric:sldfabric|sld_jtag_hub:\jtag_hub_gen:real_sld_jtag_hub|jtag_ir_reg[7]                      ; 0.893             ;
; SOC:u0|SOC_NIOS:nios|SOC_NIOS_cpu:cpu|SOC_NIOS_cpu_nios2_oci:the_SOC_NIOS_cpu_nios2_oci|SOC_NIOS_cpu_debug_slave_wrapper:the_SOC_NIOS_cpu_debug_slave_wrapper|SOC_NIOS_cpu_debug_slave_tck:the_SOC_NIOS_cpu_debug_slave_tck|altera_std_synchronizer:the_altera_std_synchronizer1|din_s1                                                                  ; SOC:u0|SOC_NIOS:nios|SOC_NIOS_cpu:cpu|SOC_NIOS_cpu_nios2_oci:the_SOC_NIOS_cpu_nios2_oci|SOC_NIOS_cpu_debug_slave_wrapper:the_SOC_NIOS_cpu_debug_slave_wrapper|SOC_NIOS_cpu_debug_slave_tck:the_SOC_NIOS_cpu_debug_slave_tck|altera_std_synchronizer:the_altera_std_synchronizer1|dreg[0]                                                             ; 0.892             ;
; pzdyqx:nabboc|pzdyqx_impl:pzdyqx_impl_inst|PUDL0439:ESUL0435|YROJ4113[3]                                                                                                                                                                                                                                                                                 ; pzdyqx:nabboc|pzdyqx_impl:pzdyqx_impl_inst|PUDL0439:ESUL0435|YROJ4113[2]                                                                                                                                                                                                                                                                             ; 0.891             ;
; SOC:u0|SOC_NIOS:nios|SOC_NIOS_cpu:cpu|SOC_NIOS_cpu_nios2_oci:the_SOC_NIOS_cpu_nios2_oci|SOC_NIOS_cpu_debug_slave_wrapper:the_SOC_NIOS_cpu_debug_slave_wrapper|SOC_NIOS_cpu_debug_slave_tck:the_SOC_NIOS_cpu_debug_slave_tck|sr[16]                                                                                                                       ; SOC:u0|SOC_NIOS:nios|SOC_NIOS_cpu:cpu|SOC_NIOS_cpu_nios2_oci:the_SOC_NIOS_cpu_nios2_oci|SOC_NIOS_cpu_debug_slave_wrapper:the_SOC_NIOS_cpu_debug_slave_wrapper|SOC_NIOS_cpu_debug_slave_tck:the_SOC_NIOS_cpu_debug_slave_tck|sr[15]                                                                                                                   ; 0.879             ;
; sld_hub:auto_hub|alt_sld_fab_with_jtag_input:\instrumentation_fabric_with_node_gen:fabric_gen_new_way:with_jtag_input_gen:instrumentation_fabric|alt_sld_fab:instrumentation_fabric|alt_sld_fab_alt_sld_fab:alt_sld_fab|alt_sld_fab_alt_sld_fab_sldfabric:sldfabric|sld_jtag_hub:\jtag_hub_gen:real_sld_jtag_hub|jtag_ir_reg[9]                          ; sld_hub:auto_hub|alt_sld_fab_with_jtag_input:\instrumentation_fabric_with_node_gen:fabric_gen_new_way:with_jtag_input_gen:instrumentation_fabric|alt_sld_fab:instrumentation_fabric|alt_sld_fab_alt_sld_fab:alt_sld_fab|alt_sld_fab_alt_sld_fab_sldfabric:sldfabric|sld_jtag_hub:\jtag_hub_gen:real_sld_jtag_hub|jtag_ir_reg[8]                      ; 0.878             ;
; sld_hub:auto_hub|alt_sld_fab_with_jtag_input:\instrumentation_fabric_with_node_gen:fabric_gen_new_way:with_jtag_input_gen:instrumentation_fabric|alt_sld_fab:instrumentation_fabric|alt_sld_fab_alt_sld_fab:alt_sld_fab|alt_sld_fab_alt_sld_fab_sldfabric:sldfabric|sld_jtag_hub:\jtag_hub_gen:real_sld_jtag_hub|jtag_ir_reg[7]                          ; sld_hub:auto_hub|alt_sld_fab_with_jtag_input:\instrumentation_fabric_with_node_gen:fabric_gen_new_way:with_jtag_input_gen:instrumentation_fabric|alt_sld_fab:instrumentation_fabric|alt_sld_fab_alt_sld_fab:alt_sld_fab|alt_sld_fab_alt_sld_fab_sldfabric:sldfabric|sld_jtag_hub:\jtag_hub_gen:real_sld_jtag_hub|jtag_ir_reg[6]                      ; 0.878             ;
; sld_hub:auto_hub|alt_sld_fab_with_jtag_input:\instrumentation_fabric_with_node_gen:fabric_gen_new_way:with_jtag_input_gen:instrumentation_fabric|alt_sld_fab:instrumentation_fabric|alt_sld_fab_alt_sld_fab:alt_sld_fab|alt_sld_fab_alt_sld_fab_sldfabric:sldfabric|sld_jtag_hub:\jtag_hub_gen:real_sld_jtag_hub|hub_mode_reg[1]                         ; sld_hub:auto_hub|alt_sld_fab_with_jtag_input:\instrumentation_fabric_with_node_gen:fabric_gen_new_way:with_jtag_input_gen:instrumentation_fabric|alt_sld_fab:instrumentation_fabric|alt_sld_fab_alt_sld_fab:alt_sld_fab|alt_sld_fab_alt_sld_fab_sldfabric:sldfabric|sld_jtag_hub:\jtag_hub_gen:real_sld_jtag_hub|irf_reg[2][0]                       ; 0.872             ;
; SOC:u0|SOC_NIOS:nios|SOC_NIOS_cpu:cpu|SOC_NIOS_cpu_nios2_oci:the_SOC_NIOS_cpu_nios2_oci|SOC_NIOS_cpu_debug_slave_wrapper:the_SOC_NIOS_cpu_debug_slave_wrapper|SOC_NIOS_cpu_debug_slave_tck:the_SOC_NIOS_cpu_debug_slave_tck|sr[29]                                                                                                                       ; SOC:u0|SOC_NIOS:nios|SOC_NIOS_cpu:cpu|SOC_NIOS_cpu_nios2_oci:the_SOC_NIOS_cpu_nios2_oci|SOC_NIOS_cpu_debug_slave_wrapper:the_SOC_NIOS_cpu_debug_slave_wrapper|SOC_NIOS_cpu_debug_slave_tck:the_SOC_NIOS_cpu_debug_slave_tck|sr[28]                                                                                                                   ; 0.862             ;
; SOC:u0|SOC_NIOS:nios|SOC_NIOS_cpu:cpu|SOC_NIOS_cpu_nios2_oci:the_SOC_NIOS_cpu_nios2_oci|SOC_NIOS_cpu_debug_slave_wrapper:the_SOC_NIOS_cpu_debug_slave_wrapper|SOC_NIOS_cpu_debug_slave_tck:the_SOC_NIOS_cpu_debug_slave_tck|sr[15]                                                                                                                       ; SOC:u0|SOC_NIOS:nios|SOC_NIOS_cpu:cpu|SOC_NIOS_cpu_nios2_oci:the_SOC_NIOS_cpu_nios2_oci|SOC_NIOS_cpu_debug_slave_wrapper:the_SOC_NIOS_cpu_debug_slave_wrapper|SOC_NIOS_cpu_debug_slave_tck:the_SOC_NIOS_cpu_debug_slave_tck|sr[14]                                                                                                                   ; 0.834             ;
; SOC:u0|SOC_NIOS:nios|SOC_NIOS_cpu:cpu|SOC_NIOS_cpu_nios2_oci:the_SOC_NIOS_cpu_nios2_oci|SOC_NIOS_cpu_debug_slave_wrapper:the_SOC_NIOS_cpu_debug_slave_wrapper|SOC_NIOS_cpu_debug_slave_tck:the_SOC_NIOS_cpu_debug_slave_tck|sr[17]                                                                                                                       ; SOC:u0|SOC_NIOS:nios|SOC_NIOS_cpu:cpu|SOC_NIOS_cpu_nios2_oci:the_SOC_NIOS_cpu_nios2_oci|SOC_NIOS_cpu_debug_slave_wrapper:the_SOC_NIOS_cpu_debug_slave_wrapper|SOC_NIOS_cpu_debug_slave_tck:the_SOC_NIOS_cpu_debug_slave_tck|sr[16]                                                                                                                   ; 0.822             ;
; altera_reserved_tms                                                                                                                                                                                                                                                                                                                                      ; sld_hub:auto_hub|alt_sld_fab_with_jtag_input:\instrumentation_fabric_with_node_gen:fabric_gen_new_way:with_jtag_input_gen:instrumentation_fabric|alt_sld_fab:instrumentation_fabric|alt_sld_fab_alt_sld_fab:alt_sld_fab|alt_sld_fab_alt_sld_fab_sldfabric:sldfabric|sld_jtag_hub:\jtag_hub_gen:real_sld_jtag_hub|sld_shadow_jsm:shadow_jsm|state[7]  ; 0.815             ;
+----------------------------------------------------------------------------------------------------------------------------------------------------------------------------------------------------------------------------------------------------------------------------------------------------------------------------------------------------------+------------------------------------------------------------------------------------------------------------------------------------------------------------------------------------------------------------------------------------------------------------------------------------------------------------------------------------------------------+-------------------+
Note: This table only shows the top 100 path(s) that have the largest delay added for hold.


+-----------------+
; Fitter Messages ;
+-----------------+
Warning (18236): Number of processors has not been specified which may cause overloading on shared machines.  Set the global assignment NUM_PARALLEL_PROCESSORS in your QSF to an appropriate value for best performance.
Info (20030): Parallel compilation is enabled and will use 16 of the 16 processors detected
Info (119006): Selected device 5CGXFC7C7F23C8 for design "SOC"
Info (21077): Low junction temperature is 0 degrees C
Info (21077): High junction temperature is 85 degrees C
Info (171003): Fitter is performing an Auto Fit compilation, which may decrease Fitter effort to reduce compilation time
Warning (292013): Feature LogicLock is only available with a valid subscription license. You can purchase a software subscription to gain full access to this feature.
Warning (15714): Some pins have incomplete I/O assignments. Refer to the I/O Assignment Warnings report for details
Info (176045): Design uses memory blocks. Violating setup or hold times of memory block address registers for either read or write operations could cause memory contents to be corrupted. Make sure that all memory block address registers meet the setup and hold time requirements.
Critical Warning (169085): No exact pin location assignment(s) for 12 pins of 12 total pins. For the list of pins please refer to the I/O Assignment Warnings table in the fitter report.
Info (184020): Starting Fitter periphery placement operations
Info (11178): Promoted 1 clock (1 global)
    Info (11162): CLOCK_50~inputCLKENA0 with 2575 fanout uses global clock CLKCTRL_G9
Info (184021): Fitter periphery placement operations ending: elapsed time is 00:00:00
Info (176233): Starting register packing
Info (332164): Evaluating HDL-embedded SDC commands
    Info (332165): Entity GHVD5181
        Info (332166): set_disable_timing [get_cells -hierarchical QXXQ6833_0]
        Info (332166): set_disable_timing [get_cells -hierarchical JEQQ5299_0]
        Info (332166): set_disable_timing [get_cells -hierarchical JEQQ5299_1]
        Info (332166): set_disable_timing [get_cells -hierarchical JEQQ5299_2]
        Info (332166): set_disable_timing [get_cells -hierarchical JEQQ5299_3]
        Info (332166): set_disable_timing [get_cells -hierarchical JEQQ5299_4]
        Info (332166): set_disable_timing [get_cells -hierarchical JEQQ5299_5]
        Info (332166): set_disable_timing [get_cells -hierarchical JEQQ5299_6]
        Info (332166): set_disable_timing [get_cells -hierarchical JEQQ5299_7]
        Info (332166): set_disable_timing [get_cells -hierarchical BITP7563_0]
    Info (332165): Entity altera_std_synchronizer
        Info (332166): set_false_path -to [get_keepers {*altera_std_synchronizer:*|din_s1}]
    Info (332165): Entity pzdyqx_impl
        Info (332166): set_false_path -from [get_keepers {altera_reserved_tdi}] -to [get_keepers {pzdyqx*}]
    Info (332165): Entity sld_hub
        Info (332166): create_clock -name altera_reserved_tck [get_ports {altera_reserved_tck}] -period 30MHz   
        Info (332166): if { [string equal quartus_fit $::TimeQuestInfo(nameofexecutable)] } { set_max_delay -to [get_ports { altera_reserved_tdo } ] 0 }
        Info (332166): set_clock_groups -asynchronous -group {altera_reserved_tck}
Info (332104): Reading SDC File: 'synthesis/submodules/altera_reset_controller.sdc'
Info (332104): Reading SDC File: 'synthesis/submodules/SOC_NIOS_cpu.sdc'
Warning (332060): Node: CLOCK_50 was determined to be a clock but was found without an associated clock assignment.
    Info (13166): Register SOC:u0|SOC_audio_and_video_config_0:audio_and_video_config_0|altera_up_av_config_serial_bus_controller:Serial_Bus_Controller|altera_up_slow_clock_generator:Serial_Config_Clock_Generator|new_clk is being clocked by CLOCK_50
Info (332143): No user constrained clock uncertainty found in the design. Calling "derive_clock_uncertainty"
Info (332123): Deriving Clock Uncertainty. Please refer to report_sdc in the Timing Analyzer to see clock uncertainties.
Info (332129): Detected timing requirements -- optimizing circuit to achieve only the specified requirements
Info (332111): Found 1 clocks
    Info (332111):   Period   Clock Name
    Info (332111): ======== ============
    Info (332111):   33.333 altera_reserved_tck
Info (176235): Finished register packing
    Extra Info (176218): Packed 2 registers into blocks of type Block RAM
    Extra Info (176218): Packed 80 registers into blocks of type DSP block
    Extra Info (176220): Created 16 register duplicates
Info (11798): Fitter preparation operations ending: elapsed time is 00:00:26
Info (170189): Fitter placement preparation operations beginning
Info (14951): The Fitter is using Advanced Physical Optimization.
Info (170190): Fitter placement preparation operations ending: elapsed time is 00:02:53
Info (170191): Fitter placement operations beginning
Info (170137): Fitter placement was successful
Info (170192): Fitter placement operations ending: elapsed time is 00:00:12
Info (170193): Fitter routing operations beginning
Info (170195): Router estimated average interconnect usage is 1% of the available device resources
    Info (170196): Router estimated peak interconnect usage is 16% of the available device resources in the region that extends from location X33_Y0 to location X44_Y10
Info (170199): The Fitter performed an Auto Fit compilation.  Optimizations were skipped to reduce compilation time.
    Info (170201): Optimizations that may affect the design's routability were skipped
Info (170194): Fitter routing operations ending: elapsed time is 00:00:19
Info (11888): Total time spent on timing analysis during the Fitter is 7.12 seconds.
Info (334003): Started post-fitting delay annotation
Info (334004): Delay annotation completed successfully
Info (334003): Started post-fitting delay annotation
Info (334004): Delay annotation completed successfully
Info (11801): Fitter post-fit operations ending: elapsed time is 00:00:30
Warning (169064): Following 3 pins have no output enable or a GND or VCC output enable - later changes to this connectivity may change fitting results
    Info (169065): Pin AUD_ADCLRCK has a permanently disabled output enable File: C:/Users/hp/Documents/Quartus/SOC/top.sv Line: 11
    Info (169065): Pin AUD_DACLRCK has a permanently disabled output enable File: C:/Users/hp/Documents/Quartus/SOC/top.sv Line: 12
    Info (169065): Pin AUD_BCLK has a permanently disabled output enable File: C:/Users/hp/Documents/Quartus/SOC/top.sv Line: 15
Info (144001): Generated suppressed messages file C:/Users/hp/Documents/Quartus/SOC/output_files/SOC.fit.smsg
Info: Quartus Prime Fitter was successful. 0 errors, 6 warnings
    Info: Peak virtual memory: 8022 megabytes
    Info: Processing ended: Tue Nov 25 02:41:15 2025
    Info: Elapsed time: 00:08:49
    Info: Total CPU time (on all processors): 00:48:46


+----------------------------+
; Fitter Suppressed Messages ;
+----------------------------+
The suppressed messages can be found in C:/Users/hp/Documents/Quartus/SOC/output_files/SOC.fit.smsg.


